filename,audio_path,actor_id,sentence_code,emotion_code,emotion
1002_DFA_ANG_XX.wav,data/raw/CREMA-D/AudioWAV/1002_DFA_ANG_XX.wav,1002,DFA,ANG,angry
1002_DFA_DIS_XX.wav,data/raw/CREMA-D/AudioWAV/1002_DFA_DIS_XX.wav,1002,DFA,DIS,disgust
1002_DFA_FEA_XX.wav,data/raw/CREMA-D/AudioWAV/1002_DFA_FEA_XX.wav,1002,DFA,FEA,fear
1002_DFA_HAP_XX.wav,data/raw/CREMA-D/AudioWAV/1002_DFA_HAP_XX.wav,1002,DFA,HAP,happy
1002_DFA_NEU_XX.wav,data/raw/CREMA-D/AudioWAV/1002_DFA_NEU_XX.wav,1002,DFA,NEU,neutral
1002_DFA_SAD_XX.wav,data/raw/CREMA-D/AudioWAV/1002_DFA_SAD_XX.wav,1002,DFA,SAD,sad
1002_IEO_ANG_HI.wav,data/raw/CREMA-D/AudioWAV/1002_IEO_ANG_HI.wav,1002,IEO,ANG,angry
1002_IEO_ANG_LO.wav,data/raw/CREMA-D/AudioWAV/1002_IEO_ANG_LO.wav,1002,IEO,ANG,angry
1002_IEO_ANG_MD.wav,data/raw/CREMA-D/AudioWAV/1002_IEO_ANG_MD.wav,1002,IEO,ANG,angry
1002_IEO_DIS_HI.wav,data/raw/CREMA-D/AudioWAV/1002_IEO_DIS_HI.wav,1002,IEO,DIS,disgust
1002_IEO_DIS_LO.wav,data/raw/CREMA-D/AudioWAV/1002_IEO_DIS_LO.wav,1002,IEO,DIS,disgust
1002_IEO_DIS_MD.wav,data/raw/CREMA-D/AudioWAV/1002_IEO_DIS_MD.wav,1002,IEO,DIS,disgust
1002_IEO_FEA_HI.wav,data/raw/CREMA-D/AudioWAV/1002_IEO_FEA_HI.wav,1002,IEO,FEA,fear
1002_IEO_FEA_LO.wav,data/raw/CREMA-D/AudioWAV/1002_IEO_FEA_LO.wav,1002,IEO,FEA,fear
1002_IEO_FEA_MD.wav,data/raw/CREMA-D/AudioWAV/1002_IEO_FEA_MD.wav,1002,IEO,FEA,fear
1002_IEO_HAP_HI.wav,data/raw/CREMA-D/AudioWAV/1002_IEO_HAP_HI.wav,1002,IEO,HAP,happy
1002_IEO_HAP_LO.wav,data/raw/CREMA-D/AudioWAV/1002_IEO_HAP_LO.wav,1002,IEO,HAP,happy
1002_IEO_HAP_MD.wav,data/raw/CREMA-D/AudioWAV/1002_IEO_HAP_MD.wav,1002,IEO,HAP,happy
1002_IEO_NEU_XX.wav,data/raw/CREMA-D/AudioWAV/1002_IEO_NEU_XX.wav,1002,IEO,NEU,neutral
1002_IEO_SAD_HI.wav,data/raw/CREMA-D/AudioWAV/1002_IEO_SAD_HI.wav,1002,IEO,SAD,sad
1002_IEO_SAD_LO.wav,data/raw/CREMA-D/AudioWAV/1002_IEO_SAD_LO.wav,1002,IEO,SAD,sad
1002_IEO_SAD_MD.wav,data/raw/CREMA-D/AudioWAV/1002_IEO_SAD_MD.wav,1002,IEO,SAD,sad
1002_IOM_ANG_XX.wav,data/raw/CREMA-D/AudioWAV/1002_IOM_ANG_XX.wav,1002,IOM,ANG,angry
1002_IOM_DIS_XX.wav,data/raw/CREMA-D/AudioWAV/1002_IOM_DIS_XX.wav,1002,IOM,DIS,disgust
1002_IOM_FEA_XX.wav,data/raw/CREMA-D/AudioWAV/1002_IOM_FEA_XX.wav,1002,IOM,FEA,fear
1002_IOM_HAP_XX.wav,data/raw/CREMA-D/AudioWAV/1002_IOM_HAP_XX.wav,1002,IOM,HAP,happy
1002_IOM_NEU_XX.wav,data/raw/CREMA-D/AudioWAV/1002_IOM_NEU_XX.wav,1002,IOM,NEU,neutral
1002_IOM_SAD_XX.wav,data/raw/CREMA-D/AudioWAV/1002_IOM_SAD_XX.wav,1002,IOM,SAD,sad
1002_ITH_ANG_XX.wav,data/raw/CREMA-D/AudioWAV/1002_ITH_ANG_XX.wav,1002,ITH,ANG,angry
1002_ITH_DIS_XX.wav,data/raw/CREMA-D/AudioWAV/1002_ITH_DIS_XX.wav,1002,ITH,DIS,disgust
1002_ITH_FEA_XX.wav,data/raw/CREMA-D/AudioWAV/1002_ITH_FEA_XX.wav,1002,ITH,FEA,fear
1002_ITH_HAP_XX.wav,data/raw/CREMA-D/AudioWAV/1002_ITH_HAP_XX.wav,1002,ITH,HAP,happy
1002_ITH_NEU_XX.wav,data/raw/CREMA-D/AudioWAV/1002_ITH_NEU_XX.wav,1002,ITH,NEU,neutral
1002_ITH_SAD_XX.wav,data/raw/CREMA-D/AudioWAV/1002_ITH_SAD_XX.wav,1002,ITH,SAD,sad
1002_ITS_ANG_XX.wav,data/raw/CREMA-D/AudioWAV/1002_ITS_ANG_XX.wav,1002,ITS,ANG,angry
1002_ITS_DIS_XX.wav,data/raw/CREMA-D/AudioWAV/1002_ITS_DIS_XX.wav,1002,ITS,DIS,disgust
1002_ITS_FEA_XX.wav,data/raw/CREMA-D/AudioWAV/1002_ITS_FEA_XX.wav,1002,ITS,FEA,fear
1002_ITS_HAP_XX.wav,data/raw/CREMA-D/AudioWAV/1002_ITS_HAP_XX.wav,1002,ITS,HAP,happy
1002_ITS_NEU_XX.wav,data/raw/CREMA-D/AudioWAV/1002_ITS_NEU_XX.wav,1002,ITS,NEU,neutral
1002_ITS_SAD_XX.wav,data/raw/CREMA-D/AudioWAV/1002_ITS_SAD_XX.wav,1002,ITS,SAD,sad
1002_IWL_ANG_XX.wav,data/raw/CREMA-D/AudioWAV/1002_IWL_ANG_XX.wav,1002,IWL,ANG,angry
1002_IWL_DIS_XX.wav,data/raw/CREMA-D/AudioWAV/1002_IWL_DIS_XX.wav,1002,IWL,DIS,disgust
1002_IWL_FEA_XX.wav,data/raw/CREMA-D/AudioWAV/1002_IWL_FEA_XX.wav,1002,IWL,FEA,fear
1002_IWL_HAP_XX.wav,data/raw/CREMA-D/AudioWAV/1002_IWL_HAP_XX.wav,1002,IWL,HAP,happy
1002_IWL_NEU_XX.wav,data/raw/CREMA-D/AudioWAV/1002_IWL_NEU_XX.wav,1002,IWL,NEU,neutral
1002_IWL_SAD_XX.wav,data/raw/CREMA-D/AudioWAV/1002_IWL_SAD_XX.wav,1002,IWL,SAD,sad
1002_IWW_ANG_XX.wav,data/raw/CREMA-D/AudioWAV/1002_IWW_ANG_XX.wav,1002,IWW,ANG,angry
1002_IWW_DIS_XX.wav,data/raw/CREMA-D/AudioWAV/1002_IWW_DIS_XX.wav,1002,IWW,DIS,disgust
1002_IWW_FEA_XX.wav,data/raw/CREMA-D/AudioWAV/1002_IWW_FEA_XX.wav,1002,IWW,FEA,fear
1002_IWW_HAP_XX.wav,data/raw/CREMA-D/AudioWAV/1002_IWW_HAP_XX.wav,1002,IWW,HAP,happy
1002_IWW_NEU_XX.wav,data/raw/CREMA-D/AudioWAV/1002_IWW_NEU_XX.wav,1002,IWW,NEU,neutral
1002_IWW_SAD_XX.wav,data/raw/CREMA-D/AudioWAV/1002_IWW_SAD_XX.wav,1002,IWW,SAD,sad
1002_MTI_ANG_XX.wav,data/raw/CREMA-D/AudioWAV/1002_MTI_ANG_XX.wav,1002,MTI,ANG,angry
1002_MTI_DIS_XX.wav,data/raw/CREMA-D/AudioWAV/1002_MTI_DIS_XX.wav,1002,MTI,DIS,disgust
1002_MTI_FEA_XX.wav,data/raw/CREMA-D/AudioWAV/1002_MTI_FEA_XX.wav,1002,MTI,FEA,fear
1002_MTI_HAP_XX.wav,data/raw/CREMA-D/AudioWAV/1002_MTI_HAP_XX.wav,1002,MTI,HAP,happy
1002_MTI_NEU_XX.wav,data/raw/CREMA-D/AudioWAV/1002_MTI_NEU_XX.wav,1002,MTI,NEU,neutral
1002_MTI_SAD_XX.wav,data/raw/CREMA-D/AudioWAV/1002_MTI_SAD_XX.wav,1002,MTI,SAD,sad
1002_TAI_ANG_XX.wav,data/raw/CREMA-D/AudioWAV/1002_TAI_ANG_XX.wav,1002,TAI,ANG,angry
1002_TAI_DIS_XX.wav,data/raw/CREMA-D/AudioWAV/1002_TAI_DIS_XX.wav,1002,TAI,DIS,disgust
1002_TAI_FEA_XX.wav,data/raw/CREMA-D/AudioWAV/1002_TAI_FEA_XX.wav,1002,TAI,FEA,fear
1002_TAI_HAP_XX.wav,data/raw/CREMA-D/AudioWAV/1002_TAI_HAP_XX.wav,1002,TAI,HAP,happy
1002_TAI_NEU_XX.wav,data/raw/CREMA-D/AudioWAV/1002_TAI_NEU_XX.wav,1002,TAI,NEU,neutral
1002_TAI_SAD_XX.wav,data/raw/CREMA-D/AudioWAV/1002_TAI_SAD_XX.wav,1002,TAI,SAD,sad
1002_TIE_ANG_XX.wav,data/raw/CREMA-D/AudioWAV/1002_TIE_ANG_XX.wav,1002,TIE,ANG,angry
1002_TIE_DIS_XX.wav,data/raw/CREMA-D/AudioWAV/1002_TIE_DIS_XX.wav,1002,TIE,DIS,disgust
1002_TIE_FEA_XX.wav,data/raw/CREMA-D/AudioWAV/1002_TIE_FEA_XX.wav,1002,TIE,FEA,fear
1002_TIE_HAP_XX.wav,data/raw/CREMA-D/AudioWAV/1002_TIE_HAP_XX.wav,1002,TIE,HAP,happy
1002_TIE_SAD_XX.wav,data/raw/CREMA-D/AudioWAV/1002_TIE_SAD_XX.wav,1002,TIE,SAD,sad
1002_TSI_ANG_XX.wav,data/raw/CREMA-D/AudioWAV/1002_TSI_ANG_XX.wav,1002,TSI,ANG,angry
1002_TSI_DIS_XX.wav,data/raw/CREMA-D/AudioWAV/1002_TSI_DIS_XX.wav,1002,TSI,DIS,disgust
1002_TSI_FEA_XX.wav,data/raw/CREMA-D/AudioWAV/1002_TSI_FEA_XX.wav,1002,TSI,FEA,fear
1002_TSI_HAP_XX.wav,data/raw/CREMA-D/AudioWAV/1002_TSI_HAP_XX.wav,1002,TSI,HAP,happy
1002_TSI_NEU_XX.wav,data/raw/CREMA-D/AudioWAV/1002_TSI_NEU_XX.wav,1002,TSI,NEU,neutral
1002_TSI_SAD_XX.wav,data/raw/CREMA-D/AudioWAV/1002_TSI_SAD_XX.wav,1002,TSI,SAD,sad
1002_WSI_ANG_XX.wav,data/raw/CREMA-D/AudioWAV/1002_WSI_ANG_XX.wav,1002,WSI,ANG,angry
1002_WSI_DIS_XX.wav,data/raw/CREMA-D/AudioWAV/1002_WSI_DIS_XX.wav,1002,WSI,DIS,disgust
1002_WSI_FEA_XX.wav,data/raw/CREMA-D/AudioWAV/1002_WSI_FEA_XX.wav,1002,WSI,FEA,fear
1002_WSI_HAP_XX.wav,data/raw/CREMA-D/AudioWAV/1002_WSI_HAP_XX.wav,1002,WSI,HAP,happy
1002_WSI_NEU_XX.wav,data/raw/CREMA-D/AudioWAV/1002_WSI_NEU_XX.wav,1002,WSI,NEU,neutral
1002_WSI_SAD_XX.wav,data/raw/CREMA-D/AudioWAV/1002_WSI_SAD_XX.wav,1002,WSI,SAD,sad
1003_DFA_ANG_XX.wav,data/raw/CREMA-D/AudioWAV/1003_DFA_ANG_XX.wav,1003,DFA,ANG,angry
1003_DFA_DIS_XX.wav,data/raw/CREMA-D/AudioWAV/1003_DFA_DIS_XX.wav,1003,DFA,DIS,disgust
1003_DFA_FEA_XX.wav,data/raw/CREMA-D/AudioWAV/1003_DFA_FEA_XX.wav,1003,DFA,FEA,fear
1003_DFA_HAP_XX.wav,data/raw/CREMA-D/AudioWAV/1003_DFA_HAP_XX.wav,1003,DFA,HAP,happy
1003_DFA_NEU_XX.wav,data/raw/CREMA-D/AudioWAV/1003_DFA_NEU_XX.wav,1003,DFA,NEU,neutral
1003_DFA_SAD_XX.wav,data/raw/CREMA-D/AudioWAV/1003_DFA_SAD_XX.wav,1003,DFA,SAD,sad
1003_IEO_ANG_HI.wav,data/raw/CREMA-D/AudioWAV/1003_IEO_ANG_HI.wav,1003,IEO,ANG,angry
1003_IEO_ANG_LO.wav,data/raw/CREMA-D/AudioWAV/1003_IEO_ANG_LO.wav,1003,IEO,ANG,angry
1003_IEO_ANG_MD.wav,data/raw/CREMA-D/AudioWAV/1003_IEO_ANG_MD.wav,1003,IEO,ANG,angry
1003_IEO_DIS_HI.wav,data/raw/CREMA-D/AudioWAV/1003_IEO_DIS_HI.wav,1003,IEO,DIS,disgust
1003_IEO_DIS_LO.wav,data/raw/CREMA-D/AudioWAV/1003_IEO_DIS_LO.wav,1003,IEO,DIS,disgust
1003_IEO_DIS_MD.wav,data/raw/CREMA-D/AudioWAV/1003_IEO_DIS_MD.wav,1003,IEO,DIS,disgust
1003_IEO_FEA_HI.wav,data/raw/CREMA-D/AudioWAV/1003_IEO_FEA_HI.wav,1003,IEO,FEA,fear
1003_IEO_FEA_LO.wav,data/raw/CREMA-D/AudioWAV/1003_IEO_FEA_LO.wav,1003,IEO,FEA,fear
1003_IEO_FEA_MD.wav,data/raw/CREMA-D/AudioWAV/1003_IEO_FEA_MD.wav,1003,IEO,FEA,fear
1003_IEO_HAP_HI.wav,data/raw/CREMA-D/AudioWAV/1003_IEO_HAP_HI.wav,1003,IEO,HAP,happy
1003_IEO_HAP_LO.wav,data/raw/CREMA-D/AudioWAV/1003_IEO_HAP_LO.wav,1003,IEO,HAP,happy
1003_IEO_HAP_MD.wav,data/raw/CREMA-D/AudioWAV/1003_IEO_HAP_MD.wav,1003,IEO,HAP,happy
1003_IEO_NEU_XX.wav,data/raw/CREMA-D/AudioWAV/1003_IEO_NEU_XX.wav,1003,IEO,NEU,neutral
1003_IEO_SAD_HI.wav,data/raw/CREMA-D/AudioWAV/1003_IEO_SAD_HI.wav,1003,IEO,SAD,sad
1003_IEO_SAD_LO.wav,data/raw/CREMA-D/AudioWAV/1003_IEO_SAD_LO.wav,1003,IEO,SAD,sad
1003_IEO_SAD_MD.wav,data/raw/CREMA-D/AudioWAV/1003_IEO_SAD_MD.wav,1003,IEO,SAD,sad
1003_IOM_ANG_XX.wav,data/raw/CREMA-D/AudioWAV/1003_IOM_ANG_XX.wav,1003,IOM,ANG,angry
1003_IOM_DIS_XX.wav,data/raw/CREMA-D/AudioWAV/1003_IOM_DIS_XX.wav,1003,IOM,DIS,disgust
1003_IOM_FEA_XX.wav,data/raw/CREMA-D/AudioWAV/1003_IOM_FEA_XX.wav,1003,IOM,FEA,fear
1003_IOM_HAP_XX.wav,data/raw/CREMA-D/AudioWAV/1003_IOM_HAP_XX.wav,1003,IOM,HAP,happy
1003_IOM_NEU_XX.wav,data/raw/CREMA-D/AudioWAV/1003_IOM_NEU_XX.wav,1003,IOM,NEU,neutral
1003_IOM_SAD_XX.wav,data/raw/CREMA-D/AudioWAV/1003_IOM_SAD_XX.wav,1003,IOM,SAD,sad
1003_ITH_ANG_XX.wav,data/raw/CREMA-D/AudioWAV/1003_ITH_ANG_XX.wav,1003,ITH,ANG,angry
1003_ITH_DIS_XX.wav,data/raw/CREMA-D/AudioWAV/1003_ITH_DIS_XX.wav,1003,ITH,DIS,disgust
1003_ITH_FEA_XX.wav,data/raw/CREMA-D/AudioWAV/1003_ITH_FEA_XX.wav,1003,ITH,FEA,fear
1003_ITH_HAP_XX.wav,data/raw/CREMA-D/AudioWAV/1003_ITH_HAP_XX.wav,1003,ITH,HAP,happy
1003_ITH_NEU_XX.wav,data/raw/CREMA-D/AudioWAV/1003_ITH_NEU_XX.wav,1003,ITH,NEU,neutral
1003_ITH_SAD_XX.wav,data/raw/CREMA-D/AudioWAV/1003_ITH_SAD_XX.wav,1003,ITH,SAD,sad
1003_ITS_ANG_XX.wav,data/raw/CREMA-D/AudioWAV/1003_ITS_ANG_XX.wav,1003,ITS,ANG,angry
1003_ITS_DIS_XX.wav,data/raw/CREMA-D/AudioWAV/1003_ITS_DIS_XX.wav,1003,ITS,DIS,disgust
1003_ITS_FEA_XX.wav,data/raw/CREMA-D/AudioWAV/1003_ITS_FEA_XX.wav,1003,ITS,FEA,fear
1003_ITS_HAP_XX.wav,data/raw/CREMA-D/AudioWAV/1003_ITS_HAP_XX.wav,1003,ITS,HAP,happy
1003_ITS_NEU_XX.wav,data/raw/CREMA-D/AudioWAV/1003_ITS_NEU_XX.wav,1003,ITS,NEU,neutral
1003_ITS_SAD_XX.wav,data/raw/CREMA-D/AudioWAV/1003_ITS_SAD_XX.wav,1003,ITS,SAD,sad
1003_IWL_ANG_XX.wav,data/raw/CREMA-D/AudioWAV/1003_IWL_ANG_XX.wav,1003,IWL,ANG,angry
1003_IWL_DIS_XX.wav,data/raw/CREMA-D/AudioWAV/1003_IWL_DIS_XX.wav,1003,IWL,DIS,disgust
1003_IWL_FEA_XX.wav,data/raw/CREMA-D/AudioWAV/1003_IWL_FEA_XX.wav,1003,IWL,FEA,fear
1003_IWL_HAP_XX.wav,data/raw/CREMA-D/AudioWAV/1003_IWL_HAP_XX.wav,1003,IWL,HAP,happy
1003_IWL_NEU_XX.wav,data/raw/CREMA-D/AudioWAV/1003_IWL_NEU_XX.wav,1003,IWL,NEU,neutral
1003_IWL_SAD_XX.wav,data/raw/CREMA-D/AudioWAV/1003_IWL_SAD_XX.wav,1003,IWL,SAD,sad
1003_IWW_ANG_XX.wav,data/raw/CREMA-D/AudioWAV/1003_IWW_ANG_XX.wav,1003,IWW,ANG,angry
1003_IWW_DIS_XX.wav,data/raw/CREMA-D/AudioWAV/1003_IWW_DIS_XX.wav,1003,IWW,DIS,disgust
1003_IWW_FEA_XX.wav,data/raw/CREMA-D/AudioWAV/1003_IWW_FEA_XX.wav,1003,IWW,FEA,fear
1003_IWW_HAP_XX.wav,data/raw/CREMA-D/AudioWAV/1003_IWW_HAP_XX.wav,1003,IWW,HAP,happy
1003_IWW_NEU_XX.wav,data/raw/CREMA-D/AudioWAV/1003_IWW_NEU_XX.wav,1003,IWW,NEU,neutral
1003_IWW_SAD_XX.wav,data/raw/CREMA-D/AudioWAV/1003_IWW_SAD_XX.wav,1003,IWW,SAD,sad
1003_MTI_ANG_XX.wav,data/raw/CREMA-D/AudioWAV/1003_MTI_ANG_XX.wav,1003,MTI,ANG,angry
1003_MTI_DIS_XX.wav,data/raw/CREMA-D/AudioWAV/1003_MTI_DIS_XX.wav,1003,MTI,DIS,disgust
1003_MTI_FEA_XX.wav,data/raw/CREMA-D/AudioWAV/1003_MTI_FEA_XX.wav,1003,MTI,FEA,fear
1003_MTI_HAP_XX.wav,data/raw/CREMA-D/AudioWAV/1003_MTI_HAP_XX.wav,1003,MTI,HAP,happy
1003_MTI_NEU_XX.wav,data/raw/CREMA-D/AudioWAV/1003_MTI_NEU_XX.wav,1003,MTI,NEU,neutral
1003_MTI_SAD_XX.wav,data/raw/CREMA-D/AudioWAV/1003_MTI_SAD_XX.wav,1003,MTI,SAD,sad
1003_TAI_ANG_XX.wav,data/raw/CREMA-D/AudioWAV/1003_TAI_ANG_XX.wav,1003,TAI,ANG,angry
1003_TAI_DIS_XX.wav,data/raw/CREMA-D/AudioWAV/1003_TAI_DIS_XX.wav,1003,TAI,DIS,disgust
1003_TAI_FEA_XX.wav,data/raw/CREMA-D/AudioWAV/1003_TAI_FEA_XX.wav,1003,TAI,FEA,fear
1003_TAI_HAP_XX.wav,data/raw/CREMA-D/AudioWAV/1003_TAI_HAP_XX.wav,1003,TAI,HAP,happy
1003_TAI_NEU_XX.wav,data/raw/CREMA-D/AudioWAV/1003_TAI_NEU_XX.wav,1003,TAI,NEU,neutral
1003_TAI_SAD_XX.wav,data/raw/CREMA-D/AudioWAV/1003_TAI_SAD_XX.wav,1003,TAI,SAD,sad
1003_TIE_ANG_XX.wav,data/raw/CREMA-D/AudioWAV/1003_TIE_ANG_XX.wav,1003,TIE,ANG,angry
1003_TIE_DIS_XX.wav,data/raw/CREMA-D/AudioWAV/1003_TIE_DIS_XX.wav,1003,TIE,DIS,disgust
1003_TIE_FEA_XX.wav,data/raw/CREMA-D/AudioWAV/1003_TIE_FEA_XX.wav,1003,TIE,FEA,fear
1003_TIE_HAP_XX.wav,data/raw/CREMA-D/AudioWAV/1003_TIE_HAP_XX.wav,1003,TIE,HAP,happy
1003_TIE_NEU_XX.wav,data/raw/CREMA-D/AudioWAV/1003_TIE_NEU_XX.wav,1003,TIE,NEU,neutral
1003_TIE_SAD_XX.wav,data/raw/CREMA-D/AudioWAV/1003_TIE_SAD_XX.wav,1003,TIE,SAD,sad
1003_TSI_ANG_XX.wav,data/raw/CREMA-D/AudioWAV/1003_TSI_ANG_XX.wav,1003,TSI,ANG,angry
1003_TSI_DIS_XX.wav,data/raw/CREMA-D/AudioWAV/1003_TSI_DIS_XX.wav,1003,TSI,DIS,disgust
1003_TSI_FEA_XX.wav,data/raw/CREMA-D/AudioWAV/1003_TSI_FEA_XX.wav,1003,TSI,FEA,fear
1003_TSI_HAP_XX.wav,data/raw/CREMA-D/AudioWAV/1003_TSI_HAP_XX.wav,1003,TSI,HAP,happy
1003_TSI_NEU_XX.wav,data/raw/CREMA-D/AudioWAV/1003_TSI_NEU_XX.wav,1003,TSI,NEU,neutral
1003_TSI_SAD_XX.wav,data/raw/CREMA-D/AudioWAV/1003_TSI_SAD_XX.wav,1003,TSI,SAD,sad
1003_WSI_ANG_XX.wav,data/raw/CREMA-D/AudioWAV/1003_WSI_ANG_XX.wav,1003,WSI,ANG,angry
1003_WSI_DIS_XX.wav,data/raw/CREMA-D/AudioWAV/1003_WSI_DIS_XX.wav,1003,WSI,DIS,disgust
1003_WSI_FEA_XX.wav,data/raw/CREMA-D/AudioWAV/1003_WSI_FEA_XX.wav,1003,WSI,FEA,fear
1003_WSI_HAP_XX.wav,data/raw/CREMA-D/AudioWAV/1003_WSI_HAP_XX.wav,1003,WSI,HAP,happy
1003_WSI_NEU_XX.wav,data/raw/CREMA-D/AudioWAV/1003_WSI_NEU_XX.wav,1003,WSI,NEU,neutral
1003_WSI_SAD_XX.wav,data/raw/CREMA-D/AudioWAV/1003_WSI_SAD_XX.wav,1003,WSI,SAD,sad
1004_DFA_ANG_XX.wav,data/raw/CREMA-D/AudioWAV/1004_DFA_ANG_XX.wav,1004,DFA,ANG,angry
1004_DFA_DIS_XX.wav,data/raw/CREMA-D/AudioWAV/1004_DFA_DIS_XX.wav,1004,DFA,DIS,disgust
1004_DFA_FEA_XX.wav,data/raw/CREMA-D/AudioWAV/1004_DFA_FEA_XX.wav,1004,DFA,FEA,fear
1004_DFA_HAP_XX.wav,data/raw/CREMA-D/AudioWAV/1004_DFA_HAP_XX.wav,1004,DFA,HAP,happy
1004_DFA_NEU_XX.wav,data/raw/CREMA-D/AudioWAV/1004_DFA_NEU_XX.wav,1004,DFA,NEU,neutral
1004_DFA_SAD_XX.wav,data/raw/CREMA-D/AudioWAV/1004_DFA_SAD_XX.wav,1004,DFA,SAD,sad
1004_IEO_ANG_HI.wav,data/raw/CREMA-D/AudioWAV/1004_IEO_ANG_HI.wav,1004,IEO,ANG,angry
1004_IEO_ANG_LO.wav,data/raw/CREMA-D/AudioWAV/1004_IEO_ANG_LO.wav,1004,IEO,ANG,angry
1004_IEO_ANG_MD.wav,data/raw/CREMA-D/AudioWAV/1004_IEO_ANG_MD.wav,1004,IEO,ANG,angry
1004_IEO_DIS_HI.wav,data/raw/CREMA-D/AudioWAV/1004_IEO_DIS_HI.wav,1004,IEO,DIS,disgust
1004_IEO_DIS_LO.wav,data/raw/CREMA-D/AudioWAV/1004_IEO_DIS_LO.wav,1004,IEO,DIS,disgust
1004_IEO_DIS_MD.wav,data/raw/CREMA-D/AudioWAV/1004_IEO_DIS_MD.wav,1004,IEO,DIS,disgust
1004_IEO_FEA_HI.wav,data/raw/CREMA-D/AudioWAV/1004_IEO_FEA_HI.wav,1004,IEO,FEA,fear
1004_IEO_FEA_LO.wav,data/raw/CREMA-D/AudioWAV/1004_IEO_FEA_LO.wav,1004,IEO,FEA,fear
1004_IEO_FEA_MD.wav,data/raw/CREMA-D/AudioWAV/1004_IEO_FEA_MD.wav,1004,IEO,FEA,fear
1004_IEO_HAP_HI.wav,data/raw/CREMA-D/AudioWAV/1004_IEO_HAP_HI.wav,1004,IEO,HAP,happy
1004_IEO_HAP_LO.wav,data/raw/CREMA-D/AudioWAV/1004_IEO_HAP_LO.wav,1004,IEO,HAP,happy
1004_IEO_HAP_MD.wav,data/raw/CREMA-D/AudioWAV/1004_IEO_HAP_MD.wav,1004,IEO,HAP,happy
1004_IEO_NEU_XX.wav,data/raw/CREMA-D/AudioWAV/1004_IEO_NEU_XX.wav,1004,IEO,NEU,neutral
1004_IEO_SAD_HI.wav,data/raw/CREMA-D/AudioWAV/1004_IEO_SAD_HI.wav,1004,IEO,SAD,sad
1004_IEO_SAD_LO.wav,data/raw/CREMA-D/AudioWAV/1004_IEO_SAD_LO.wav,1004,IEO,SAD,sad
1004_IEO_SAD_MD.wav,data/raw/CREMA-D/AudioWAV/1004_IEO_SAD_MD.wav,1004,IEO,SAD,sad
1004_IOM_ANG_XX.wav,data/raw/CREMA-D/AudioWAV/1004_IOM_ANG_XX.wav,1004,IOM,ANG,angry
1004_IOM_DIS_XX.wav,data/raw/CREMA-D/AudioWAV/1004_IOM_DIS_XX.wav,1004,IOM,DIS,disgust
1004_IOM_FEA_XX.wav,data/raw/CREMA-D/AudioWAV/1004_IOM_FEA_XX.wav,1004,IOM,FEA,fear
1004_IOM_HAP_XX.wav,data/raw/CREMA-D/AudioWAV/1004_IOM_HAP_XX.wav,1004,IOM,HAP,happy
1004_IOM_NEU_XX.wav,data/raw/CREMA-D/AudioWAV/1004_IOM_NEU_XX.wav,1004,IOM,NEU,neutral
1004_IOM_SAD_XX.wav,data/raw/CREMA-D/AudioWAV/1004_IOM_SAD_XX.wav,1004,IOM,SAD,sad
1004_ITH_ANG_XX.wav,data/raw/CREMA-D/AudioWAV/1004_ITH_ANG_XX.wav,1004,ITH,ANG,angry
1004_ITH_DIS_XX.wav,data/raw/CREMA-D/AudioWAV/1004_ITH_DIS_XX.wav,1004,ITH,DIS,disgust
1004_ITH_FEA_XX.wav,data/raw/CREMA-D/AudioWAV/1004_ITH_FEA_XX.wav,1004,ITH,FEA,fear
1004_ITH_HAP_XX.wav,data/raw/CREMA-D/AudioWAV/1004_ITH_HAP_XX.wav,1004,ITH,HAP,happy
1004_ITH_NEU_XX.wav,data/raw/CREMA-D/AudioWAV/1004_ITH_NEU_XX.wav,1004,ITH,NEU,neutral
1004_ITH_SAD_XX.wav,data/raw/CREMA-D/AudioWAV/1004_ITH_SAD_XX.wav,1004,ITH,SAD,sad
1004_ITS_ANG_XX.wav,data/raw/CREMA-D/AudioWAV/1004_ITS_ANG_XX.wav,1004,ITS,ANG,angry
1004_ITS_DIS_XX.wav,data/raw/CREMA-D/AudioWAV/1004_ITS_DIS_XX.wav,1004,ITS,DIS,disgust
1004_ITS_FEA_XX.wav,data/raw/CREMA-D/AudioWAV/1004_ITS_FEA_XX.wav,1004,ITS,FEA,fear
1004_ITS_HAP_XX.wav,data/raw/CREMA-D/AudioWAV/1004_ITS_HAP_XX.wav,1004,ITS,HAP,happy
1004_ITS_NEU_XX.wav,data/raw/CREMA-D/AudioWAV/1004_ITS_NEU_XX.wav,1004,ITS,NEU,neutral
1004_ITS_SAD_XX.wav,data/raw/CREMA-D/AudioWAV/1004_ITS_SAD_XX.wav,1004,ITS,SAD,sad
1004_IWL_ANG_XX.wav,data/raw/CREMA-D/AudioWAV/1004_IWL_ANG_XX.wav,1004,IWL,ANG,angry
1004_IWL_DIS_XX.wav,data/raw/CREMA-D/AudioWAV/1004_IWL_DIS_XX.wav,1004,IWL,DIS,disgust
1004_IWL_FEA_XX.wav,data/raw/CREMA-D/AudioWAV/1004_IWL_FEA_XX.wav,1004,IWL,FEA,fear
1004_IWL_HAP_XX.wav,data/raw/CREMA-D/AudioWAV/1004_IWL_HAP_XX.wav,1004,IWL,HAP,happy
1004_IWL_NEU_XX.wav,data/raw/CREMA-D/AudioWAV/1004_IWL_NEU_XX.wav,1004,IWL,NEU,neutral
1004_IWL_SAD_XX.wav,data/raw/CREMA-D/AudioWAV/1004_IWL_SAD_XX.wav,1004,IWL,SAD,sad
1004_IWW_ANG_XX.wav,data/raw/CREMA-D/AudioWAV/1004_IWW_ANG_XX.wav,1004,IWW,ANG,angry
1004_IWW_DIS_XX.wav,data/raw/CREMA-D/AudioWAV/1004_IWW_DIS_XX.wav,1004,IWW,DIS,disgust
1004_IWW_FEA_XX.wav,data/raw/CREMA-D/AudioWAV/1004_IWW_FEA_XX.wav,1004,IWW,FEA,fear
1004_IWW_HAP_XX.wav,data/raw/CREMA-D/AudioWAV/1004_IWW_HAP_XX.wav,1004,IWW,HAP,happy
1004_IWW_NEU_XX.wav,data/raw/CREMA-D/AudioWAV/1004_IWW_NEU_XX.wav,1004,IWW,NEU,neutral
1004_IWW_SAD_XX.wav,data/raw/CREMA-D/AudioWAV/1004_IWW_SAD_XX.wav,1004,IWW,SAD,sad
1004_MTI_ANG_XX.wav,data/raw/CREMA-D/AudioWAV/1004_MTI_ANG_XX.wav,1004,MTI,ANG,angry
1004_MTI_DIS_XX.wav,data/raw/CREMA-D/AudioWAV/1004_MTI_DIS_XX.wav,1004,MTI,DIS,disgust
1004_MTI_FEA_XX.wav,data/raw/CREMA-D/AudioWAV/1004_MTI_FEA_XX.wav,1004,MTI,FEA,fear
1004_MTI_HAP_XX.wav,data/raw/CREMA-D/AudioWAV/1004_MTI_HAP_XX.wav,1004,MTI,HAP,happy
1004_MTI_NEU_XX.wav,data/raw/CREMA-D/AudioWAV/1004_MTI_NEU_XX.wav,1004,MTI,NEU,neutral
1004_MTI_SAD_XX.wav,data/raw/CREMA-D/AudioWAV/1004_MTI_SAD_XX.wav,1004,MTI,SAD,sad
1004_TAI_ANG_XX.wav,data/raw/CREMA-D/AudioWAV/1004_TAI_ANG_XX.wav,1004,TAI,ANG,angry
1004_TAI_DIS_XX.wav,data/raw/CREMA-D/AudioWAV/1004_TAI_DIS_XX.wav,1004,TAI,DIS,disgust
1004_TAI_FEA_XX.wav,data/raw/CREMA-D/AudioWAV/1004_TAI_FEA_XX.wav,1004,TAI,FEA,fear
1004_TAI_HAP_XX.wav,data/raw/CREMA-D/AudioWAV/1004_TAI_HAP_XX.wav,1004,TAI,HAP,happy
1004_TAI_NEU_XX.wav,data/raw/CREMA-D/AudioWAV/1004_TAI_NEU_XX.wav,1004,TAI,NEU,neutral
1004_TAI_SAD_XX.wav,data/raw/CREMA-D/AudioWAV/1004_TAI_SAD_XX.wav,1004,TAI,SAD,sad
1004_TIE_ANG_XX.wav,data/raw/CREMA-D/AudioWAV/1004_TIE_ANG_XX.wav,1004,TIE,ANG,angry
1004_TIE_DIS_XX.wav,data/raw/CREMA-D/AudioWAV/1004_TIE_DIS_XX.wav,1004,TIE,DIS,disgust
1004_TIE_FEA_XX.wav,data/raw/CREMA-D/AudioWAV/1004_TIE_FEA_XX.wav,1004,TIE,FEA,fear
1004_TIE_HAP_XX.wav,data/raw/CREMA-D/AudioWAV/1004_TIE_HAP_XX.wav,1004,TIE,HAP,happy
1004_TIE_NEU_XX.wav,data/raw/CREMA-D/AudioWAV/1004_TIE_NEU_XX.wav,1004,TIE,NEU,neutral
1004_TIE_SAD_XX.wav,data/raw/CREMA-D/AudioWAV/1004_TIE_SAD_XX.wav,1004,TIE,SAD,sad
1004_TSI_ANG_XX.wav,data/raw/CREMA-D/AudioWAV/1004_TSI_ANG_XX.wav,1004,TSI,ANG,angry
1004_TSI_DIS_XX.wav,data/raw/CREMA-D/AudioWAV/1004_TSI_DIS_XX.wav,1004,TSI,DIS,disgust
1004_TSI_FEA_XX.wav,data/raw/CREMA-D/AudioWAV/1004_TSI_FEA_XX.wav,1004,TSI,FEA,fear
1004_TSI_HAP_XX.wav,data/raw/CREMA-D/AudioWAV/1004_TSI_HAP_XX.wav,1004,TSI,HAP,happy
1004_TSI_NEU_XX.wav,data/raw/CREMA-D/AudioWAV/1004_TSI_NEU_XX.wav,1004,TSI,NEU,neutral
1004_TSI_SAD_XX.wav,data/raw/CREMA-D/AudioWAV/1004_TSI_SAD_XX.wav,1004,TSI,SAD,sad
1004_WSI_ANG_XX.wav,data/raw/CREMA-D/AudioWAV/1004_WSI_ANG_XX.wav,1004,WSI,ANG,angry
1004_WSI_DIS_XX.wav,data/raw/CREMA-D/AudioWAV/1004_WSI_DIS_XX.wav,1004,WSI,DIS,disgust
1004_WSI_FEA_XX.wav,data/raw/CREMA-D/AudioWAV/1004_WSI_FEA_XX.wav,1004,WSI,FEA,fear
1004_WSI_HAP_XX.wav,data/raw/CREMA-D/AudioWAV/1004_WSI_HAP_XX.wav,1004,WSI,HAP,happy
1004_WSI_NEU_XX.wav,data/raw/CREMA-D/AudioWAV/1004_WSI_NEU_XX.wav,1004,WSI,NEU,neutral
1004_WSI_SAD_XX.wav,data/raw/CREMA-D/AudioWAV/1004_WSI_SAD_XX.wav,1004,WSI,SAD,sad
1006_DFA_ANG_XX.wav,data/raw/CREMA-D/AudioWAV/1006_DFA_ANG_XX.wav,1006,DFA,ANG,angry
1006_DFA_DIS_XX.wav,data/raw/CREMA-D/AudioWAV/1006_DFA_DIS_XX.wav,1006,DFA,DIS,disgust
1006_DFA_FEA_XX.wav,data/raw/CREMA-D/AudioWAV/1006_DFA_FEA_XX.wav,1006,DFA,FEA,fear
1006_DFA_HAP_XX.wav,data/raw/CREMA-D/AudioWAV/1006_DFA_HAP_XX.wav,1006,DFA,HAP,happy
1006_DFA_NEU_XX.wav,data/raw/CREMA-D/AudioWAV/1006_DFA_NEU_XX.wav,1006,DFA,NEU,neutral
1006_DFA_SAD_XX.wav,data/raw/CREMA-D/AudioWAV/1006_DFA_SAD_XX.wav,1006,DFA,SAD,sad
1006_IEO_ANG_HI.wav,data/raw/CREMA-D/AudioWAV/1006_IEO_ANG_HI.wav,1006,IEO,ANG,angry
1006_IEO_ANG_LO.wav,data/raw/CREMA-D/AudioWAV/1006_IEO_ANG_LO.wav,1006,IEO,ANG,angry
1006_IEO_ANG_MD.wav,data/raw/CREMA-D/AudioWAV/1006_IEO_ANG_MD.wav,1006,IEO,ANG,angry
1006_IEO_DIS_HI.wav,data/raw/CREMA-D/AudioWAV/1006_IEO_DIS_HI.wav,1006,IEO,DIS,disgust
1006_IEO_DIS_LO.wav,data/raw/CREMA-D/AudioWAV/1006_IEO_DIS_LO.wav,1006,IEO,DIS,disgust
1006_IEO_DIS_MD.wav,data/raw/CREMA-D/AudioWAV/1006_IEO_DIS_MD.wav,1006,IEO,DIS,disgust
1006_IEO_FEA_HI.wav,data/raw/CREMA-D/AudioWAV/1006_IEO_FEA_HI.wav,1006,IEO,FEA,fear
1006_IEO_FEA_LO.wav,data/raw/CREMA-D/AudioWAV/1006_IEO_FEA_LO.wav,1006,IEO,FEA,fear
1006_IEO_FEA_MD.wav,data/raw/CREMA-D/AudioWAV/1006_IEO_FEA_MD.wav,1006,IEO,FEA,fear
1006_IEO_HAP_HI.wav,data/raw/CREMA-D/AudioWAV/1006_IEO_HAP_HI.wav,1006,IEO,HAP,happy
1006_IEO_HAP_LO.wav,data/raw/CREMA-D/AudioWAV/1006_IEO_HAP_LO.wav,1006,IEO,HAP,happy
1006_IEO_HAP_MD.wav,data/raw/CREMA-D/AudioWAV/1006_IEO_HAP_MD.wav,1006,IEO,HAP,happy
1006_IEO_NEU_XX.wav,data/raw/CREMA-D/AudioWAV/1006_IEO_NEU_XX.wav,1006,IEO,NEU,neutral
1006_IEO_SAD_HI.wav,data/raw/CREMA-D/AudioWAV/1006_IEO_SAD_HI.wav,1006,IEO,SAD,sad
1006_IEO_SAD_LO.wav,data/raw/CREMA-D/AudioWAV/1006_IEO_SAD_LO.wav,1006,IEO,SAD,sad
1006_IEO_SAD_MD.wav,data/raw/CREMA-D/AudioWAV/1006_IEO_SAD_MD.wav,1006,IEO,SAD,sad
1006_IOM_ANG_XX.wav,data/raw/CREMA-D/AudioWAV/1006_IOM_ANG_XX.wav,1006,IOM,ANG,angry
1006_IOM_DIS_XX.wav,data/raw/CREMA-D/AudioWAV/1006_IOM_DIS_XX.wav,1006,IOM,DIS,disgust
1006_IOM_FEA_XX.wav,data/raw/CREMA-D/AudioWAV/1006_IOM_FEA_XX.wav,1006,IOM,FEA,fear
1006_IOM_HAP_XX.wav,data/raw/CREMA-D/AudioWAV/1006_IOM_HAP_XX.wav,1006,IOM,HAP,happy
1006_IOM_NEU_XX.wav,data/raw/CREMA-D/AudioWAV/1006_IOM_NEU_XX.wav,1006,IOM,NEU,neutral
1006_IOM_SAD_XX.wav,data/raw/CREMA-D/AudioWAV/1006_IOM_SAD_XX.wav,1006,IOM,SAD,sad
1006_ITH_ANG_XX.wav,data/raw/CREMA-D/AudioWAV/1006_ITH_ANG_XX.wav,1006,ITH,ANG,angry
1006_ITH_DIS_XX.wav,data/raw/CREMA-D/AudioWAV/1006_ITH_DIS_XX.wav,1006,ITH,DIS,disgust
1006_ITH_FEA_XX.wav,data/raw/CREMA-D/AudioWAV/1006_ITH_FEA_XX.wav,1006,ITH,FEA,fear
1006_ITH_HAP_XX.wav,data/raw/CREMA-D/AudioWAV/1006_ITH_HAP_XX.wav,1006,ITH,HAP,happy
1006_ITH_NEU_XX.wav,data/raw/CREMA-D/AudioWAV/1006_ITH_NEU_XX.wav,1006,ITH,NEU,neutral
1006_ITH_SAD_XX.wav,data/raw/CREMA-D/AudioWAV/1006_ITH_SAD_XX.wav,1006,ITH,SAD,sad
1006_ITS_ANG_XX.wav,data/raw/CREMA-D/AudioWAV/1006_ITS_ANG_XX.wav,1006,ITS,ANG,angry
1006_ITS_DIS_XX.wav,data/raw/CREMA-D/AudioWAV/1006_ITS_DIS_XX.wav,1006,ITS,DIS,disgust
1006_ITS_FEA_XX.wav,data/raw/CREMA-D/AudioWAV/1006_ITS_FEA_XX.wav,1006,ITS,FEA,fear
1006_ITS_HAP_XX.wav,data/raw/CREMA-D/AudioWAV/1006_ITS_HAP_XX.wav,1006,ITS,HAP,happy
1006_ITS_NEU_XX.wav,data/raw/CREMA-D/AudioWAV/1006_ITS_NEU_XX.wav,1006,ITS,NEU,neutral
1006_ITS_SAD_XX.wav,data/raw/CREMA-D/AudioWAV/1006_ITS_SAD_XX.wav,1006,ITS,SAD,sad
1006_IWL_ANG_XX.wav,data/raw/CREMA-D/AudioWAV/1006_IWL_ANG_XX.wav,1006,IWL,ANG,angry
1006_IWL_DIS_XX.wav,data/raw/CREMA-D/AudioWAV/1006_IWL_DIS_XX.wav,1006,IWL,DIS,disgust
1006_IWL_FEA_XX.wav,data/raw/CREMA-D/AudioWAV/1006_IWL_FEA_XX.wav,1006,IWL,FEA,fear
1006_IWL_HAP_XX.wav,data/raw/CREMA-D/AudioWAV/1006_IWL_HAP_XX.wav,1006,IWL,HAP,happy
1006_IWL_NEU_XX.wav,data/raw/CREMA-D/AudioWAV/1006_IWL_NEU_XX.wav,1006,IWL,NEU,neutral
1006_IWL_SAD_XX.wav,data/raw/CREMA-D/AudioWAV/1006_IWL_SAD_XX.wav,1006,IWL,SAD,sad
1006_IWW_ANG_XX.wav,data/raw/CREMA-D/AudioWAV/1006_IWW_ANG_XX.wav,1006,IWW,ANG,angry
1006_IWW_DIS_XX.wav,data/raw/CREMA-D/AudioWAV/1006_IWW_DIS_XX.wav,1006,IWW,DIS,disgust
1006_IWW_FEA_XX.wav,data/raw/CREMA-D/AudioWAV/1006_IWW_FEA_XX.wav,1006,IWW,FEA,fear
1006_IWW_HAP_XX.wav,data/raw/CREMA-D/AudioWAV/1006_IWW_HAP_XX.wav,1006,IWW,HAP,happy
1006_IWW_NEU_XX.wav,data/raw/CREMA-D/AudioWAV/1006_IWW_NEU_XX.wav,1006,IWW,NEU,neutral
1006_IWW_SAD_XX.wav,data/raw/CREMA-D/AudioWAV/1006_IWW_SAD_XX.wav,1006,IWW,SAD,sad
1006_MTI_ANG_XX.wav,data/raw/CREMA-D/AudioWAV/1006_MTI_ANG_XX.wav,1006,MTI,ANG,angry
1006_MTI_DIS_XX.wav,data/raw/CREMA-D/AudioWAV/1006_MTI_DIS_XX.wav,1006,MTI,DIS,disgust
1006_MTI_FEA_XX.wav,data/raw/CREMA-D/AudioWAV/1006_MTI_FEA_XX.wav,1006,MTI,FEA,fear
1006_MTI_HAP_XX.wav,data/raw/CREMA-D/AudioWAV/1006_MTI_HAP_XX.wav,1006,MTI,HAP,happy
1006_MTI_NEU_XX.wav,data/raw/CREMA-D/AudioWAV/1006_MTI_NEU_XX.wav,1006,MTI,NEU,neutral
1006_MTI_SAD_XX.wav,data/raw/CREMA-D/AudioWAV/1006_MTI_SAD_XX.wav,1006,MTI,SAD,sad
1006_TAI_ANG_XX.wav,data/raw/CREMA-D/AudioWAV/1006_TAI_ANG_XX.wav,1006,TAI,ANG,angry
1006_TAI_DIS_XX.wav,data/raw/CREMA-D/AudioWAV/1006_TAI_DIS_XX.wav,1006,TAI,DIS,disgust
1006_TAI_FEA_XX.wav,data/raw/CREMA-D/AudioWAV/1006_TAI_FEA_XX.wav,1006,TAI,FEA,fear
1006_TAI_HAP_XX.wav,data/raw/CREMA-D/AudioWAV/1006_TAI_HAP_XX.wav,1006,TAI,HAP,happy
1006_TAI_NEU_XX.wav,data/raw/CREMA-D/AudioWAV/1006_TAI_NEU_XX.wav,1006,TAI,NEU,neutral
1006_TAI_SAD_XX.wav,data/raw/CREMA-D/AudioWAV/1006_TAI_SAD_XX.wav,1006,TAI,SAD,sad
1006_TIE_ANG_XX.wav,data/raw/CREMA-D/AudioWAV/1006_TIE_ANG_XX.wav,1006,TIE,ANG,angry
1006_TIE_DIS_XX.wav,data/raw/CREMA-D/AudioWAV/1006_TIE_DIS_XX.wav,1006,TIE,DIS,disgust
1006_TIE_FEA_XX.wav,data/raw/CREMA-D/AudioWAV/1006_TIE_FEA_XX.wav,1006,TIE,FEA,fear
1006_TIE_HAP_XX.wav,data/raw/CREMA-D/AudioWAV/1006_TIE_HAP_XX.wav,1006,TIE,HAP,happy
1006_TIE_NEU_XX.wav,data/raw/CREMA-D/AudioWAV/1006_TIE_NEU_XX.wav,1006,TIE,NEU,neutral
1006_TIE_SAD_XX.wav,data/raw/CREMA-D/AudioWAV/1006_TIE_SAD_XX.wav,1006,TIE,SAD,sad
1006_TSI_ANG_XX.wav,data/raw/CREMA-D/AudioWAV/1006_TSI_ANG_XX.wav,1006,TSI,ANG,angry
1006_TSI_DIS_XX.wav,data/raw/CREMA-D/AudioWAV/1006_TSI_DIS_XX.wav,1006,TSI,DIS,disgust
1006_TSI_FEA_XX.wav,data/raw/CREMA-D/AudioWAV/1006_TSI_FEA_XX.wav,1006,TSI,FEA,fear
1006_TSI_HAP_XX.wav,data/raw/CREMA-D/AudioWAV/1006_TSI_HAP_XX.wav,1006,TSI,HAP,happy
1006_TSI_NEU_XX.wav,data/raw/CREMA-D/AudioWAV/1006_TSI_NEU_XX.wav,1006,TSI,NEU,neutral
1006_TSI_SAD_XX.wav,data/raw/CREMA-D/AudioWAV/1006_TSI_SAD_XX.wav,1006,TSI,SAD,sad
1006_WSI_ANG_XX.wav,data/raw/CREMA-D/AudioWAV/1006_WSI_ANG_XX.wav,1006,WSI,ANG,angry
1006_WSI_DIS_XX.wav,data/raw/CREMA-D/AudioWAV/1006_WSI_DIS_XX.wav,1006,WSI,DIS,disgust
1006_WSI_FEA_XX.wav,data/raw/CREMA-D/AudioWAV/1006_WSI_FEA_XX.wav,1006,WSI,FEA,fear
1006_WSI_HAP_XX.wav,data/raw/CREMA-D/AudioWAV/1006_WSI_HAP_XX.wav,1006,WSI,HAP,happy
1006_WSI_NEU_XX.wav,data/raw/CREMA-D/AudioWAV/1006_WSI_NEU_XX.wav,1006,WSI,NEU,neutral
1006_WSI_SAD_XX.wav,data/raw/CREMA-D/AudioWAV/1006_WSI_SAD_XX.wav,1006,WSI,SAD,sad
1007_DFA_ANG_XX.wav,data/raw/CREMA-D/AudioWAV/1007_DFA_ANG_XX.wav,1007,DFA,ANG,angry
1007_DFA_DIS_XX.wav,data/raw/CREMA-D/AudioWAV/1007_DFA_DIS_XX.wav,1007,DFA,DIS,disgust
1007_DFA_FEA_XX.wav,data/raw/CREMA-D/AudioWAV/1007_DFA_FEA_XX.wav,1007,DFA,FEA,fear
1007_DFA_HAP_XX.wav,data/raw/CREMA-D/AudioWAV/1007_DFA_HAP_XX.wav,1007,DFA,HAP,happy
1007_DFA_NEU_XX.wav,data/raw/CREMA-D/AudioWAV/1007_DFA_NEU_XX.wav,1007,DFA,NEU,neutral
1007_DFA_SAD_XX.wav,data/raw/CREMA-D/AudioWAV/1007_DFA_SAD_XX.wav,1007,DFA,SAD,sad
1007_IEO_ANG_HI.wav,data/raw/CREMA-D/AudioWAV/1007_IEO_ANG_HI.wav,1007,IEO,ANG,angry
1007_IEO_ANG_LO.wav,data/raw/CREMA-D/AudioWAV/1007_IEO_ANG_LO.wav,1007,IEO,ANG,angry
1007_IEO_ANG_MD.wav,data/raw/CREMA-D/AudioWAV/1007_IEO_ANG_MD.wav,1007,IEO,ANG,angry
1007_IEO_DIS_HI.wav,data/raw/CREMA-D/AudioWAV/1007_IEO_DIS_HI.wav,1007,IEO,DIS,disgust
1007_IEO_DIS_LO.wav,data/raw/CREMA-D/AudioWAV/1007_IEO_DIS_LO.wav,1007,IEO,DIS,disgust
1007_IEO_DIS_MD.wav,data/raw/CREMA-D/AudioWAV/1007_IEO_DIS_MD.wav,1007,IEO,DIS,disgust
1007_IEO_FEA_HI.wav,data/raw/CREMA-D/AudioWAV/1007_IEO_FEA_HI.wav,1007,IEO,FEA,fear
1007_IEO_FEA_LO.wav,data/raw/CREMA-D/AudioWAV/1007_IEO_FEA_LO.wav,1007,IEO,FEA,fear
1007_IEO_FEA_MD.wav,data/raw/CREMA-D/AudioWAV/1007_IEO_FEA_MD.wav,1007,IEO,FEA,fear
1007_IEO_HAP_HI.wav,data/raw/CREMA-D/AudioWAV/1007_IEO_HAP_HI.wav,1007,IEO,HAP,happy
1007_IEO_HAP_LO.wav,data/raw/CREMA-D/AudioWAV/1007_IEO_HAP_LO.wav,1007,IEO,HAP,happy
1007_IEO_HAP_MD.wav,data/raw/CREMA-D/AudioWAV/1007_IEO_HAP_MD.wav,1007,IEO,HAP,happy
1007_IEO_NEU_XX.wav,data/raw/CREMA-D/AudioWAV/1007_IEO_NEU_XX.wav,1007,IEO,NEU,neutral
1007_IEO_SAD_HI.wav,data/raw/CREMA-D/AudioWAV/1007_IEO_SAD_HI.wav,1007,IEO,SAD,sad
1007_IEO_SAD_LO.wav,data/raw/CREMA-D/AudioWAV/1007_IEO_SAD_LO.wav,1007,IEO,SAD,sad
1007_IEO_SAD_MD.wav,data/raw/CREMA-D/AudioWAV/1007_IEO_SAD_MD.wav,1007,IEO,SAD,sad
1007_IOM_ANG_XX.wav,data/raw/CREMA-D/AudioWAV/1007_IOM_ANG_XX.wav,1007,IOM,ANG,angry
1007_IOM_DIS_XX.wav,data/raw/CREMA-D/AudioWAV/1007_IOM_DIS_XX.wav,1007,IOM,DIS,disgust
1007_IOM_FEA_XX.wav,data/raw/CREMA-D/AudioWAV/1007_IOM_FEA_XX.wav,1007,IOM,FEA,fear
1007_IOM_HAP_XX.wav,data/raw/CREMA-D/AudioWAV/1007_IOM_HAP_XX.wav,1007,IOM,HAP,happy
1007_IOM_NEU_XX.wav,data/raw/CREMA-D/AudioWAV/1007_IOM_NEU_XX.wav,1007,IOM,NEU,neutral
1007_IOM_SAD_XX.wav,data/raw/CREMA-D/AudioWAV/1007_IOM_SAD_XX.wav,1007,IOM,SAD,sad
1007_ITH_ANG_XX.wav,data/raw/CREMA-D/AudioWAV/1007_ITH_ANG_XX.wav,1007,ITH,ANG,angry
1007_ITH_DIS_XX.wav,data/raw/CREMA-D/AudioWAV/1007_ITH_DIS_XX.wav,1007,ITH,DIS,disgust
1007_ITH_FEA_XX.wav,data/raw/CREMA-D/AudioWAV/1007_ITH_FEA_XX.wav,1007,ITH,FEA,fear
1007_ITH_HAP_XX.wav,data/raw/CREMA-D/AudioWAV/1007_ITH_HAP_XX.wav,1007,ITH,HAP,happy
1007_ITH_NEU_XX.wav,data/raw/CREMA-D/AudioWAV/1007_ITH_NEU_XX.wav,1007,ITH,NEU,neutral
1007_ITH_SAD_XX.wav,data/raw/CREMA-D/AudioWAV/1007_ITH_SAD_XX.wav,1007,ITH,SAD,sad
1007_ITS_ANG_XX.wav,data/raw/CREMA-D/AudioWAV/1007_ITS_ANG_XX.wav,1007,ITS,ANG,angry
1007_ITS_DIS_XX.wav,data/raw/CREMA-D/AudioWAV/1007_ITS_DIS_XX.wav,1007,ITS,DIS,disgust
1007_ITS_FEA_XX.wav,data/raw/CREMA-D/AudioWAV/1007_ITS_FEA_XX.wav,1007,ITS,FEA,fear
1007_ITS_HAP_XX.wav,data/raw/CREMA-D/AudioWAV/1007_ITS_HAP_XX.wav,1007,ITS,HAP,happy
1007_ITS_NEU_XX.wav,data/raw/CREMA-D/AudioWAV/1007_ITS_NEU_XX.wav,1007,ITS,NEU,neutral
1007_ITS_SAD_XX.wav,data/raw/CREMA-D/AudioWAV/1007_ITS_SAD_XX.wav,1007,ITS,SAD,sad
1007_IWL_ANG_XX.wav,data/raw/CREMA-D/AudioWAV/1007_IWL_ANG_XX.wav,1007,IWL,ANG,angry
1007_IWL_DIS_XX.wav,data/raw/CREMA-D/AudioWAV/1007_IWL_DIS_XX.wav,1007,IWL,DIS,disgust
1007_IWL_FEA_XX.wav,data/raw/CREMA-D/AudioWAV/1007_IWL_FEA_XX.wav,1007,IWL,FEA,fear
1007_IWL_HAP_XX.wav,data/raw/CREMA-D/AudioWAV/1007_IWL_HAP_XX.wav,1007,IWL,HAP,happy
1007_IWL_NEU_XX.wav,data/raw/CREMA-D/AudioWAV/1007_IWL_NEU_XX.wav,1007,IWL,NEU,neutral
1007_IWL_SAD_XX.wav,data/raw/CREMA-D/AudioWAV/1007_IWL_SAD_XX.wav,1007,IWL,SAD,sad
1007_IWW_ANG_XX.wav,data/raw/CREMA-D/AudioWAV/1007_IWW_ANG_XX.wav,1007,IWW,ANG,angry
1007_IWW_DIS_XX.wav,data/raw/CREMA-D/AudioWAV/1007_IWW_DIS_XX.wav,1007,IWW,DIS,disgust
1007_IWW_FEA_XX.wav,data/raw/CREMA-D/AudioWAV/1007_IWW_FEA_XX.wav,1007,IWW,FEA,fear
1007_IWW_HAP_XX.wav,data/raw/CREMA-D/AudioWAV/1007_IWW_HAP_XX.wav,1007,IWW,HAP,happy
1007_IWW_NEU_XX.wav,data/raw/CREMA-D/AudioWAV/1007_IWW_NEU_XX.wav,1007,IWW,NEU,neutral
1007_IWW_SAD_XX.wav,data/raw/CREMA-D/AudioWAV/1007_IWW_SAD_XX.wav,1007,IWW,SAD,sad
1007_MTI_ANG_XX.wav,data/raw/CREMA-D/AudioWAV/1007_MTI_ANG_XX.wav,1007,MTI,ANG,angry
1007_MTI_DIS_XX.wav,data/raw/CREMA-D/AudioWAV/1007_MTI_DIS_XX.wav,1007,MTI,DIS,disgust
1007_MTI_FEA_XX.wav,data/raw/CREMA-D/AudioWAV/1007_MTI_FEA_XX.wav,1007,MTI,FEA,fear
1007_MTI_HAP_XX.wav,data/raw/CREMA-D/AudioWAV/1007_MTI_HAP_XX.wav,1007,MTI,HAP,happy
1007_MTI_NEU_XX.wav,data/raw/CREMA-D/AudioWAV/1007_MTI_NEU_XX.wav,1007,MTI,NEU,neutral
1007_MTI_SAD_XX.wav,data/raw/CREMA-D/AudioWAV/1007_MTI_SAD_XX.wav,1007,MTI,SAD,sad
1007_TAI_ANG_XX.wav,data/raw/CREMA-D/AudioWAV/1007_TAI_ANG_XX.wav,1007,TAI,ANG,angry
1007_TAI_DIS_XX.wav,data/raw/CREMA-D/AudioWAV/1007_TAI_DIS_XX.wav,1007,TAI,DIS,disgust
1007_TAI_FEA_XX.wav,data/raw/CREMA-D/AudioWAV/1007_TAI_FEA_XX.wav,1007,TAI,FEA,fear
1007_TAI_HAP_XX.wav,data/raw/CREMA-D/AudioWAV/1007_TAI_HAP_XX.wav,1007,TAI,HAP,happy
1007_TAI_NEU_XX.wav,data/raw/CREMA-D/AudioWAV/1007_TAI_NEU_XX.wav,1007,TAI,NEU,neutral
1007_TAI_SAD_XX.wav,data/raw/CREMA-D/AudioWAV/1007_TAI_SAD_XX.wav,1007,TAI,SAD,sad
1007_TIE_ANG_XX.wav,data/raw/CREMA-D/AudioWAV/1007_TIE_ANG_XX.wav,1007,TIE,ANG,angry
1007_TIE_DIS_XX.wav,data/raw/CREMA-D/AudioWAV/1007_TIE_DIS_XX.wav,1007,TIE,DIS,disgust
1007_TIE_FEA_XX.wav,data/raw/CREMA-D/AudioWAV/1007_TIE_FEA_XX.wav,1007,TIE,FEA,fear
1007_TIE_HAP_XX.wav,data/raw/CREMA-D/AudioWAV/1007_TIE_HAP_XX.wav,1007,TIE,HAP,happy
1007_TIE_NEU_XX.wav,data/raw/CREMA-D/AudioWAV/1007_TIE_NEU_XX.wav,1007,TIE,NEU,neutral
1007_TIE_SAD_XX.wav,data/raw/CREMA-D/AudioWAV/1007_TIE_SAD_XX.wav,1007,TIE,SAD,sad
1007_TSI_ANG_XX.wav,data/raw/CREMA-D/AudioWAV/1007_TSI_ANG_XX.wav,1007,TSI,ANG,angry
1007_TSI_DIS_XX.wav,data/raw/CREMA-D/AudioWAV/1007_TSI_DIS_XX.wav,1007,TSI,DIS,disgust
1007_TSI_FEA_XX.wav,data/raw/CREMA-D/AudioWAV/1007_TSI_FEA_XX.wav,1007,TSI,FEA,fear
1007_TSI_HAP_XX.wav,data/raw/CREMA-D/AudioWAV/1007_TSI_HAP_XX.wav,1007,TSI,HAP,happy
1007_TSI_NEU_XX.wav,data/raw/CREMA-D/AudioWAV/1007_TSI_NEU_XX.wav,1007,TSI,NEU,neutral
1007_TSI_SAD_XX.wav,data/raw/CREMA-D/AudioWAV/1007_TSI_SAD_XX.wav,1007,TSI,SAD,sad
1007_WSI_ANG_XX.wav,data/raw/CREMA-D/AudioWAV/1007_WSI_ANG_XX.wav,1007,WSI,ANG,angry
1007_WSI_DIS_XX.wav,data/raw/CREMA-D/AudioWAV/1007_WSI_DIS_XX.wav,1007,WSI,DIS,disgust
1007_WSI_FEA_XX.wav,data/raw/CREMA-D/AudioWAV/1007_WSI_FEA_XX.wav,1007,WSI,FEA,fear
1007_WSI_HAP_XX.wav,data/raw/CREMA-D/AudioWAV/1007_WSI_HAP_XX.wav,1007,WSI,HAP,happy
1007_WSI_NEU_XX.wav,data/raw/CREMA-D/AudioWAV/1007_WSI_NEU_XX.wav,1007,WSI,NEU,neutral
1007_WSI_SAD_XX.wav,data/raw/CREMA-D/AudioWAV/1007_WSI_SAD_XX.wav,1007,WSI,SAD,sad
1008_DFA_ANG_XX.wav,data/raw/CREMA-D/AudioWAV/1008_DFA_ANG_XX.wav,1008,DFA,ANG,angry
1008_DFA_DIS_XX.wav,data/raw/CREMA-D/AudioWAV/1008_DFA_DIS_XX.wav,1008,DFA,DIS,disgust
1008_DFA_FEA_XX.wav,data/raw/CREMA-D/AudioWAV/1008_DFA_FEA_XX.wav,1008,DFA,FEA,fear
1008_DFA_HAP_XX.wav,data/raw/CREMA-D/AudioWAV/1008_DFA_HAP_XX.wav,1008,DFA,HAP,happy
1008_DFA_NEU_XX.wav,data/raw/CREMA-D/AudioWAV/1008_DFA_NEU_XX.wav,1008,DFA,NEU,neutral
1008_DFA_SAD_XX.wav,data/raw/CREMA-D/AudioWAV/1008_DFA_SAD_XX.wav,1008,DFA,SAD,sad
1008_IEO_ANG_HI.wav,data/raw/CREMA-D/AudioWAV/1008_IEO_ANG_HI.wav,1008,IEO,ANG,angry
1008_IEO_ANG_LO.wav,data/raw/CREMA-D/AudioWAV/1008_IEO_ANG_LO.wav,1008,IEO,ANG,angry
1008_IEO_ANG_MD.wav,data/raw/CREMA-D/AudioWAV/1008_IEO_ANG_MD.wav,1008,IEO,ANG,angry
1008_IEO_DIS_HI.wav,data/raw/CREMA-D/AudioWAV/1008_IEO_DIS_HI.wav,1008,IEO,DIS,disgust
1008_IEO_DIS_LO.wav,data/raw/CREMA-D/AudioWAV/1008_IEO_DIS_LO.wav,1008,IEO,DIS,disgust
1008_IEO_DIS_MD.wav,data/raw/CREMA-D/AudioWAV/1008_IEO_DIS_MD.wav,1008,IEO,DIS,disgust
1008_IEO_FEA_HI.wav,data/raw/CREMA-D/AudioWAV/1008_IEO_FEA_HI.wav,1008,IEO,FEA,fear
1008_IEO_FEA_LO.wav,data/raw/CREMA-D/AudioWAV/1008_IEO_FEA_LO.wav,1008,IEO,FEA,fear
1008_IEO_FEA_MD.wav,data/raw/CREMA-D/AudioWAV/1008_IEO_FEA_MD.wav,1008,IEO,FEA,fear
1008_IEO_HAP_HI.wav,data/raw/CREMA-D/AudioWAV/1008_IEO_HAP_HI.wav,1008,IEO,HAP,happy
1008_IEO_HAP_LO.wav,data/raw/CREMA-D/AudioWAV/1008_IEO_HAP_LO.wav,1008,IEO,HAP,happy
1008_IEO_HAP_MD.wav,data/raw/CREMA-D/AudioWAV/1008_IEO_HAP_MD.wav,1008,IEO,HAP,happy
1008_IEO_NEU_XX.wav,data/raw/CREMA-D/AudioWAV/1008_IEO_NEU_XX.wav,1008,IEO,NEU,neutral
1008_IEO_SAD_HI.wav,data/raw/CREMA-D/AudioWAV/1008_IEO_SAD_HI.wav,1008,IEO,SAD,sad
1008_IEO_SAD_LO.wav,data/raw/CREMA-D/AudioWAV/1008_IEO_SAD_LO.wav,1008,IEO,SAD,sad
1008_IEO_SAD_MD.wav,data/raw/CREMA-D/AudioWAV/1008_IEO_SAD_MD.wav,1008,IEO,SAD,sad
1008_IOM_ANG_XX.wav,data/raw/CREMA-D/AudioWAV/1008_IOM_ANG_XX.wav,1008,IOM,ANG,angry
1008_IOM_DIS_XX.wav,data/raw/CREMA-D/AudioWAV/1008_IOM_DIS_XX.wav,1008,IOM,DIS,disgust
1008_IOM_FEA_XX.wav,data/raw/CREMA-D/AudioWAV/1008_IOM_FEA_XX.wav,1008,IOM,FEA,fear
1008_IOM_HAP_XX.wav,data/raw/CREMA-D/AudioWAV/1008_IOM_HAP_XX.wav,1008,IOM,HAP,happy
1008_IOM_NEU_XX.wav,data/raw/CREMA-D/AudioWAV/1008_IOM_NEU_XX.wav,1008,IOM,NEU,neutral
1008_IOM_SAD_XX.wav,data/raw/CREMA-D/AudioWAV/1008_IOM_SAD_XX.wav,1008,IOM,SAD,sad
1008_ITH_ANG_XX.wav,data/raw/CREMA-D/AudioWAV/1008_ITH_ANG_XX.wav,1008,ITH,ANG,angry
1008_ITH_DIS_XX.wav,data/raw/CREMA-D/AudioWAV/1008_ITH_DIS_XX.wav,1008,ITH,DIS,disgust
1008_ITH_FEA_XX.wav,data/raw/CREMA-D/AudioWAV/1008_ITH_FEA_XX.wav,1008,ITH,FEA,fear
1008_ITH_HAP_XX.wav,data/raw/CREMA-D/AudioWAV/1008_ITH_HAP_XX.wav,1008,ITH,HAP,happy
1008_ITH_NEU_XX.wav,data/raw/CREMA-D/AudioWAV/1008_ITH_NEU_XX.wav,1008,ITH,NEU,neutral
1008_ITH_SAD_XX.wav,data/raw/CREMA-D/AudioWAV/1008_ITH_SAD_XX.wav,1008,ITH,SAD,sad
1008_ITS_ANG_XX.wav,data/raw/CREMA-D/AudioWAV/1008_ITS_ANG_XX.wav,1008,ITS,ANG,angry
1008_ITS_DIS_XX.wav,data/raw/CREMA-D/AudioWAV/1008_ITS_DIS_XX.wav,1008,ITS,DIS,disgust
1008_ITS_FEA_XX.wav,data/raw/CREMA-D/AudioWAV/1008_ITS_FEA_XX.wav,1008,ITS,FEA,fear
1008_ITS_HAP_XX.wav,data/raw/CREMA-D/AudioWAV/1008_ITS_HAP_XX.wav,1008,ITS,HAP,happy
1008_ITS_NEU_XX.wav,data/raw/CREMA-D/AudioWAV/1008_ITS_NEU_XX.wav,1008,ITS,NEU,neutral
1008_ITS_SAD_XX.wav,data/raw/CREMA-D/AudioWAV/1008_ITS_SAD_XX.wav,1008,ITS,SAD,sad
1008_IWL_ANG_XX.wav,data/raw/CREMA-D/AudioWAV/1008_IWL_ANG_XX.wav,1008,IWL,ANG,angry
1008_IWL_DIS_XX.wav,data/raw/CREMA-D/AudioWAV/1008_IWL_DIS_XX.wav,1008,IWL,DIS,disgust
1008_IWL_FEA_XX.wav,data/raw/CREMA-D/AudioWAV/1008_IWL_FEA_XX.wav,1008,IWL,FEA,fear
1008_IWL_HAP_XX.wav,data/raw/CREMA-D/AudioWAV/1008_IWL_HAP_XX.wav,1008,IWL,HAP,happy
1008_IWL_NEU_XX.wav,data/raw/CREMA-D/AudioWAV/1008_IWL_NEU_XX.wav,1008,IWL,NEU,neutral
1008_IWL_SAD_XX.wav,data/raw/CREMA-D/AudioWAV/1008_IWL_SAD_XX.wav,1008,IWL,SAD,sad
1008_IWW_ANG_XX.wav,data/raw/CREMA-D/AudioWAV/1008_IWW_ANG_XX.wav,1008,IWW,ANG,angry
1008_IWW_DIS_XX.wav,data/raw/CREMA-D/AudioWAV/1008_IWW_DIS_XX.wav,1008,IWW,DIS,disgust
1008_IWW_FEA_XX.wav,data/raw/CREMA-D/AudioWAV/1008_IWW_FEA_XX.wav,1008,IWW,FEA,fear
1008_IWW_HAP_XX.wav,data/raw/CREMA-D/AudioWAV/1008_IWW_HAP_XX.wav,1008,IWW,HAP,happy
1008_IWW_NEU_XX.wav,data/raw/CREMA-D/AudioWAV/1008_IWW_NEU_XX.wav,1008,IWW,NEU,neutral
1008_IWW_SAD_XX.wav,data/raw/CREMA-D/AudioWAV/1008_IWW_SAD_XX.wav,1008,IWW,SAD,sad
1008_MTI_ANG_XX.wav,data/raw/CREMA-D/AudioWAV/1008_MTI_ANG_XX.wav,1008,MTI,ANG,angry
1008_MTI_DIS_XX.wav,data/raw/CREMA-D/AudioWAV/1008_MTI_DIS_XX.wav,1008,MTI,DIS,disgust
1008_MTI_FEA_XX.wav,data/raw/CREMA-D/AudioWAV/1008_MTI_FEA_XX.wav,1008,MTI,FEA,fear
1008_MTI_HAP_XX.wav,data/raw/CREMA-D/AudioWAV/1008_MTI_HAP_XX.wav,1008,MTI,HAP,happy
1008_MTI_NEU_XX.wav,data/raw/CREMA-D/AudioWAV/1008_MTI_NEU_XX.wav,1008,MTI,NEU,neutral
1008_MTI_SAD_XX.wav,data/raw/CREMA-D/AudioWAV/1008_MTI_SAD_XX.wav,1008,MTI,SAD,sad
1008_TAI_ANG_XX.wav,data/raw/CREMA-D/AudioWAV/1008_TAI_ANG_XX.wav,1008,TAI,ANG,angry
1008_TAI_DIS_XX.wav,data/raw/CREMA-D/AudioWAV/1008_TAI_DIS_XX.wav,1008,TAI,DIS,disgust
1008_TAI_FEA_XX.wav,data/raw/CREMA-D/AudioWAV/1008_TAI_FEA_XX.wav,1008,TAI,FEA,fear
1008_TAI_HAP_XX.wav,data/raw/CREMA-D/AudioWAV/1008_TAI_HAP_XX.wav,1008,TAI,HAP,happy
1008_TAI_NEU_XX.wav,data/raw/CREMA-D/AudioWAV/1008_TAI_NEU_XX.wav,1008,TAI,NEU,neutral
1008_TAI_SAD_XX.wav,data/raw/CREMA-D/AudioWAV/1008_TAI_SAD_XX.wav,1008,TAI,SAD,sad
1008_TIE_ANG_XX.wav,data/raw/CREMA-D/AudioWAV/1008_TIE_ANG_XX.wav,1008,TIE,ANG,angry
1008_TIE_DIS_XX.wav,data/raw/CREMA-D/AudioWAV/1008_TIE_DIS_XX.wav,1008,TIE,DIS,disgust
1008_TIE_FEA_XX.wav,data/raw/CREMA-D/AudioWAV/1008_TIE_FEA_XX.wav,1008,TIE,FEA,fear
1008_TIE_HAP_XX.wav,data/raw/CREMA-D/AudioWAV/1008_TIE_HAP_XX.wav,1008,TIE,HAP,happy
1008_TIE_NEU_XX.wav,data/raw/CREMA-D/AudioWAV/1008_TIE_NEU_XX.wav,1008,TIE,NEU,neutral
1008_TIE_SAD_XX.wav,data/raw/CREMA-D/AudioWAV/1008_TIE_SAD_XX.wav,1008,TIE,SAD,sad
1008_TSI_ANG_XX.wav,data/raw/CREMA-D/AudioWAV/1008_TSI_ANG_XX.wav,1008,TSI,ANG,angry
1008_TSI_DIS_XX.wav,data/raw/CREMA-D/AudioWAV/1008_TSI_DIS_XX.wav,1008,TSI,DIS,disgust
1008_TSI_FEA_XX.wav,data/raw/CREMA-D/AudioWAV/1008_TSI_FEA_XX.wav,1008,TSI,FEA,fear
1008_TSI_HAP_XX.wav,data/raw/CREMA-D/AudioWAV/1008_TSI_HAP_XX.wav,1008,TSI,HAP,happy
1008_TSI_NEU_XX.wav,data/raw/CREMA-D/AudioWAV/1008_TSI_NEU_XX.wav,1008,TSI,NEU,neutral
1008_TSI_SAD_XX.wav,data/raw/CREMA-D/AudioWAV/1008_TSI_SAD_XX.wav,1008,TSI,SAD,sad
1009_DFA_ANG_XX.wav,data/raw/CREMA-D/AudioWAV/1009_DFA_ANG_XX.wav,1009,DFA,ANG,angry
1009_DFA_DIS_XX.wav,data/raw/CREMA-D/AudioWAV/1009_DFA_DIS_XX.wav,1009,DFA,DIS,disgust
1009_DFA_FEA_XX.wav,data/raw/CREMA-D/AudioWAV/1009_DFA_FEA_XX.wav,1009,DFA,FEA,fear
1009_DFA_HAP_XX.wav,data/raw/CREMA-D/AudioWAV/1009_DFA_HAP_XX.wav,1009,DFA,HAP,happy
1009_DFA_NEU_XX.wav,data/raw/CREMA-D/AudioWAV/1009_DFA_NEU_XX.wav,1009,DFA,NEU,neutral
1009_DFA_SAD_XX.wav,data/raw/CREMA-D/AudioWAV/1009_DFA_SAD_XX.wav,1009,DFA,SAD,sad
1009_IEO_ANG_HI.wav,data/raw/CREMA-D/AudioWAV/1009_IEO_ANG_HI.wav,1009,IEO,ANG,angry
1009_IEO_ANG_LO.wav,data/raw/CREMA-D/AudioWAV/1009_IEO_ANG_LO.wav,1009,IEO,ANG,angry
1009_IEO_ANG_MD.wav,data/raw/CREMA-D/AudioWAV/1009_IEO_ANG_MD.wav,1009,IEO,ANG,angry
1009_IEO_DIS_HI.wav,data/raw/CREMA-D/AudioWAV/1009_IEO_DIS_HI.wav,1009,IEO,DIS,disgust
1009_IEO_DIS_LO.wav,data/raw/CREMA-D/AudioWAV/1009_IEO_DIS_LO.wav,1009,IEO,DIS,disgust
1009_IEO_DIS_MD.wav,data/raw/CREMA-D/AudioWAV/1009_IEO_DIS_MD.wav,1009,IEO,DIS,disgust
1009_IEO_FEA_HI.wav,data/raw/CREMA-D/AudioWAV/1009_IEO_FEA_HI.wav,1009,IEO,FEA,fear
1009_IEO_FEA_LO.wav,data/raw/CREMA-D/AudioWAV/1009_IEO_FEA_LO.wav,1009,IEO,FEA,fear
1009_IEO_FEA_MD.wav,data/raw/CREMA-D/AudioWAV/1009_IEO_FEA_MD.wav,1009,IEO,FEA,fear
1009_IEO_HAP_HI.wav,data/raw/CREMA-D/AudioWAV/1009_IEO_HAP_HI.wav,1009,IEO,HAP,happy
1009_IEO_HAP_LO.wav,data/raw/CREMA-D/AudioWAV/1009_IEO_HAP_LO.wav,1009,IEO,HAP,happy
1009_IEO_HAP_MD.wav,data/raw/CREMA-D/AudioWAV/1009_IEO_HAP_MD.wav,1009,IEO,HAP,happy
1009_IEO_NEU_XX.wav,data/raw/CREMA-D/AudioWAV/1009_IEO_NEU_XX.wav,1009,IEO,NEU,neutral
1009_IEO_SAD_HI.wav,data/raw/CREMA-D/AudioWAV/1009_IEO_SAD_HI.wav,1009,IEO,SAD,sad
1009_IEO_SAD_LO.wav,data/raw/CREMA-D/AudioWAV/1009_IEO_SAD_LO.wav,1009,IEO,SAD,sad
1009_IEO_SAD_MD.wav,data/raw/CREMA-D/AudioWAV/1009_IEO_SAD_MD.wav,1009,IEO,SAD,sad
1009_IOM_ANG_XX.wav,data/raw/CREMA-D/AudioWAV/1009_IOM_ANG_XX.wav,1009,IOM,ANG,angry
1009_IOM_DIS_XX.wav,data/raw/CREMA-D/AudioWAV/1009_IOM_DIS_XX.wav,1009,IOM,DIS,disgust
1009_IOM_FEA_XX.wav,data/raw/CREMA-D/AudioWAV/1009_IOM_FEA_XX.wav,1009,IOM,FEA,fear
1009_IOM_HAP_XX.wav,data/raw/CREMA-D/AudioWAV/1009_IOM_HAP_XX.wav,1009,IOM,HAP,happy
1009_IOM_NEU_XX.wav,data/raw/CREMA-D/AudioWAV/1009_IOM_NEU_XX.wav,1009,IOM,NEU,neutral
1009_IOM_SAD_XX.wav,data/raw/CREMA-D/AudioWAV/1009_IOM_SAD_XX.wav,1009,IOM,SAD,sad
1009_ITH_ANG_XX.wav,data/raw/CREMA-D/AudioWAV/1009_ITH_ANG_XX.wav,1009,ITH,ANG,angry
1009_ITH_DIS_XX.wav,data/raw/CREMA-D/AudioWAV/1009_ITH_DIS_XX.wav,1009,ITH,DIS,disgust
1009_ITH_FEA_XX.wav,data/raw/CREMA-D/AudioWAV/1009_ITH_FEA_XX.wav,1009,ITH,FEA,fear
1009_ITH_HAP_XX.wav,data/raw/CREMA-D/AudioWAV/1009_ITH_HAP_XX.wav,1009,ITH,HAP,happy
1009_ITH_NEU_XX.wav,data/raw/CREMA-D/AudioWAV/1009_ITH_NEU_XX.wav,1009,ITH,NEU,neutral
1009_ITH_SAD_XX.wav,data/raw/CREMA-D/AudioWAV/1009_ITH_SAD_XX.wav,1009,ITH,SAD,sad
1009_ITS_ANG_XX.wav,data/raw/CREMA-D/AudioWAV/1009_ITS_ANG_XX.wav,1009,ITS,ANG,angry
1009_ITS_DIS_XX.wav,data/raw/CREMA-D/AudioWAV/1009_ITS_DIS_XX.wav,1009,ITS,DIS,disgust
1009_ITS_FEA_XX.wav,data/raw/CREMA-D/AudioWAV/1009_ITS_FEA_XX.wav,1009,ITS,FEA,fear
1009_ITS_HAP_XX.wav,data/raw/CREMA-D/AudioWAV/1009_ITS_HAP_XX.wav,1009,ITS,HAP,happy
1009_ITS_NEU_XX.wav,data/raw/CREMA-D/AudioWAV/1009_ITS_NEU_XX.wav,1009,ITS,NEU,neutral
1009_ITS_SAD_XX.wav,data/raw/CREMA-D/AudioWAV/1009_ITS_SAD_XX.wav,1009,ITS,SAD,sad
1009_IWL_ANG_XX.wav,data/raw/CREMA-D/AudioWAV/1009_IWL_ANG_XX.wav,1009,IWL,ANG,angry
1009_IWL_DIS_XX.wav,data/raw/CREMA-D/AudioWAV/1009_IWL_DIS_XX.wav,1009,IWL,DIS,disgust
1009_IWL_FEA_XX.wav,data/raw/CREMA-D/AudioWAV/1009_IWL_FEA_XX.wav,1009,IWL,FEA,fear
1009_IWL_HAP_XX.wav,data/raw/CREMA-D/AudioWAV/1009_IWL_HAP_XX.wav,1009,IWL,HAP,happy
1009_IWL_NEU_XX.wav,data/raw/CREMA-D/AudioWAV/1009_IWL_NEU_XX.wav,1009,IWL,NEU,neutral
1009_IWL_SAD_XX.wav,data/raw/CREMA-D/AudioWAV/1009_IWL_SAD_XX.wav,1009,IWL,SAD,sad
1009_IWW_ANG_XX.wav,data/raw/CREMA-D/AudioWAV/1009_IWW_ANG_XX.wav,1009,IWW,ANG,angry
1009_IWW_DIS_XX.wav,data/raw/CREMA-D/AudioWAV/1009_IWW_DIS_XX.wav,1009,IWW,DIS,disgust
1009_IWW_FEA_XX.wav,data/raw/CREMA-D/AudioWAV/1009_IWW_FEA_XX.wav,1009,IWW,FEA,fear
1009_IWW_HAP_XX.wav,data/raw/CREMA-D/AudioWAV/1009_IWW_HAP_XX.wav,1009,IWW,HAP,happy
1009_IWW_NEU_XX.wav,data/raw/CREMA-D/AudioWAV/1009_IWW_NEU_XX.wav,1009,IWW,NEU,neutral
1009_IWW_SAD_XX.wav,data/raw/CREMA-D/AudioWAV/1009_IWW_SAD_XX.wav,1009,IWW,SAD,sad
1009_TAI_ANG_XX.wav,data/raw/CREMA-D/AudioWAV/1009_TAI_ANG_XX.wav,1009,TAI,ANG,angry
1009_TAI_DIS_XX.wav,data/raw/CREMA-D/AudioWAV/1009_TAI_DIS_XX.wav,1009,TAI,DIS,disgust
1009_TAI_FEA_XX.wav,data/raw/CREMA-D/AudioWAV/1009_TAI_FEA_XX.wav,1009,TAI,FEA,fear
1009_TAI_HAP_XX.wav,data/raw/CREMA-D/AudioWAV/1009_TAI_HAP_XX.wav,1009,TAI,HAP,happy
1009_TAI_NEU_XX.wav,data/raw/CREMA-D/AudioWAV/1009_TAI_NEU_XX.wav,1009,TAI,NEU,neutral
1009_TAI_SAD_XX.wav,data/raw/CREMA-D/AudioWAV/1009_TAI_SAD_XX.wav,1009,TAI,SAD,sad
1009_TIE_ANG_XX.wav,data/raw/CREMA-D/AudioWAV/1009_TIE_ANG_XX.wav,1009,TIE,ANG,angry
1009_TIE_DIS_XX.wav,data/raw/CREMA-D/AudioWAV/1009_TIE_DIS_XX.wav,1009,TIE,DIS,disgust
1009_TIE_FEA_XX.wav,data/raw/CREMA-D/AudioWAV/1009_TIE_FEA_XX.wav,1009,TIE,FEA,fear
1009_TIE_HAP_XX.wav,data/raw/CREMA-D/AudioWAV/1009_TIE_HAP_XX.wav,1009,TIE,HAP,happy
1009_TIE_NEU_XX.wav,data/raw/CREMA-D/AudioWAV/1009_TIE_NEU_XX.wav,1009,TIE,NEU,neutral
1009_TIE_SAD_XX.wav,data/raw/CREMA-D/AudioWAV/1009_TIE_SAD_XX.wav,1009,TIE,SAD,sad
1009_TSI_ANG_XX.wav,data/raw/CREMA-D/AudioWAV/1009_TSI_ANG_XX.wav,1009,TSI,ANG,angry
1009_TSI_DIS_XX.wav,data/raw/CREMA-D/AudioWAV/1009_TSI_DIS_XX.wav,1009,TSI,DIS,disgust
1009_TSI_FEA_XX.wav,data/raw/CREMA-D/AudioWAV/1009_TSI_FEA_XX.wav,1009,TSI,FEA,fear
1009_TSI_HAP_XX.wav,data/raw/CREMA-D/AudioWAV/1009_TSI_HAP_XX.wav,1009,TSI,HAP,happy
1009_TSI_NEU_XX.wav,data/raw/CREMA-D/AudioWAV/1009_TSI_NEU_XX.wav,1009,TSI,NEU,neutral
1009_TSI_SAD_XX.wav,data/raw/CREMA-D/AudioWAV/1009_TSI_SAD_XX.wav,1009,TSI,SAD,sad
1009_WSI_ANG_XX.wav,data/raw/CREMA-D/AudioWAV/1009_WSI_ANG_XX.wav,1009,WSI,ANG,angry
1009_WSI_DIS_XX.wav,data/raw/CREMA-D/AudioWAV/1009_WSI_DIS_XX.wav,1009,WSI,DIS,disgust
1009_WSI_FEA_XX.wav,data/raw/CREMA-D/AudioWAV/1009_WSI_FEA_XX.wav,1009,WSI,FEA,fear
1009_WSI_HAP_XX.wav,data/raw/CREMA-D/AudioWAV/1009_WSI_HAP_XX.wav,1009,WSI,HAP,happy
1009_WSI_NEU_XX.wav,data/raw/CREMA-D/AudioWAV/1009_WSI_NEU_XX.wav,1009,WSI,NEU,neutral
1009_WSI_SAD_XX.wav,data/raw/CREMA-D/AudioWAV/1009_WSI_SAD_XX.wav,1009,WSI,SAD,sad
1010_DFA_ANG_XX.wav,data/raw/CREMA-D/AudioWAV/1010_DFA_ANG_XX.wav,1010,DFA,ANG,angry
1010_DFA_DIS_XX.wav,data/raw/CREMA-D/AudioWAV/1010_DFA_DIS_XX.wav,1010,DFA,DIS,disgust
1010_DFA_FEA_XX.wav,data/raw/CREMA-D/AudioWAV/1010_DFA_FEA_XX.wav,1010,DFA,FEA,fear
1010_DFA_HAP_XX.wav,data/raw/CREMA-D/AudioWAV/1010_DFA_HAP_XX.wav,1010,DFA,HAP,happy
1010_DFA_NEU_XX.wav,data/raw/CREMA-D/AudioWAV/1010_DFA_NEU_XX.wav,1010,DFA,NEU,neutral
1010_DFA_SAD_XX.wav,data/raw/CREMA-D/AudioWAV/1010_DFA_SAD_XX.wav,1010,DFA,SAD,sad
1010_IEO_ANG_HI.wav,data/raw/CREMA-D/AudioWAV/1010_IEO_ANG_HI.wav,1010,IEO,ANG,angry
1010_IEO_ANG_LO.wav,data/raw/CREMA-D/AudioWAV/1010_IEO_ANG_LO.wav,1010,IEO,ANG,angry
1010_IEO_ANG_MD.wav,data/raw/CREMA-D/AudioWAV/1010_IEO_ANG_MD.wav,1010,IEO,ANG,angry
1010_IEO_DIS_HI.wav,data/raw/CREMA-D/AudioWAV/1010_IEO_DIS_HI.wav,1010,IEO,DIS,disgust
1010_IEO_DIS_LO.wav,data/raw/CREMA-D/AudioWAV/1010_IEO_DIS_LO.wav,1010,IEO,DIS,disgust
1010_IEO_DIS_MD.wav,data/raw/CREMA-D/AudioWAV/1010_IEO_DIS_MD.wav,1010,IEO,DIS,disgust
1010_IEO_FEA_HI.wav,data/raw/CREMA-D/AudioWAV/1010_IEO_FEA_HI.wav,1010,IEO,FEA,fear
1010_IEO_FEA_LO.wav,data/raw/CREMA-D/AudioWAV/1010_IEO_FEA_LO.wav,1010,IEO,FEA,fear
1010_IEO_FEA_MD.wav,data/raw/CREMA-D/AudioWAV/1010_IEO_FEA_MD.wav,1010,IEO,FEA,fear
1010_IEO_HAP_HI.wav,data/raw/CREMA-D/AudioWAV/1010_IEO_HAP_HI.wav,1010,IEO,HAP,happy
1010_IEO_HAP_LO.wav,data/raw/CREMA-D/AudioWAV/1010_IEO_HAP_LO.wav,1010,IEO,HAP,happy
1010_IEO_HAP_MD.wav,data/raw/CREMA-D/AudioWAV/1010_IEO_HAP_MD.wav,1010,IEO,HAP,happy
1010_IEO_NEU_XX.wav,data/raw/CREMA-D/AudioWAV/1010_IEO_NEU_XX.wav,1010,IEO,NEU,neutral
1010_IEO_SAD_HI.wav,data/raw/CREMA-D/AudioWAV/1010_IEO_SAD_HI.wav,1010,IEO,SAD,sad
1010_IEO_SAD_LO.wav,data/raw/CREMA-D/AudioWAV/1010_IEO_SAD_LO.wav,1010,IEO,SAD,sad
1010_IEO_SAD_MD.wav,data/raw/CREMA-D/AudioWAV/1010_IEO_SAD_MD.wav,1010,IEO,SAD,sad
1010_IOM_ANG_XX.wav,data/raw/CREMA-D/AudioWAV/1010_IOM_ANG_XX.wav,1010,IOM,ANG,angry
1010_IOM_DIS_XX.wav,data/raw/CREMA-D/AudioWAV/1010_IOM_DIS_XX.wav,1010,IOM,DIS,disgust
1010_IOM_FEA_XX.wav,data/raw/CREMA-D/AudioWAV/1010_IOM_FEA_XX.wav,1010,IOM,FEA,fear
1010_IOM_HAP_XX.wav,data/raw/CREMA-D/AudioWAV/1010_IOM_HAP_XX.wav,1010,IOM,HAP,happy
1010_IOM_NEU_XX.wav,data/raw/CREMA-D/AudioWAV/1010_IOM_NEU_XX.wav,1010,IOM,NEU,neutral
1010_IOM_SAD_XX.wav,data/raw/CREMA-D/AudioWAV/1010_IOM_SAD_XX.wav,1010,IOM,SAD,sad
1010_ITH_ANG_XX.wav,data/raw/CREMA-D/AudioWAV/1010_ITH_ANG_XX.wav,1010,ITH,ANG,angry
1010_ITH_DIS_XX.wav,data/raw/CREMA-D/AudioWAV/1010_ITH_DIS_XX.wav,1010,ITH,DIS,disgust
1010_ITH_FEA_XX.wav,data/raw/CREMA-D/AudioWAV/1010_ITH_FEA_XX.wav,1010,ITH,FEA,fear
1010_ITH_HAP_XX.wav,data/raw/CREMA-D/AudioWAV/1010_ITH_HAP_XX.wav,1010,ITH,HAP,happy
1010_ITH_NEU_XX.wav,data/raw/CREMA-D/AudioWAV/1010_ITH_NEU_XX.wav,1010,ITH,NEU,neutral
1010_ITH_SAD_XX.wav,data/raw/CREMA-D/AudioWAV/1010_ITH_SAD_XX.wav,1010,ITH,SAD,sad
1010_ITS_ANG_XX.wav,data/raw/CREMA-D/AudioWAV/1010_ITS_ANG_XX.wav,1010,ITS,ANG,angry
1010_ITS_DIS_XX.wav,data/raw/CREMA-D/AudioWAV/1010_ITS_DIS_XX.wav,1010,ITS,DIS,disgust
1010_ITS_FEA_XX.wav,data/raw/CREMA-D/AudioWAV/1010_ITS_FEA_XX.wav,1010,ITS,FEA,fear
1010_ITS_HAP_XX.wav,data/raw/CREMA-D/AudioWAV/1010_ITS_HAP_XX.wav,1010,ITS,HAP,happy
1010_ITS_NEU_XX.wav,data/raw/CREMA-D/AudioWAV/1010_ITS_NEU_XX.wav,1010,ITS,NEU,neutral
1010_ITS_SAD_XX.wav,data/raw/CREMA-D/AudioWAV/1010_ITS_SAD_XX.wav,1010,ITS,SAD,sad
1010_IWL_ANG_XX.wav,data/raw/CREMA-D/AudioWAV/1010_IWL_ANG_XX.wav,1010,IWL,ANG,angry
1010_IWL_DIS_XX.wav,data/raw/CREMA-D/AudioWAV/1010_IWL_DIS_XX.wav,1010,IWL,DIS,disgust
1010_IWL_FEA_XX.wav,data/raw/CREMA-D/AudioWAV/1010_IWL_FEA_XX.wav,1010,IWL,FEA,fear
1010_IWL_HAP_XX.wav,data/raw/CREMA-D/AudioWAV/1010_IWL_HAP_XX.wav,1010,IWL,HAP,happy
1010_IWL_NEU_XX.wav,data/raw/CREMA-D/AudioWAV/1010_IWL_NEU_XX.wav,1010,IWL,NEU,neutral
1010_IWL_SAD_XX.wav,data/raw/CREMA-D/AudioWAV/1010_IWL_SAD_XX.wav,1010,IWL,SAD,sad
1010_IWW_ANG_XX.wav,data/raw/CREMA-D/AudioWAV/1010_IWW_ANG_XX.wav,1010,IWW,ANG,angry
1010_IWW_DIS_XX.wav,data/raw/CREMA-D/AudioWAV/1010_IWW_DIS_XX.wav,1010,IWW,DIS,disgust
1010_IWW_FEA_XX.wav,data/raw/CREMA-D/AudioWAV/1010_IWW_FEA_XX.wav,1010,IWW,FEA,fear
1010_IWW_HAP_XX.wav,data/raw/CREMA-D/AudioWAV/1010_IWW_HAP_XX.wav,1010,IWW,HAP,happy
1010_IWW_NEU_XX.wav,data/raw/CREMA-D/AudioWAV/1010_IWW_NEU_XX.wav,1010,IWW,NEU,neutral
1010_IWW_SAD_XX.wav,data/raw/CREMA-D/AudioWAV/1010_IWW_SAD_XX.wav,1010,IWW,SAD,sad
1010_MTI_ANG_XX.wav,data/raw/CREMA-D/AudioWAV/1010_MTI_ANG_XX.wav,1010,MTI,ANG,angry
1010_MTI_DIS_XX.wav,data/raw/CREMA-D/AudioWAV/1010_MTI_DIS_XX.wav,1010,MTI,DIS,disgust
1010_MTI_FEA_XX.wav,data/raw/CREMA-D/AudioWAV/1010_MTI_FEA_XX.wav,1010,MTI,FEA,fear
1010_MTI_HAP_XX.wav,data/raw/CREMA-D/AudioWAV/1010_MTI_HAP_XX.wav,1010,MTI,HAP,happy
1010_MTI_NEU_XX.wav,data/raw/CREMA-D/AudioWAV/1010_MTI_NEU_XX.wav,1010,MTI,NEU,neutral
1010_MTI_SAD_XX.wav,data/raw/CREMA-D/AudioWAV/1010_MTI_SAD_XX.wav,1010,MTI,SAD,sad
1010_TAI_ANG_XX.wav,data/raw/CREMA-D/AudioWAV/1010_TAI_ANG_XX.wav,1010,TAI,ANG,angry
1010_TAI_DIS_XX.wav,data/raw/CREMA-D/AudioWAV/1010_TAI_DIS_XX.wav,1010,TAI,DIS,disgust
1010_TAI_FEA_XX.wav,data/raw/CREMA-D/AudioWAV/1010_TAI_FEA_XX.wav,1010,TAI,FEA,fear
1010_TAI_HAP_XX.wav,data/raw/CREMA-D/AudioWAV/1010_TAI_HAP_XX.wav,1010,TAI,HAP,happy
1010_TAI_NEU_XX.wav,data/raw/CREMA-D/AudioWAV/1010_TAI_NEU_XX.wav,1010,TAI,NEU,neutral
1010_TAI_SAD_XX.wav,data/raw/CREMA-D/AudioWAV/1010_TAI_SAD_XX.wav,1010,TAI,SAD,sad
1010_TIE_ANG_XX.wav,data/raw/CREMA-D/AudioWAV/1010_TIE_ANG_XX.wav,1010,TIE,ANG,angry
1010_TIE_DIS_XX.wav,data/raw/CREMA-D/AudioWAV/1010_TIE_DIS_XX.wav,1010,TIE,DIS,disgust
1010_TIE_FEA_XX.wav,data/raw/CREMA-D/AudioWAV/1010_TIE_FEA_XX.wav,1010,TIE,FEA,fear
1010_TIE_HAP_XX.wav,data/raw/CREMA-D/AudioWAV/1010_TIE_HAP_XX.wav,1010,TIE,HAP,happy
1010_TIE_NEU_XX.wav,data/raw/CREMA-D/AudioWAV/1010_TIE_NEU_XX.wav,1010,TIE,NEU,neutral
1010_TIE_SAD_XX.wav,data/raw/CREMA-D/AudioWAV/1010_TIE_SAD_XX.wav,1010,TIE,SAD,sad
1010_TSI_ANG_XX.wav,data/raw/CREMA-D/AudioWAV/1010_TSI_ANG_XX.wav,1010,TSI,ANG,angry
1010_TSI_DIS_XX.wav,data/raw/CREMA-D/AudioWAV/1010_TSI_DIS_XX.wav,1010,TSI,DIS,disgust
1010_TSI_FEA_XX.wav,data/raw/CREMA-D/AudioWAV/1010_TSI_FEA_XX.wav,1010,TSI,FEA,fear
1010_TSI_HAP_XX.wav,data/raw/CREMA-D/AudioWAV/1010_TSI_HAP_XX.wav,1010,TSI,HAP,happy
1010_TSI_NEU_XX.wav,data/raw/CREMA-D/AudioWAV/1010_TSI_NEU_XX.wav,1010,TSI,NEU,neutral
1010_TSI_SAD_XX.wav,data/raw/CREMA-D/AudioWAV/1010_TSI_SAD_XX.wav,1010,TSI,SAD,sad
1010_WSI_ANG_XX.wav,data/raw/CREMA-D/AudioWAV/1010_WSI_ANG_XX.wav,1010,WSI,ANG,angry
1010_WSI_DIS_XX.wav,data/raw/CREMA-D/AudioWAV/1010_WSI_DIS_XX.wav,1010,WSI,DIS,disgust
1010_WSI_FEA_XX.wav,data/raw/CREMA-D/AudioWAV/1010_WSI_FEA_XX.wav,1010,WSI,FEA,fear
1010_WSI_HAP_XX.wav,data/raw/CREMA-D/AudioWAV/1010_WSI_HAP_XX.wav,1010,WSI,HAP,happy
1010_WSI_NEU_XX.wav,data/raw/CREMA-D/AudioWAV/1010_WSI_NEU_XX.wav,1010,WSI,NEU,neutral
1010_WSI_SAD_XX.wav,data/raw/CREMA-D/AudioWAV/1010_WSI_SAD_XX.wav,1010,WSI,SAD,sad
1014_DFA_ANG_XX.wav,data/raw/CREMA-D/AudioWAV/1014_DFA_ANG_XX.wav,1014,DFA,ANG,angry
1014_DFA_DIS_XX.wav,data/raw/CREMA-D/AudioWAV/1014_DFA_DIS_XX.wav,1014,DFA,DIS,disgust
1014_DFA_FEA_XX.wav,data/raw/CREMA-D/AudioWAV/1014_DFA_FEA_XX.wav,1014,DFA,FEA,fear
1014_DFA_HAP_XX.wav,data/raw/CREMA-D/AudioWAV/1014_DFA_HAP_XX.wav,1014,DFA,HAP,happy
1014_DFA_NEU_XX.wav,data/raw/CREMA-D/AudioWAV/1014_DFA_NEU_XX.wav,1014,DFA,NEU,neutral
1014_DFA_SAD_XX.wav,data/raw/CREMA-D/AudioWAV/1014_DFA_SAD_XX.wav,1014,DFA,SAD,sad
1014_IEO_ANG_HI.wav,data/raw/CREMA-D/AudioWAV/1014_IEO_ANG_HI.wav,1014,IEO,ANG,angry
1014_IEO_ANG_LO.wav,data/raw/CREMA-D/AudioWAV/1014_IEO_ANG_LO.wav,1014,IEO,ANG,angry
1014_IEO_ANG_MD.wav,data/raw/CREMA-D/AudioWAV/1014_IEO_ANG_MD.wav,1014,IEO,ANG,angry
1014_IEO_DIS_HI.wav,data/raw/CREMA-D/AudioWAV/1014_IEO_DIS_HI.wav,1014,IEO,DIS,disgust
1014_IEO_DIS_LO.wav,data/raw/CREMA-D/AudioWAV/1014_IEO_DIS_LO.wav,1014,IEO,DIS,disgust
1014_IEO_DIS_MD.wav,data/raw/CREMA-D/AudioWAV/1014_IEO_DIS_MD.wav,1014,IEO,DIS,disgust
1014_IEO_FEA_HI.wav,data/raw/CREMA-D/AudioWAV/1014_IEO_FEA_HI.wav,1014,IEO,FEA,fear
1014_IEO_FEA_LO.wav,data/raw/CREMA-D/AudioWAV/1014_IEO_FEA_LO.wav,1014,IEO,FEA,fear
1014_IEO_FEA_MD.wav,data/raw/CREMA-D/AudioWAV/1014_IEO_FEA_MD.wav,1014,IEO,FEA,fear
1014_IEO_HAP_HI.wav,data/raw/CREMA-D/AudioWAV/1014_IEO_HAP_HI.wav,1014,IEO,HAP,happy
1014_IEO_HAP_LO.wav,data/raw/CREMA-D/AudioWAV/1014_IEO_HAP_LO.wav,1014,IEO,HAP,happy
1014_IEO_HAP_MD.wav,data/raw/CREMA-D/AudioWAV/1014_IEO_HAP_MD.wav,1014,IEO,HAP,happy
1014_IEO_NEU_XX.wav,data/raw/CREMA-D/AudioWAV/1014_IEO_NEU_XX.wav,1014,IEO,NEU,neutral
1014_IEO_SAD_HI.wav,data/raw/CREMA-D/AudioWAV/1014_IEO_SAD_HI.wav,1014,IEO,SAD,sad
1014_IEO_SAD_LO.wav,data/raw/CREMA-D/AudioWAV/1014_IEO_SAD_LO.wav,1014,IEO,SAD,sad
1014_IEO_SAD_MD.wav,data/raw/CREMA-D/AudioWAV/1014_IEO_SAD_MD.wav,1014,IEO,SAD,sad
1014_IOM_ANG_XX.wav,data/raw/CREMA-D/AudioWAV/1014_IOM_ANG_XX.wav,1014,IOM,ANG,angry
1014_IOM_DIS_XX.wav,data/raw/CREMA-D/AudioWAV/1014_IOM_DIS_XX.wav,1014,IOM,DIS,disgust
1014_IOM_FEA_XX.wav,data/raw/CREMA-D/AudioWAV/1014_IOM_FEA_XX.wav,1014,IOM,FEA,fear
1014_IOM_HAP_XX.wav,data/raw/CREMA-D/AudioWAV/1014_IOM_HAP_XX.wav,1014,IOM,HAP,happy
1014_IOM_NEU_XX.wav,data/raw/CREMA-D/AudioWAV/1014_IOM_NEU_XX.wav,1014,IOM,NEU,neutral
1014_IOM_SAD_XX.wav,data/raw/CREMA-D/AudioWAV/1014_IOM_SAD_XX.wav,1014,IOM,SAD,sad
1014_ITH_ANG_XX.wav,data/raw/CREMA-D/AudioWAV/1014_ITH_ANG_XX.wav,1014,ITH,ANG,angry
1014_ITH_DIS_XX.wav,data/raw/CREMA-D/AudioWAV/1014_ITH_DIS_XX.wav,1014,ITH,DIS,disgust
1014_ITH_FEA_XX.wav,data/raw/CREMA-D/AudioWAV/1014_ITH_FEA_XX.wav,1014,ITH,FEA,fear
1014_ITH_HAP_XX.wav,data/raw/CREMA-D/AudioWAV/1014_ITH_HAP_XX.wav,1014,ITH,HAP,happy
1014_ITH_NEU_XX.wav,data/raw/CREMA-D/AudioWAV/1014_ITH_NEU_XX.wav,1014,ITH,NEU,neutral
1014_ITH_SAD_XX.wav,data/raw/CREMA-D/AudioWAV/1014_ITH_SAD_XX.wav,1014,ITH,SAD,sad
1014_ITS_ANG_XX.wav,data/raw/CREMA-D/AudioWAV/1014_ITS_ANG_XX.wav,1014,ITS,ANG,angry
1014_ITS_DIS_XX.wav,data/raw/CREMA-D/AudioWAV/1014_ITS_DIS_XX.wav,1014,ITS,DIS,disgust
1014_ITS_FEA_XX.wav,data/raw/CREMA-D/AudioWAV/1014_ITS_FEA_XX.wav,1014,ITS,FEA,fear
1014_ITS_HAP_XX.wav,data/raw/CREMA-D/AudioWAV/1014_ITS_HAP_XX.wav,1014,ITS,HAP,happy
1014_ITS_NEU_XX.wav,data/raw/CREMA-D/AudioWAV/1014_ITS_NEU_XX.wav,1014,ITS,NEU,neutral
1014_ITS_SAD_XX.wav,data/raw/CREMA-D/AudioWAV/1014_ITS_SAD_XX.wav,1014,ITS,SAD,sad
1014_IWL_ANG_XX.wav,data/raw/CREMA-D/AudioWAV/1014_IWL_ANG_XX.wav,1014,IWL,ANG,angry
1014_IWL_DIS_XX.wav,data/raw/CREMA-D/AudioWAV/1014_IWL_DIS_XX.wav,1014,IWL,DIS,disgust
1014_IWL_FEA_XX.wav,data/raw/CREMA-D/AudioWAV/1014_IWL_FEA_XX.wav,1014,IWL,FEA,fear
1014_IWL_HAP_XX.wav,data/raw/CREMA-D/AudioWAV/1014_IWL_HAP_XX.wav,1014,IWL,HAP,happy
1014_IWL_NEU_XX.wav,data/raw/CREMA-D/AudioWAV/1014_IWL_NEU_XX.wav,1014,IWL,NEU,neutral
1014_IWL_SAD_XX.wav,data/raw/CREMA-D/AudioWAV/1014_IWL_SAD_XX.wav,1014,IWL,SAD,sad
1014_IWW_ANG_XX.wav,data/raw/CREMA-D/AudioWAV/1014_IWW_ANG_XX.wav,1014,IWW,ANG,angry
1014_IWW_DIS_XX.wav,data/raw/CREMA-D/AudioWAV/1014_IWW_DIS_XX.wav,1014,IWW,DIS,disgust
1014_IWW_FEA_XX.wav,data/raw/CREMA-D/AudioWAV/1014_IWW_FEA_XX.wav,1014,IWW,FEA,fear
1014_IWW_HAP_XX.wav,data/raw/CREMA-D/AudioWAV/1014_IWW_HAP_XX.wav,1014,IWW,HAP,happy
1014_IWW_NEU_XX.wav,data/raw/CREMA-D/AudioWAV/1014_IWW_NEU_XX.wav,1014,IWW,NEU,neutral
1014_IWW_SAD_XX.wav,data/raw/CREMA-D/AudioWAV/1014_IWW_SAD_XX.wav,1014,IWW,SAD,sad
1014_MTI_ANG_XX.wav,data/raw/CREMA-D/AudioWAV/1014_MTI_ANG_XX.wav,1014,MTI,ANG,angry
1014_MTI_DIS_XX.wav,data/raw/CREMA-D/AudioWAV/1014_MTI_DIS_XX.wav,1014,MTI,DIS,disgust
1014_MTI_FEA_XX.wav,data/raw/CREMA-D/AudioWAV/1014_MTI_FEA_XX.wav,1014,MTI,FEA,fear
1014_MTI_HAP_XX.wav,data/raw/CREMA-D/AudioWAV/1014_MTI_HAP_XX.wav,1014,MTI,HAP,happy
1014_MTI_NEU_XX.wav,data/raw/CREMA-D/AudioWAV/1014_MTI_NEU_XX.wav,1014,MTI,NEU,neutral
1014_MTI_SAD_XX.wav,data/raw/CREMA-D/AudioWAV/1014_MTI_SAD_XX.wav,1014,MTI,SAD,sad
1014_TAI_ANG_XX.wav,data/raw/CREMA-D/AudioWAV/1014_TAI_ANG_XX.wav,1014,TAI,ANG,angry
1014_TAI_DIS_XX.wav,data/raw/CREMA-D/AudioWAV/1014_TAI_DIS_XX.wav,1014,TAI,DIS,disgust
1014_TAI_FEA_XX.wav,data/raw/CREMA-D/AudioWAV/1014_TAI_FEA_XX.wav,1014,TAI,FEA,fear
1014_TAI_HAP_XX.wav,data/raw/CREMA-D/AudioWAV/1014_TAI_HAP_XX.wav,1014,TAI,HAP,happy
1014_TAI_NEU_XX.wav,data/raw/CREMA-D/AudioWAV/1014_TAI_NEU_XX.wav,1014,TAI,NEU,neutral
1014_TAI_SAD_XX.wav,data/raw/CREMA-D/AudioWAV/1014_TAI_SAD_XX.wav,1014,TAI,SAD,sad
1014_TIE_ANG_XX.wav,data/raw/CREMA-D/AudioWAV/1014_TIE_ANG_XX.wav,1014,TIE,ANG,angry
1014_TIE_DIS_XX.wav,data/raw/CREMA-D/AudioWAV/1014_TIE_DIS_XX.wav,1014,TIE,DIS,disgust
1014_TIE_FEA_XX.wav,data/raw/CREMA-D/AudioWAV/1014_TIE_FEA_XX.wav,1014,TIE,FEA,fear
1014_TIE_HAP_XX.wav,data/raw/CREMA-D/AudioWAV/1014_TIE_HAP_XX.wav,1014,TIE,HAP,happy
1014_TIE_NEU_XX.wav,data/raw/CREMA-D/AudioWAV/1014_TIE_NEU_XX.wav,1014,TIE,NEU,neutral
1014_TIE_SAD_XX.wav,data/raw/CREMA-D/AudioWAV/1014_TIE_SAD_XX.wav,1014,TIE,SAD,sad
1014_TSI_ANG_XX.wav,data/raw/CREMA-D/AudioWAV/1014_TSI_ANG_XX.wav,1014,TSI,ANG,angry
1014_TSI_DIS_XX.wav,data/raw/CREMA-D/AudioWAV/1014_TSI_DIS_XX.wav,1014,TSI,DIS,disgust
1014_TSI_FEA_XX.wav,data/raw/CREMA-D/AudioWAV/1014_TSI_FEA_XX.wav,1014,TSI,FEA,fear
1014_TSI_HAP_XX.wav,data/raw/CREMA-D/AudioWAV/1014_TSI_HAP_XX.wav,1014,TSI,HAP,happy
1014_TSI_NEU_XX.wav,data/raw/CREMA-D/AudioWAV/1014_TSI_NEU_XX.wav,1014,TSI,NEU,neutral
1014_TSI_SAD_XX.wav,data/raw/CREMA-D/AudioWAV/1014_TSI_SAD_XX.wav,1014,TSI,SAD,sad
1014_WSI_ANG_XX.wav,data/raw/CREMA-D/AudioWAV/1014_WSI_ANG_XX.wav,1014,WSI,ANG,angry
1014_WSI_DIS_XX.wav,data/raw/CREMA-D/AudioWAV/1014_WSI_DIS_XX.wav,1014,WSI,DIS,disgust
1014_WSI_FEA_XX.wav,data/raw/CREMA-D/AudioWAV/1014_WSI_FEA_XX.wav,1014,WSI,FEA,fear
1014_WSI_HAP_XX.wav,data/raw/CREMA-D/AudioWAV/1014_WSI_HAP_XX.wav,1014,WSI,HAP,happy
1014_WSI_NEU_XX.wav,data/raw/CREMA-D/AudioWAV/1014_WSI_NEU_XX.wav,1014,WSI,NEU,neutral
1014_WSI_SAD_XX.wav,data/raw/CREMA-D/AudioWAV/1014_WSI_SAD_XX.wav,1014,WSI,SAD,sad
1015_DFA_ANG_XX.wav,data/raw/CREMA-D/AudioWAV/1015_DFA_ANG_XX.wav,1015,DFA,ANG,angry
1015_DFA_DIS_XX.wav,data/raw/CREMA-D/AudioWAV/1015_DFA_DIS_XX.wav,1015,DFA,DIS,disgust
1015_DFA_FEA_XX.wav,data/raw/CREMA-D/AudioWAV/1015_DFA_FEA_XX.wav,1015,DFA,FEA,fear
1015_DFA_HAP_XX.wav,data/raw/CREMA-D/AudioWAV/1015_DFA_HAP_XX.wav,1015,DFA,HAP,happy
1015_DFA_NEU_XX.wav,data/raw/CREMA-D/AudioWAV/1015_DFA_NEU_XX.wav,1015,DFA,NEU,neutral
1015_DFA_SAD_XX.wav,data/raw/CREMA-D/AudioWAV/1015_DFA_SAD_XX.wav,1015,DFA,SAD,sad
1015_IEO_ANG_HI.wav,data/raw/CREMA-D/AudioWAV/1015_IEO_ANG_HI.wav,1015,IEO,ANG,angry
1015_IEO_ANG_LO.wav,data/raw/CREMA-D/AudioWAV/1015_IEO_ANG_LO.wav,1015,IEO,ANG,angry
1015_IEO_ANG_MD.wav,data/raw/CREMA-D/AudioWAV/1015_IEO_ANG_MD.wav,1015,IEO,ANG,angry
1015_IEO_DIS_HI.wav,data/raw/CREMA-D/AudioWAV/1015_IEO_DIS_HI.wav,1015,IEO,DIS,disgust
1015_IEO_DIS_LO.wav,data/raw/CREMA-D/AudioWAV/1015_IEO_DIS_LO.wav,1015,IEO,DIS,disgust
1015_IEO_DIS_MD.wav,data/raw/CREMA-D/AudioWAV/1015_IEO_DIS_MD.wav,1015,IEO,DIS,disgust
1015_IEO_FEA_HI.wav,data/raw/CREMA-D/AudioWAV/1015_IEO_FEA_HI.wav,1015,IEO,FEA,fear
1015_IEO_FEA_LO.wav,data/raw/CREMA-D/AudioWAV/1015_IEO_FEA_LO.wav,1015,IEO,FEA,fear
1015_IEO_FEA_MD.wav,data/raw/CREMA-D/AudioWAV/1015_IEO_FEA_MD.wav,1015,IEO,FEA,fear
1015_IEO_HAP_HI.wav,data/raw/CREMA-D/AudioWAV/1015_IEO_HAP_HI.wav,1015,IEO,HAP,happy
1015_IEO_HAP_LO.wav,data/raw/CREMA-D/AudioWAV/1015_IEO_HAP_LO.wav,1015,IEO,HAP,happy
1015_IEO_HAP_MD.wav,data/raw/CREMA-D/AudioWAV/1015_IEO_HAP_MD.wav,1015,IEO,HAP,happy
1015_IEO_NEU_XX.wav,data/raw/CREMA-D/AudioWAV/1015_IEO_NEU_XX.wav,1015,IEO,NEU,neutral
1015_IEO_SAD_HI.wav,data/raw/CREMA-D/AudioWAV/1015_IEO_SAD_HI.wav,1015,IEO,SAD,sad
1015_IEO_SAD_LO.wav,data/raw/CREMA-D/AudioWAV/1015_IEO_SAD_LO.wav,1015,IEO,SAD,sad
1015_IEO_SAD_MD.wav,data/raw/CREMA-D/AudioWAV/1015_IEO_SAD_MD.wav,1015,IEO,SAD,sad
1015_IOM_ANG_XX.wav,data/raw/CREMA-D/AudioWAV/1015_IOM_ANG_XX.wav,1015,IOM,ANG,angry
1015_IOM_DIS_XX.wav,data/raw/CREMA-D/AudioWAV/1015_IOM_DIS_XX.wav,1015,IOM,DIS,disgust
1015_IOM_FEA_XX.wav,data/raw/CREMA-D/AudioWAV/1015_IOM_FEA_XX.wav,1015,IOM,FEA,fear
1015_IOM_HAP_XX.wav,data/raw/CREMA-D/AudioWAV/1015_IOM_HAP_XX.wav,1015,IOM,HAP,happy
1015_IOM_NEU_XX.wav,data/raw/CREMA-D/AudioWAV/1015_IOM_NEU_XX.wav,1015,IOM,NEU,neutral
1015_IOM_SAD_XX.wav,data/raw/CREMA-D/AudioWAV/1015_IOM_SAD_XX.wav,1015,IOM,SAD,sad
1015_ITH_ANG_XX.wav,data/raw/CREMA-D/AudioWAV/1015_ITH_ANG_XX.wav,1015,ITH,ANG,angry
1015_ITH_DIS_XX.wav,data/raw/CREMA-D/AudioWAV/1015_ITH_DIS_XX.wav,1015,ITH,DIS,disgust
1015_ITH_FEA_XX.wav,data/raw/CREMA-D/AudioWAV/1015_ITH_FEA_XX.wav,1015,ITH,FEA,fear
1015_ITH_HAP_XX.wav,data/raw/CREMA-D/AudioWAV/1015_ITH_HAP_XX.wav,1015,ITH,HAP,happy
1015_ITH_NEU_XX.wav,data/raw/CREMA-D/AudioWAV/1015_ITH_NEU_XX.wav,1015,ITH,NEU,neutral
1015_ITH_SAD_XX.wav,data/raw/CREMA-D/AudioWAV/1015_ITH_SAD_XX.wav,1015,ITH,SAD,sad
1015_ITS_ANG_XX.wav,data/raw/CREMA-D/AudioWAV/1015_ITS_ANG_XX.wav,1015,ITS,ANG,angry
1015_ITS_DIS_XX.wav,data/raw/CREMA-D/AudioWAV/1015_ITS_DIS_XX.wav,1015,ITS,DIS,disgust
1015_ITS_FEA_XX.wav,data/raw/CREMA-D/AudioWAV/1015_ITS_FEA_XX.wav,1015,ITS,FEA,fear
1015_ITS_HAP_XX.wav,data/raw/CREMA-D/AudioWAV/1015_ITS_HAP_XX.wav,1015,ITS,HAP,happy
1015_ITS_NEU_XX.wav,data/raw/CREMA-D/AudioWAV/1015_ITS_NEU_XX.wav,1015,ITS,NEU,neutral
1015_ITS_SAD_XX.wav,data/raw/CREMA-D/AudioWAV/1015_ITS_SAD_XX.wav,1015,ITS,SAD,sad
1015_IWL_ANG_XX.wav,data/raw/CREMA-D/AudioWAV/1015_IWL_ANG_XX.wav,1015,IWL,ANG,angry
1015_IWL_DIS_XX.wav,data/raw/CREMA-D/AudioWAV/1015_IWL_DIS_XX.wav,1015,IWL,DIS,disgust
1015_IWL_FEA_XX.wav,data/raw/CREMA-D/AudioWAV/1015_IWL_FEA_XX.wav,1015,IWL,FEA,fear
1015_IWL_HAP_XX.wav,data/raw/CREMA-D/AudioWAV/1015_IWL_HAP_XX.wav,1015,IWL,HAP,happy
1015_IWL_NEU_XX.wav,data/raw/CREMA-D/AudioWAV/1015_IWL_NEU_XX.wav,1015,IWL,NEU,neutral
1015_IWL_SAD_XX.wav,data/raw/CREMA-D/AudioWAV/1015_IWL_SAD_XX.wav,1015,IWL,SAD,sad
1015_IWW_ANG_XX.wav,data/raw/CREMA-D/AudioWAV/1015_IWW_ANG_XX.wav,1015,IWW,ANG,angry
1015_IWW_DIS_XX.wav,data/raw/CREMA-D/AudioWAV/1015_IWW_DIS_XX.wav,1015,IWW,DIS,disgust
1015_IWW_FEA_XX.wav,data/raw/CREMA-D/AudioWAV/1015_IWW_FEA_XX.wav,1015,IWW,FEA,fear
1015_IWW_HAP_XX.wav,data/raw/CREMA-D/AudioWAV/1015_IWW_HAP_XX.wav,1015,IWW,HAP,happy
1015_IWW_NEU_XX.wav,data/raw/CREMA-D/AudioWAV/1015_IWW_NEU_XX.wav,1015,IWW,NEU,neutral
1015_IWW_SAD_XX.wav,data/raw/CREMA-D/AudioWAV/1015_IWW_SAD_XX.wav,1015,IWW,SAD,sad
1015_MTI_ANG_XX.wav,data/raw/CREMA-D/AudioWAV/1015_MTI_ANG_XX.wav,1015,MTI,ANG,angry
1015_MTI_DIS_XX.wav,data/raw/CREMA-D/AudioWAV/1015_MTI_DIS_XX.wav,1015,MTI,DIS,disgust
1015_MTI_FEA_XX.wav,data/raw/CREMA-D/AudioWAV/1015_MTI_FEA_XX.wav,1015,MTI,FEA,fear
1015_MTI_HAP_XX.wav,data/raw/CREMA-D/AudioWAV/1015_MTI_HAP_XX.wav,1015,MTI,HAP,happy
1015_MTI_NEU_XX.wav,data/raw/CREMA-D/AudioWAV/1015_MTI_NEU_XX.wav,1015,MTI,NEU,neutral
1015_MTI_SAD_XX.wav,data/raw/CREMA-D/AudioWAV/1015_MTI_SAD_XX.wav,1015,MTI,SAD,sad
1015_TAI_ANG_XX.wav,data/raw/CREMA-D/AudioWAV/1015_TAI_ANG_XX.wav,1015,TAI,ANG,angry
1015_TAI_DIS_XX.wav,data/raw/CREMA-D/AudioWAV/1015_TAI_DIS_XX.wav,1015,TAI,DIS,disgust
1015_TAI_FEA_XX.wav,data/raw/CREMA-D/AudioWAV/1015_TAI_FEA_XX.wav,1015,TAI,FEA,fear
1015_TAI_HAP_XX.wav,data/raw/CREMA-D/AudioWAV/1015_TAI_HAP_XX.wav,1015,TAI,HAP,happy
1015_TAI_NEU_XX.wav,data/raw/CREMA-D/AudioWAV/1015_TAI_NEU_XX.wav,1015,TAI,NEU,neutral
1015_TAI_SAD_XX.wav,data/raw/CREMA-D/AudioWAV/1015_TAI_SAD_XX.wav,1015,TAI,SAD,sad
1015_TIE_ANG_XX.wav,data/raw/CREMA-D/AudioWAV/1015_TIE_ANG_XX.wav,1015,TIE,ANG,angry
1015_TIE_DIS_XX.wav,data/raw/CREMA-D/AudioWAV/1015_TIE_DIS_XX.wav,1015,TIE,DIS,disgust
1015_TIE_FEA_XX.wav,data/raw/CREMA-D/AudioWAV/1015_TIE_FEA_XX.wav,1015,TIE,FEA,fear
1015_TIE_HAP_XX.wav,data/raw/CREMA-D/AudioWAV/1015_TIE_HAP_XX.wav,1015,TIE,HAP,happy
1015_TIE_NEU_XX.wav,data/raw/CREMA-D/AudioWAV/1015_TIE_NEU_XX.wav,1015,TIE,NEU,neutral
1015_TIE_SAD_XX.wav,data/raw/CREMA-D/AudioWAV/1015_TIE_SAD_XX.wav,1015,TIE,SAD,sad
1015_TSI_ANG_XX.wav,data/raw/CREMA-D/AudioWAV/1015_TSI_ANG_XX.wav,1015,TSI,ANG,angry
1015_TSI_DIS_XX.wav,data/raw/CREMA-D/AudioWAV/1015_TSI_DIS_XX.wav,1015,TSI,DIS,disgust
1015_TSI_FEA_XX.wav,data/raw/CREMA-D/AudioWAV/1015_TSI_FEA_XX.wav,1015,TSI,FEA,fear
1015_TSI_HAP_XX.wav,data/raw/CREMA-D/AudioWAV/1015_TSI_HAP_XX.wav,1015,TSI,HAP,happy
1015_TSI_NEU_XX.wav,data/raw/CREMA-D/AudioWAV/1015_TSI_NEU_XX.wav,1015,TSI,NEU,neutral
1015_TSI_SAD_XX.wav,data/raw/CREMA-D/AudioWAV/1015_TSI_SAD_XX.wav,1015,TSI,SAD,sad
1015_WSI_ANG_XX.wav,data/raw/CREMA-D/AudioWAV/1015_WSI_ANG_XX.wav,1015,WSI,ANG,angry
1015_WSI_DIS_XX.wav,data/raw/CREMA-D/AudioWAV/1015_WSI_DIS_XX.wav,1015,WSI,DIS,disgust
1015_WSI_FEA_XX.wav,data/raw/CREMA-D/AudioWAV/1015_WSI_FEA_XX.wav,1015,WSI,FEA,fear
1015_WSI_HAP_XX.wav,data/raw/CREMA-D/AudioWAV/1015_WSI_HAP_XX.wav,1015,WSI,HAP,happy
1015_WSI_NEU_XX.wav,data/raw/CREMA-D/AudioWAV/1015_WSI_NEU_XX.wav,1015,WSI,NEU,neutral
1015_WSI_SAD_XX.wav,data/raw/CREMA-D/AudioWAV/1015_WSI_SAD_XX.wav,1015,WSI,SAD,sad
1017_DFA_ANG_XX.wav,data/raw/CREMA-D/AudioWAV/1017_DFA_ANG_XX.wav,1017,DFA,ANG,angry
1017_DFA_DIS_XX.wav,data/raw/CREMA-D/AudioWAV/1017_DFA_DIS_XX.wav,1017,DFA,DIS,disgust
1017_DFA_FEA_XX.wav,data/raw/CREMA-D/AudioWAV/1017_DFA_FEA_XX.wav,1017,DFA,FEA,fear
1017_DFA_HAP_XX.wav,data/raw/CREMA-D/AudioWAV/1017_DFA_HAP_XX.wav,1017,DFA,HAP,happy
1017_DFA_NEU_XX.wav,data/raw/CREMA-D/AudioWAV/1017_DFA_NEU_XX.wav,1017,DFA,NEU,neutral
1017_DFA_SAD_XX.wav,data/raw/CREMA-D/AudioWAV/1017_DFA_SAD_XX.wav,1017,DFA,SAD,sad
1017_IEO_ANG_HI.wav,data/raw/CREMA-D/AudioWAV/1017_IEO_ANG_HI.wav,1017,IEO,ANG,angry
1017_IEO_ANG_LO.wav,data/raw/CREMA-D/AudioWAV/1017_IEO_ANG_LO.wav,1017,IEO,ANG,angry
1017_IEO_ANG_MD.wav,data/raw/CREMA-D/AudioWAV/1017_IEO_ANG_MD.wav,1017,IEO,ANG,angry
1017_IEO_DIS_HI.wav,data/raw/CREMA-D/AudioWAV/1017_IEO_DIS_HI.wav,1017,IEO,DIS,disgust
1017_IEO_DIS_LO.wav,data/raw/CREMA-D/AudioWAV/1017_IEO_DIS_LO.wav,1017,IEO,DIS,disgust
1017_IEO_DIS_MD.wav,data/raw/CREMA-D/AudioWAV/1017_IEO_DIS_MD.wav,1017,IEO,DIS,disgust
1017_IEO_FEA_HI.wav,data/raw/CREMA-D/AudioWAV/1017_IEO_FEA_HI.wav,1017,IEO,FEA,fear
1017_IEO_FEA_LO.wav,data/raw/CREMA-D/AudioWAV/1017_IEO_FEA_LO.wav,1017,IEO,FEA,fear
1017_IEO_FEA_MD.wav,data/raw/CREMA-D/AudioWAV/1017_IEO_FEA_MD.wav,1017,IEO,FEA,fear
1017_IEO_HAP_HI.wav,data/raw/CREMA-D/AudioWAV/1017_IEO_HAP_HI.wav,1017,IEO,HAP,happy
1017_IEO_HAP_LO.wav,data/raw/CREMA-D/AudioWAV/1017_IEO_HAP_LO.wav,1017,IEO,HAP,happy
1017_IEO_HAP_MD.wav,data/raw/CREMA-D/AudioWAV/1017_IEO_HAP_MD.wav,1017,IEO,HAP,happy
1017_IEO_NEU_XX.wav,data/raw/CREMA-D/AudioWAV/1017_IEO_NEU_XX.wav,1017,IEO,NEU,neutral
1017_IEO_SAD_HI.wav,data/raw/CREMA-D/AudioWAV/1017_IEO_SAD_HI.wav,1017,IEO,SAD,sad
1017_IEO_SAD_LO.wav,data/raw/CREMA-D/AudioWAV/1017_IEO_SAD_LO.wav,1017,IEO,SAD,sad
1017_IEO_SAD_MD.wav,data/raw/CREMA-D/AudioWAV/1017_IEO_SAD_MD.wav,1017,IEO,SAD,sad
1017_IOM_ANG_XX.wav,data/raw/CREMA-D/AudioWAV/1017_IOM_ANG_XX.wav,1017,IOM,ANG,angry
1017_IOM_DIS_XX.wav,data/raw/CREMA-D/AudioWAV/1017_IOM_DIS_XX.wav,1017,IOM,DIS,disgust
1017_IOM_FEA_XX.wav,data/raw/CREMA-D/AudioWAV/1017_IOM_FEA_XX.wav,1017,IOM,FEA,fear
1017_IOM_HAP_XX.wav,data/raw/CREMA-D/AudioWAV/1017_IOM_HAP_XX.wav,1017,IOM,HAP,happy
1017_IOM_NEU_XX.wav,data/raw/CREMA-D/AudioWAV/1017_IOM_NEU_XX.wav,1017,IOM,NEU,neutral
1017_IOM_SAD_XX.wav,data/raw/CREMA-D/AudioWAV/1017_IOM_SAD_XX.wav,1017,IOM,SAD,sad
1017_ITH_ANG_XX.wav,data/raw/CREMA-D/AudioWAV/1017_ITH_ANG_XX.wav,1017,ITH,ANG,angry
1017_ITH_DIS_XX.wav,data/raw/CREMA-D/AudioWAV/1017_ITH_DIS_XX.wav,1017,ITH,DIS,disgust
1017_ITH_FEA_XX.wav,data/raw/CREMA-D/AudioWAV/1017_ITH_FEA_XX.wav,1017,ITH,FEA,fear
1017_ITH_HAP_XX.wav,data/raw/CREMA-D/AudioWAV/1017_ITH_HAP_XX.wav,1017,ITH,HAP,happy
1017_ITH_NEU_XX.wav,data/raw/CREMA-D/AudioWAV/1017_ITH_NEU_XX.wav,1017,ITH,NEU,neutral
1017_ITH_SAD_XX.wav,data/raw/CREMA-D/AudioWAV/1017_ITH_SAD_XX.wav,1017,ITH,SAD,sad
1017_ITS_ANG_XX.wav,data/raw/CREMA-D/AudioWAV/1017_ITS_ANG_XX.wav,1017,ITS,ANG,angry
1017_ITS_DIS_XX.wav,data/raw/CREMA-D/AudioWAV/1017_ITS_DIS_XX.wav,1017,ITS,DIS,disgust
1017_ITS_FEA_XX.wav,data/raw/CREMA-D/AudioWAV/1017_ITS_FEA_XX.wav,1017,ITS,FEA,fear
1017_ITS_HAP_XX.wav,data/raw/CREMA-D/AudioWAV/1017_ITS_HAP_XX.wav,1017,ITS,HAP,happy
1017_ITS_NEU_XX.wav,data/raw/CREMA-D/AudioWAV/1017_ITS_NEU_XX.wav,1017,ITS,NEU,neutral
1017_ITS_SAD_XX.wav,data/raw/CREMA-D/AudioWAV/1017_ITS_SAD_XX.wav,1017,ITS,SAD,sad
1017_IWL_ANG_XX.wav,data/raw/CREMA-D/AudioWAV/1017_IWL_ANG_XX.wav,1017,IWL,ANG,angry
1017_IWL_DIS_XX.wav,data/raw/CREMA-D/AudioWAV/1017_IWL_DIS_XX.wav,1017,IWL,DIS,disgust
1017_IWL_FEA_XX.wav,data/raw/CREMA-D/AudioWAV/1017_IWL_FEA_XX.wav,1017,IWL,FEA,fear
1017_IWL_HAP_XX.wav,data/raw/CREMA-D/AudioWAV/1017_IWL_HAP_XX.wav,1017,IWL,HAP,happy
1017_IWL_NEU_XX.wav,data/raw/CREMA-D/AudioWAV/1017_IWL_NEU_XX.wav,1017,IWL,NEU,neutral
1017_IWL_SAD_XX.wav,data/raw/CREMA-D/AudioWAV/1017_IWL_SAD_XX.wav,1017,IWL,SAD,sad
1017_IWW_ANG_XX.wav,data/raw/CREMA-D/AudioWAV/1017_IWW_ANG_XX.wav,1017,IWW,ANG,angry
1017_IWW_DIS_XX.wav,data/raw/CREMA-D/AudioWAV/1017_IWW_DIS_XX.wav,1017,IWW,DIS,disgust
1017_IWW_FEA_XX.wav,data/raw/CREMA-D/AudioWAV/1017_IWW_FEA_XX.wav,1017,IWW,FEA,fear
1017_IWW_HAP_XX.wav,data/raw/CREMA-D/AudioWAV/1017_IWW_HAP_XX.wav,1017,IWW,HAP,happy
1017_IWW_NEU_XX.wav,data/raw/CREMA-D/AudioWAV/1017_IWW_NEU_XX.wav,1017,IWW,NEU,neutral
1017_IWW_SAD_XX.wav,data/raw/CREMA-D/AudioWAV/1017_IWW_SAD_XX.wav,1017,IWW,SAD,sad
1017_MTI_ANG_XX.wav,data/raw/CREMA-D/AudioWAV/1017_MTI_ANG_XX.wav,1017,MTI,ANG,angry
1017_MTI_DIS_XX.wav,data/raw/CREMA-D/AudioWAV/1017_MTI_DIS_XX.wav,1017,MTI,DIS,disgust
1017_MTI_FEA_XX.wav,data/raw/CREMA-D/AudioWAV/1017_MTI_FEA_XX.wav,1017,MTI,FEA,fear
1017_MTI_HAP_XX.wav,data/raw/CREMA-D/AudioWAV/1017_MTI_HAP_XX.wav,1017,MTI,HAP,happy
1017_MTI_NEU_XX.wav,data/raw/CREMA-D/AudioWAV/1017_MTI_NEU_XX.wav,1017,MTI,NEU,neutral
1017_MTI_SAD_XX.wav,data/raw/CREMA-D/AudioWAV/1017_MTI_SAD_XX.wav,1017,MTI,SAD,sad
1017_TAI_ANG_XX.wav,data/raw/CREMA-D/AudioWAV/1017_TAI_ANG_XX.wav,1017,TAI,ANG,angry
1017_TAI_DIS_XX.wav,data/raw/CREMA-D/AudioWAV/1017_TAI_DIS_XX.wav,1017,TAI,DIS,disgust
1017_TAI_FEA_XX.wav,data/raw/CREMA-D/AudioWAV/1017_TAI_FEA_XX.wav,1017,TAI,FEA,fear
1017_TAI_HAP_XX.wav,data/raw/CREMA-D/AudioWAV/1017_TAI_HAP_XX.wav,1017,TAI,HAP,happy
1017_TAI_NEU_XX.wav,data/raw/CREMA-D/AudioWAV/1017_TAI_NEU_XX.wav,1017,TAI,NEU,neutral
1017_TAI_SAD_XX.wav,data/raw/CREMA-D/AudioWAV/1017_TAI_SAD_XX.wav,1017,TAI,SAD,sad
1017_TIE_ANG_XX.wav,data/raw/CREMA-D/AudioWAV/1017_TIE_ANG_XX.wav,1017,TIE,ANG,angry
1017_TIE_DIS_XX.wav,data/raw/CREMA-D/AudioWAV/1017_TIE_DIS_XX.wav,1017,TIE,DIS,disgust
1017_TIE_FEA_XX.wav,data/raw/CREMA-D/AudioWAV/1017_TIE_FEA_XX.wav,1017,TIE,FEA,fear
1017_TIE_HAP_XX.wav,data/raw/CREMA-D/AudioWAV/1017_TIE_HAP_XX.wav,1017,TIE,HAP,happy
1017_TIE_NEU_XX.wav,data/raw/CREMA-D/AudioWAV/1017_TIE_NEU_XX.wav,1017,TIE,NEU,neutral
1017_TIE_SAD_XX.wav,data/raw/CREMA-D/AudioWAV/1017_TIE_SAD_XX.wav,1017,TIE,SAD,sad
1017_TSI_ANG_XX.wav,data/raw/CREMA-D/AudioWAV/1017_TSI_ANG_XX.wav,1017,TSI,ANG,angry
1017_TSI_DIS_XX.wav,data/raw/CREMA-D/AudioWAV/1017_TSI_DIS_XX.wav,1017,TSI,DIS,disgust
1017_TSI_FEA_XX.wav,data/raw/CREMA-D/AudioWAV/1017_TSI_FEA_XX.wav,1017,TSI,FEA,fear
1017_TSI_HAP_XX.wav,data/raw/CREMA-D/AudioWAV/1017_TSI_HAP_XX.wav,1017,TSI,HAP,happy
1017_TSI_NEU_XX.wav,data/raw/CREMA-D/AudioWAV/1017_TSI_NEU_XX.wav,1017,TSI,NEU,neutral
1017_TSI_SAD_XX.wav,data/raw/CREMA-D/AudioWAV/1017_TSI_SAD_XX.wav,1017,TSI,SAD,sad
1017_WSI_ANG_XX.wav,data/raw/CREMA-D/AudioWAV/1017_WSI_ANG_XX.wav,1017,WSI,ANG,angry
1017_WSI_DIS_XX.wav,data/raw/CREMA-D/AudioWAV/1017_WSI_DIS_XX.wav,1017,WSI,DIS,disgust
1017_WSI_FEA_XX.wav,data/raw/CREMA-D/AudioWAV/1017_WSI_FEA_XX.wav,1017,WSI,FEA,fear
1017_WSI_HAP_XX.wav,data/raw/CREMA-D/AudioWAV/1017_WSI_HAP_XX.wav,1017,WSI,HAP,happy
1017_WSI_NEU_XX.wav,data/raw/CREMA-D/AudioWAV/1017_WSI_NEU_XX.wav,1017,WSI,NEU,neutral
1017_WSI_SAD_XX.wav,data/raw/CREMA-D/AudioWAV/1017_WSI_SAD_XX.wav,1017,WSI,SAD,sad
1018_DFA_ANG_XX.wav,data/raw/CREMA-D/AudioWAV/1018_DFA_ANG_XX.wav,1018,DFA,ANG,angry
1018_DFA_DIS_XX.wav,data/raw/CREMA-D/AudioWAV/1018_DFA_DIS_XX.wav,1018,DFA,DIS,disgust
1018_DFA_FEA_XX.wav,data/raw/CREMA-D/AudioWAV/1018_DFA_FEA_XX.wav,1018,DFA,FEA,fear
1018_DFA_HAP_XX.wav,data/raw/CREMA-D/AudioWAV/1018_DFA_HAP_XX.wav,1018,DFA,HAP,happy
1018_DFA_NEU_XX.wav,data/raw/CREMA-D/AudioWAV/1018_DFA_NEU_XX.wav,1018,DFA,NEU,neutral
1018_DFA_SAD_XX.wav,data/raw/CREMA-D/AudioWAV/1018_DFA_SAD_XX.wav,1018,DFA,SAD,sad
1018_IEO_ANG_HI.wav,data/raw/CREMA-D/AudioWAV/1018_IEO_ANG_HI.wav,1018,IEO,ANG,angry
1018_IEO_ANG_LO.wav,data/raw/CREMA-D/AudioWAV/1018_IEO_ANG_LO.wav,1018,IEO,ANG,angry
1018_IEO_ANG_MD.wav,data/raw/CREMA-D/AudioWAV/1018_IEO_ANG_MD.wav,1018,IEO,ANG,angry
1018_IEO_DIS_HI.wav,data/raw/CREMA-D/AudioWAV/1018_IEO_DIS_HI.wav,1018,IEO,DIS,disgust
1018_IEO_DIS_LO.wav,data/raw/CREMA-D/AudioWAV/1018_IEO_DIS_LO.wav,1018,IEO,DIS,disgust
1018_IEO_DIS_MD.wav,data/raw/CREMA-D/AudioWAV/1018_IEO_DIS_MD.wav,1018,IEO,DIS,disgust
1018_IEO_FEA_HI.wav,data/raw/CREMA-D/AudioWAV/1018_IEO_FEA_HI.wav,1018,IEO,FEA,fear
1018_IEO_FEA_LO.wav,data/raw/CREMA-D/AudioWAV/1018_IEO_FEA_LO.wav,1018,IEO,FEA,fear
1018_IEO_FEA_MD.wav,data/raw/CREMA-D/AudioWAV/1018_IEO_FEA_MD.wav,1018,IEO,FEA,fear
1018_IEO_HAP_HI.wav,data/raw/CREMA-D/AudioWAV/1018_IEO_HAP_HI.wav,1018,IEO,HAP,happy
1018_IEO_HAP_LO.wav,data/raw/CREMA-D/AudioWAV/1018_IEO_HAP_LO.wav,1018,IEO,HAP,happy
1018_IEO_HAP_MD.wav,data/raw/CREMA-D/AudioWAV/1018_IEO_HAP_MD.wav,1018,IEO,HAP,happy
1018_IEO_NEU_XX.wav,data/raw/CREMA-D/AudioWAV/1018_IEO_NEU_XX.wav,1018,IEO,NEU,neutral
1018_IEO_SAD_HI.wav,data/raw/CREMA-D/AudioWAV/1018_IEO_SAD_HI.wav,1018,IEO,SAD,sad
1018_IEO_SAD_LO.wav,data/raw/CREMA-D/AudioWAV/1018_IEO_SAD_LO.wav,1018,IEO,SAD,sad
1018_IEO_SAD_MD.wav,data/raw/CREMA-D/AudioWAV/1018_IEO_SAD_MD.wav,1018,IEO,SAD,sad
1018_IOM_ANG_XX.wav,data/raw/CREMA-D/AudioWAV/1018_IOM_ANG_XX.wav,1018,IOM,ANG,angry
1018_IOM_DIS_XX.wav,data/raw/CREMA-D/AudioWAV/1018_IOM_DIS_XX.wav,1018,IOM,DIS,disgust
1018_IOM_FEA_XX.wav,data/raw/CREMA-D/AudioWAV/1018_IOM_FEA_XX.wav,1018,IOM,FEA,fear
1018_IOM_HAP_XX.wav,data/raw/CREMA-D/AudioWAV/1018_IOM_HAP_XX.wav,1018,IOM,HAP,happy
1018_IOM_NEU_XX.wav,data/raw/CREMA-D/AudioWAV/1018_IOM_NEU_XX.wav,1018,IOM,NEU,neutral
1018_IOM_SAD_XX.wav,data/raw/CREMA-D/AudioWAV/1018_IOM_SAD_XX.wav,1018,IOM,SAD,sad
1018_ITH_ANG_XX.wav,data/raw/CREMA-D/AudioWAV/1018_ITH_ANG_XX.wav,1018,ITH,ANG,angry
1018_ITH_DIS_XX.wav,data/raw/CREMA-D/AudioWAV/1018_ITH_DIS_XX.wav,1018,ITH,DIS,disgust
1018_ITH_FEA_XX.wav,data/raw/CREMA-D/AudioWAV/1018_ITH_FEA_XX.wav,1018,ITH,FEA,fear
1018_ITH_HAP_XX.wav,data/raw/CREMA-D/AudioWAV/1018_ITH_HAP_XX.wav,1018,ITH,HAP,happy
1018_ITH_NEU_XX.wav,data/raw/CREMA-D/AudioWAV/1018_ITH_NEU_XX.wav,1018,ITH,NEU,neutral
1018_ITH_SAD_XX.wav,data/raw/CREMA-D/AudioWAV/1018_ITH_SAD_XX.wav,1018,ITH,SAD,sad
1018_ITS_ANG_XX.wav,data/raw/CREMA-D/AudioWAV/1018_ITS_ANG_XX.wav,1018,ITS,ANG,angry
1018_ITS_DIS_XX.wav,data/raw/CREMA-D/AudioWAV/1018_ITS_DIS_XX.wav,1018,ITS,DIS,disgust
1018_ITS_FEA_XX.wav,data/raw/CREMA-D/AudioWAV/1018_ITS_FEA_XX.wav,1018,ITS,FEA,fear
1018_ITS_HAP_XX.wav,data/raw/CREMA-D/AudioWAV/1018_ITS_HAP_XX.wav,1018,ITS,HAP,happy
1018_ITS_NEU_XX.wav,data/raw/CREMA-D/AudioWAV/1018_ITS_NEU_XX.wav,1018,ITS,NEU,neutral
1018_ITS_SAD_XX.wav,data/raw/CREMA-D/AudioWAV/1018_ITS_SAD_XX.wav,1018,ITS,SAD,sad
1018_IWL_ANG_XX.wav,data/raw/CREMA-D/AudioWAV/1018_IWL_ANG_XX.wav,1018,IWL,ANG,angry
1018_IWL_DIS_XX.wav,data/raw/CREMA-D/AudioWAV/1018_IWL_DIS_XX.wav,1018,IWL,DIS,disgust
1018_IWL_FEA_XX.wav,data/raw/CREMA-D/AudioWAV/1018_IWL_FEA_XX.wav,1018,IWL,FEA,fear
1018_IWL_HAP_XX.wav,data/raw/CREMA-D/AudioWAV/1018_IWL_HAP_XX.wav,1018,IWL,HAP,happy
1018_IWL_NEU_XX.wav,data/raw/CREMA-D/AudioWAV/1018_IWL_NEU_XX.wav,1018,IWL,NEU,neutral
1018_IWL_SAD_XX.wav,data/raw/CREMA-D/AudioWAV/1018_IWL_SAD_XX.wav,1018,IWL,SAD,sad
1018_IWW_ANG_XX.wav,data/raw/CREMA-D/AudioWAV/1018_IWW_ANG_XX.wav,1018,IWW,ANG,angry
1018_IWW_DIS_XX.wav,data/raw/CREMA-D/AudioWAV/1018_IWW_DIS_XX.wav,1018,IWW,DIS,disgust
1018_IWW_FEA_XX.wav,data/raw/CREMA-D/AudioWAV/1018_IWW_FEA_XX.wav,1018,IWW,FEA,fear
1018_IWW_HAP_XX.wav,data/raw/CREMA-D/AudioWAV/1018_IWW_HAP_XX.wav,1018,IWW,HAP,happy
1018_IWW_NEU_XX.wav,data/raw/CREMA-D/AudioWAV/1018_IWW_NEU_XX.wav,1018,IWW,NEU,neutral
1018_IWW_SAD_XX.wav,data/raw/CREMA-D/AudioWAV/1018_IWW_SAD_XX.wav,1018,IWW,SAD,sad
1018_MTI_ANG_XX.wav,data/raw/CREMA-D/AudioWAV/1018_MTI_ANG_XX.wav,1018,MTI,ANG,angry
1018_MTI_DIS_XX.wav,data/raw/CREMA-D/AudioWAV/1018_MTI_DIS_XX.wav,1018,MTI,DIS,disgust
1018_MTI_FEA_XX.wav,data/raw/CREMA-D/AudioWAV/1018_MTI_FEA_XX.wav,1018,MTI,FEA,fear
1018_MTI_HAP_XX.wav,data/raw/CREMA-D/AudioWAV/1018_MTI_HAP_XX.wav,1018,MTI,HAP,happy
1018_MTI_NEU_XX.wav,data/raw/CREMA-D/AudioWAV/1018_MTI_NEU_XX.wav,1018,MTI,NEU,neutral
1018_MTI_SAD_XX.wav,data/raw/CREMA-D/AudioWAV/1018_MTI_SAD_XX.wav,1018,MTI,SAD,sad
1018_TAI_ANG_XX.wav,data/raw/CREMA-D/AudioWAV/1018_TAI_ANG_XX.wav,1018,TAI,ANG,angry
1018_TAI_DIS_XX.wav,data/raw/CREMA-D/AudioWAV/1018_TAI_DIS_XX.wav,1018,TAI,DIS,disgust
1018_TAI_FEA_XX.wav,data/raw/CREMA-D/AudioWAV/1018_TAI_FEA_XX.wav,1018,TAI,FEA,fear
1018_TAI_HAP_XX.wav,data/raw/CREMA-D/AudioWAV/1018_TAI_HAP_XX.wav,1018,TAI,HAP,happy
1018_TAI_NEU_XX.wav,data/raw/CREMA-D/AudioWAV/1018_TAI_NEU_XX.wav,1018,TAI,NEU,neutral
1018_TAI_SAD_XX.wav,data/raw/CREMA-D/AudioWAV/1018_TAI_SAD_XX.wav,1018,TAI,SAD,sad
1018_TIE_ANG_XX.wav,data/raw/CREMA-D/AudioWAV/1018_TIE_ANG_XX.wav,1018,TIE,ANG,angry
1018_TIE_DIS_XX.wav,data/raw/CREMA-D/AudioWAV/1018_TIE_DIS_XX.wav,1018,TIE,DIS,disgust
1018_TIE_FEA_XX.wav,data/raw/CREMA-D/AudioWAV/1018_TIE_FEA_XX.wav,1018,TIE,FEA,fear
1018_TIE_HAP_XX.wav,data/raw/CREMA-D/AudioWAV/1018_TIE_HAP_XX.wav,1018,TIE,HAP,happy
1018_TIE_NEU_XX.wav,data/raw/CREMA-D/AudioWAV/1018_TIE_NEU_XX.wav,1018,TIE,NEU,neutral
1018_TIE_SAD_XX.wav,data/raw/CREMA-D/AudioWAV/1018_TIE_SAD_XX.wav,1018,TIE,SAD,sad
1018_TSI_ANG_XX.wav,data/raw/CREMA-D/AudioWAV/1018_TSI_ANG_XX.wav,1018,TSI,ANG,angry
1018_TSI_DIS_XX.wav,data/raw/CREMA-D/AudioWAV/1018_TSI_DIS_XX.wav,1018,TSI,DIS,disgust
1018_TSI_FEA_XX.wav,data/raw/CREMA-D/AudioWAV/1018_TSI_FEA_XX.wav,1018,TSI,FEA,fear
1018_TSI_HAP_XX.wav,data/raw/CREMA-D/AudioWAV/1018_TSI_HAP_XX.wav,1018,TSI,HAP,happy
1018_TSI_NEU_XX.wav,data/raw/CREMA-D/AudioWAV/1018_TSI_NEU_XX.wav,1018,TSI,NEU,neutral
1018_TSI_SAD_XX.wav,data/raw/CREMA-D/AudioWAV/1018_TSI_SAD_XX.wav,1018,TSI,SAD,sad
1018_WSI_ANG_XX.wav,data/raw/CREMA-D/AudioWAV/1018_WSI_ANG_XX.wav,1018,WSI,ANG,angry
1018_WSI_DIS_XX.wav,data/raw/CREMA-D/AudioWAV/1018_WSI_DIS_XX.wav,1018,WSI,DIS,disgust
1018_WSI_FEA_XX.wav,data/raw/CREMA-D/AudioWAV/1018_WSI_FEA_XX.wav,1018,WSI,FEA,fear
1018_WSI_HAP_XX.wav,data/raw/CREMA-D/AudioWAV/1018_WSI_HAP_XX.wav,1018,WSI,HAP,happy
1018_WSI_NEU_XX.wav,data/raw/CREMA-D/AudioWAV/1018_WSI_NEU_XX.wav,1018,WSI,NEU,neutral
1018_WSI_SAD_XX.wav,data/raw/CREMA-D/AudioWAV/1018_WSI_SAD_XX.wav,1018,WSI,SAD,sad
1020_DFA_ANG_XX.wav,data/raw/CREMA-D/AudioWAV/1020_DFA_ANG_XX.wav,1020,DFA,ANG,angry
1020_DFA_DIS_XX.wav,data/raw/CREMA-D/AudioWAV/1020_DFA_DIS_XX.wav,1020,DFA,DIS,disgust
1020_DFA_FEA_XX.wav,data/raw/CREMA-D/AudioWAV/1020_DFA_FEA_XX.wav,1020,DFA,FEA,fear
1020_DFA_HAP_XX.wav,data/raw/CREMA-D/AudioWAV/1020_DFA_HAP_XX.wav,1020,DFA,HAP,happy
1020_DFA_NEU_XX.wav,data/raw/CREMA-D/AudioWAV/1020_DFA_NEU_XX.wav,1020,DFA,NEU,neutral
1020_DFA_SAD_XX.wav,data/raw/CREMA-D/AudioWAV/1020_DFA_SAD_XX.wav,1020,DFA,SAD,sad
1020_IEO_ANG_HI.wav,data/raw/CREMA-D/AudioWAV/1020_IEO_ANG_HI.wav,1020,IEO,ANG,angry
1020_IEO_ANG_LO.wav,data/raw/CREMA-D/AudioWAV/1020_IEO_ANG_LO.wav,1020,IEO,ANG,angry
1020_IEO_ANG_MD.wav,data/raw/CREMA-D/AudioWAV/1020_IEO_ANG_MD.wav,1020,IEO,ANG,angry
1020_IEO_DIS_HI.wav,data/raw/CREMA-D/AudioWAV/1020_IEO_DIS_HI.wav,1020,IEO,DIS,disgust
1020_IEO_DIS_LO.wav,data/raw/CREMA-D/AudioWAV/1020_IEO_DIS_LO.wav,1020,IEO,DIS,disgust
1020_IEO_DIS_MD.wav,data/raw/CREMA-D/AudioWAV/1020_IEO_DIS_MD.wav,1020,IEO,DIS,disgust
1020_IEO_FEA_HI.wav,data/raw/CREMA-D/AudioWAV/1020_IEO_FEA_HI.wav,1020,IEO,FEA,fear
1020_IEO_FEA_LO.wav,data/raw/CREMA-D/AudioWAV/1020_IEO_FEA_LO.wav,1020,IEO,FEA,fear
1020_IEO_FEA_MD.wav,data/raw/CREMA-D/AudioWAV/1020_IEO_FEA_MD.wav,1020,IEO,FEA,fear
1020_IEO_HAP_HI.wav,data/raw/CREMA-D/AudioWAV/1020_IEO_HAP_HI.wav,1020,IEO,HAP,happy
1020_IEO_HAP_LO.wav,data/raw/CREMA-D/AudioWAV/1020_IEO_HAP_LO.wav,1020,IEO,HAP,happy
1020_IEO_HAP_MD.wav,data/raw/CREMA-D/AudioWAV/1020_IEO_HAP_MD.wav,1020,IEO,HAP,happy
1020_IEO_NEU_XX.wav,data/raw/CREMA-D/AudioWAV/1020_IEO_NEU_XX.wav,1020,IEO,NEU,neutral
1020_IEO_SAD_HI.wav,data/raw/CREMA-D/AudioWAV/1020_IEO_SAD_HI.wav,1020,IEO,SAD,sad
1020_IEO_SAD_LO.wav,data/raw/CREMA-D/AudioWAV/1020_IEO_SAD_LO.wav,1020,IEO,SAD,sad
1020_IEO_SAD_MD.wav,data/raw/CREMA-D/AudioWAV/1020_IEO_SAD_MD.wav,1020,IEO,SAD,sad
1020_IOM_ANG_XX.wav,data/raw/CREMA-D/AudioWAV/1020_IOM_ANG_XX.wav,1020,IOM,ANG,angry
1020_IOM_DIS_XX.wav,data/raw/CREMA-D/AudioWAV/1020_IOM_DIS_XX.wav,1020,IOM,DIS,disgust
1020_IOM_FEA_XX.wav,data/raw/CREMA-D/AudioWAV/1020_IOM_FEA_XX.wav,1020,IOM,FEA,fear
1020_IOM_HAP_XX.wav,data/raw/CREMA-D/AudioWAV/1020_IOM_HAP_XX.wav,1020,IOM,HAP,happy
1020_IOM_NEU_XX.wav,data/raw/CREMA-D/AudioWAV/1020_IOM_NEU_XX.wav,1020,IOM,NEU,neutral
1020_IOM_SAD_XX.wav,data/raw/CREMA-D/AudioWAV/1020_IOM_SAD_XX.wav,1020,IOM,SAD,sad
1020_ITH_ANG_XX.wav,data/raw/CREMA-D/AudioWAV/1020_ITH_ANG_XX.wav,1020,ITH,ANG,angry
1020_ITH_DIS_XX.wav,data/raw/CREMA-D/AudioWAV/1020_ITH_DIS_XX.wav,1020,ITH,DIS,disgust
1020_ITH_FEA_XX.wav,data/raw/CREMA-D/AudioWAV/1020_ITH_FEA_XX.wav,1020,ITH,FEA,fear
1020_ITH_HAP_XX.wav,data/raw/CREMA-D/AudioWAV/1020_ITH_HAP_XX.wav,1020,ITH,HAP,happy
1020_ITH_NEU_XX.wav,data/raw/CREMA-D/AudioWAV/1020_ITH_NEU_XX.wav,1020,ITH,NEU,neutral
1020_ITH_SAD_XX.wav,data/raw/CREMA-D/AudioWAV/1020_ITH_SAD_XX.wav,1020,ITH,SAD,sad
1020_ITS_ANG_XX.wav,data/raw/CREMA-D/AudioWAV/1020_ITS_ANG_XX.wav,1020,ITS,ANG,angry
1020_ITS_DIS_XX.wav,data/raw/CREMA-D/AudioWAV/1020_ITS_DIS_XX.wav,1020,ITS,DIS,disgust
1020_ITS_FEA_XX.wav,data/raw/CREMA-D/AudioWAV/1020_ITS_FEA_XX.wav,1020,ITS,FEA,fear
1020_ITS_HAP_XX.wav,data/raw/CREMA-D/AudioWAV/1020_ITS_HAP_XX.wav,1020,ITS,HAP,happy
1020_ITS_NEU_XX.wav,data/raw/CREMA-D/AudioWAV/1020_ITS_NEU_XX.wav,1020,ITS,NEU,neutral
1020_ITS_SAD_XX.wav,data/raw/CREMA-D/AudioWAV/1020_ITS_SAD_XX.wav,1020,ITS,SAD,sad
1020_IWL_ANG_XX.wav,data/raw/CREMA-D/AudioWAV/1020_IWL_ANG_XX.wav,1020,IWL,ANG,angry
1020_IWL_DIS_XX.wav,data/raw/CREMA-D/AudioWAV/1020_IWL_DIS_XX.wav,1020,IWL,DIS,disgust
1020_IWL_FEA_XX.wav,data/raw/CREMA-D/AudioWAV/1020_IWL_FEA_XX.wav,1020,IWL,FEA,fear
1020_IWL_HAP_XX.wav,data/raw/CREMA-D/AudioWAV/1020_IWL_HAP_XX.wav,1020,IWL,HAP,happy
1020_IWL_NEU_XX.wav,data/raw/CREMA-D/AudioWAV/1020_IWL_NEU_XX.wav,1020,IWL,NEU,neutral
1020_IWL_SAD_XX.wav,data/raw/CREMA-D/AudioWAV/1020_IWL_SAD_XX.wav,1020,IWL,SAD,sad
1020_IWW_ANG_XX.wav,data/raw/CREMA-D/AudioWAV/1020_IWW_ANG_XX.wav,1020,IWW,ANG,angry
1020_IWW_DIS_XX.wav,data/raw/CREMA-D/AudioWAV/1020_IWW_DIS_XX.wav,1020,IWW,DIS,disgust
1020_IWW_FEA_XX.wav,data/raw/CREMA-D/AudioWAV/1020_IWW_FEA_XX.wav,1020,IWW,FEA,fear
1020_IWW_HAP_XX.wav,data/raw/CREMA-D/AudioWAV/1020_IWW_HAP_XX.wav,1020,IWW,HAP,happy
1020_IWW_NEU_XX.wav,data/raw/CREMA-D/AudioWAV/1020_IWW_NEU_XX.wav,1020,IWW,NEU,neutral
1020_IWW_SAD_XX.wav,data/raw/CREMA-D/AudioWAV/1020_IWW_SAD_XX.wav,1020,IWW,SAD,sad
1020_MTI_ANG_XX.wav,data/raw/CREMA-D/AudioWAV/1020_MTI_ANG_XX.wav,1020,MTI,ANG,angry
1020_MTI_DIS_XX.wav,data/raw/CREMA-D/AudioWAV/1020_MTI_DIS_XX.wav,1020,MTI,DIS,disgust
1020_MTI_FEA_XX.wav,data/raw/CREMA-D/AudioWAV/1020_MTI_FEA_XX.wav,1020,MTI,FEA,fear
1020_MTI_HAP_XX.wav,data/raw/CREMA-D/AudioWAV/1020_MTI_HAP_XX.wav,1020,MTI,HAP,happy
1020_MTI_NEU_XX.wav,data/raw/CREMA-D/AudioWAV/1020_MTI_NEU_XX.wav,1020,MTI,NEU,neutral
1020_MTI_SAD_XX.wav,data/raw/CREMA-D/AudioWAV/1020_MTI_SAD_XX.wav,1020,MTI,SAD,sad
1020_TAI_ANG_XX.wav,data/raw/CREMA-D/AudioWAV/1020_TAI_ANG_XX.wav,1020,TAI,ANG,angry
1020_TAI_DIS_XX.wav,data/raw/CREMA-D/AudioWAV/1020_TAI_DIS_XX.wav,1020,TAI,DIS,disgust
1020_TAI_FEA_XX.wav,data/raw/CREMA-D/AudioWAV/1020_TAI_FEA_XX.wav,1020,TAI,FEA,fear
1020_TAI_HAP_XX.wav,data/raw/CREMA-D/AudioWAV/1020_TAI_HAP_XX.wav,1020,TAI,HAP,happy
1020_TAI_NEU_XX.wav,data/raw/CREMA-D/AudioWAV/1020_TAI_NEU_XX.wav,1020,TAI,NEU,neutral
1020_TAI_SAD_XX.wav,data/raw/CREMA-D/AudioWAV/1020_TAI_SAD_XX.wav,1020,TAI,SAD,sad
1020_TIE_ANG_XX.wav,data/raw/CREMA-D/AudioWAV/1020_TIE_ANG_XX.wav,1020,TIE,ANG,angry
1020_TIE_DIS_XX.wav,data/raw/CREMA-D/AudioWAV/1020_TIE_DIS_XX.wav,1020,TIE,DIS,disgust
1020_TIE_FEA_XX.wav,data/raw/CREMA-D/AudioWAV/1020_TIE_FEA_XX.wav,1020,TIE,FEA,fear
1020_TIE_HAP_XX.wav,data/raw/CREMA-D/AudioWAV/1020_TIE_HAP_XX.wav,1020,TIE,HAP,happy
1020_TIE_NEU_XX.wav,data/raw/CREMA-D/AudioWAV/1020_TIE_NEU_XX.wav,1020,TIE,NEU,neutral
1020_TIE_SAD_XX.wav,data/raw/CREMA-D/AudioWAV/1020_TIE_SAD_XX.wav,1020,TIE,SAD,sad
1020_TSI_ANG_XX.wav,data/raw/CREMA-D/AudioWAV/1020_TSI_ANG_XX.wav,1020,TSI,ANG,angry
1020_TSI_DIS_XX.wav,data/raw/CREMA-D/AudioWAV/1020_TSI_DIS_XX.wav,1020,TSI,DIS,disgust
1020_TSI_FEA_XX.wav,data/raw/CREMA-D/AudioWAV/1020_TSI_FEA_XX.wav,1020,TSI,FEA,fear
1020_TSI_HAP_XX.wav,data/raw/CREMA-D/AudioWAV/1020_TSI_HAP_XX.wav,1020,TSI,HAP,happy
1020_TSI_NEU_XX.wav,data/raw/CREMA-D/AudioWAV/1020_TSI_NEU_XX.wav,1020,TSI,NEU,neutral
1020_TSI_SAD_XX.wav,data/raw/CREMA-D/AudioWAV/1020_TSI_SAD_XX.wav,1020,TSI,SAD,sad
1020_WSI_ANG_XX.wav,data/raw/CREMA-D/AudioWAV/1020_WSI_ANG_XX.wav,1020,WSI,ANG,angry
1020_WSI_DIS_XX.wav,data/raw/CREMA-D/AudioWAV/1020_WSI_DIS_XX.wav,1020,WSI,DIS,disgust
1020_WSI_FEA_XX.wav,data/raw/CREMA-D/AudioWAV/1020_WSI_FEA_XX.wav,1020,WSI,FEA,fear
1020_WSI_HAP_XX.wav,data/raw/CREMA-D/AudioWAV/1020_WSI_HAP_XX.wav,1020,WSI,HAP,happy
1020_WSI_NEU_XX.wav,data/raw/CREMA-D/AudioWAV/1020_WSI_NEU_XX.wav,1020,WSI,NEU,neutral
1020_WSI_SAD_XX.wav,data/raw/CREMA-D/AudioWAV/1020_WSI_SAD_XX.wav,1020,WSI,SAD,sad
1021_DFA_ANG_XX.wav,data/raw/CREMA-D/AudioWAV/1021_DFA_ANG_XX.wav,1021,DFA,ANG,angry
1021_DFA_DIS_XX.wav,data/raw/CREMA-D/AudioWAV/1021_DFA_DIS_XX.wav,1021,DFA,DIS,disgust
1021_DFA_FEA_XX.wav,data/raw/CREMA-D/AudioWAV/1021_DFA_FEA_XX.wav,1021,DFA,FEA,fear
1021_DFA_HAP_XX.wav,data/raw/CREMA-D/AudioWAV/1021_DFA_HAP_XX.wav,1021,DFA,HAP,happy
1021_DFA_NEU_XX.wav,data/raw/CREMA-D/AudioWAV/1021_DFA_NEU_XX.wav,1021,DFA,NEU,neutral
1021_DFA_SAD_XX.wav,data/raw/CREMA-D/AudioWAV/1021_DFA_SAD_XX.wav,1021,DFA,SAD,sad
1021_IEO_ANG_HI.wav,data/raw/CREMA-D/AudioWAV/1021_IEO_ANG_HI.wav,1021,IEO,ANG,angry
1021_IEO_ANG_LO.wav,data/raw/CREMA-D/AudioWAV/1021_IEO_ANG_LO.wav,1021,IEO,ANG,angry
1021_IEO_ANG_MD.wav,data/raw/CREMA-D/AudioWAV/1021_IEO_ANG_MD.wav,1021,IEO,ANG,angry
1021_IEO_DIS_HI.wav,data/raw/CREMA-D/AudioWAV/1021_IEO_DIS_HI.wav,1021,IEO,DIS,disgust
1021_IEO_DIS_LO.wav,data/raw/CREMA-D/AudioWAV/1021_IEO_DIS_LO.wav,1021,IEO,DIS,disgust
1021_IEO_DIS_MD.wav,data/raw/CREMA-D/AudioWAV/1021_IEO_DIS_MD.wav,1021,IEO,DIS,disgust
1021_IEO_FEA_HI.wav,data/raw/CREMA-D/AudioWAV/1021_IEO_FEA_HI.wav,1021,IEO,FEA,fear
1021_IEO_FEA_LO.wav,data/raw/CREMA-D/AudioWAV/1021_IEO_FEA_LO.wav,1021,IEO,FEA,fear
1021_IEO_FEA_MD.wav,data/raw/CREMA-D/AudioWAV/1021_IEO_FEA_MD.wav,1021,IEO,FEA,fear
1021_IEO_HAP_HI.wav,data/raw/CREMA-D/AudioWAV/1021_IEO_HAP_HI.wav,1021,IEO,HAP,happy
1021_IEO_HAP_LO.wav,data/raw/CREMA-D/AudioWAV/1021_IEO_HAP_LO.wav,1021,IEO,HAP,happy
1021_IEO_HAP_MD.wav,data/raw/CREMA-D/AudioWAV/1021_IEO_HAP_MD.wav,1021,IEO,HAP,happy
1021_IEO_NEU_XX.wav,data/raw/CREMA-D/AudioWAV/1021_IEO_NEU_XX.wav,1021,IEO,NEU,neutral
1021_IEO_SAD_HI.wav,data/raw/CREMA-D/AudioWAV/1021_IEO_SAD_HI.wav,1021,IEO,SAD,sad
1021_IEO_SAD_LO.wav,data/raw/CREMA-D/AudioWAV/1021_IEO_SAD_LO.wav,1021,IEO,SAD,sad
1021_IEO_SAD_MD.wav,data/raw/CREMA-D/AudioWAV/1021_IEO_SAD_MD.wav,1021,IEO,SAD,sad
1021_IOM_ANG_XX.wav,data/raw/CREMA-D/AudioWAV/1021_IOM_ANG_XX.wav,1021,IOM,ANG,angry
1021_IOM_DIS_XX.wav,data/raw/CREMA-D/AudioWAV/1021_IOM_DIS_XX.wav,1021,IOM,DIS,disgust
1021_IOM_FEA_XX.wav,data/raw/CREMA-D/AudioWAV/1021_IOM_FEA_XX.wav,1021,IOM,FEA,fear
1021_IOM_HAP_XX.wav,data/raw/CREMA-D/AudioWAV/1021_IOM_HAP_XX.wav,1021,IOM,HAP,happy
1021_IOM_NEU_XX.wav,data/raw/CREMA-D/AudioWAV/1021_IOM_NEU_XX.wav,1021,IOM,NEU,neutral
1021_IOM_SAD_XX.wav,data/raw/CREMA-D/AudioWAV/1021_IOM_SAD_XX.wav,1021,IOM,SAD,sad
1021_ITH_ANG_XX.wav,data/raw/CREMA-D/AudioWAV/1021_ITH_ANG_XX.wav,1021,ITH,ANG,angry
1021_ITH_DIS_XX.wav,data/raw/CREMA-D/AudioWAV/1021_ITH_DIS_XX.wav,1021,ITH,DIS,disgust
1021_ITH_FEA_XX.wav,data/raw/CREMA-D/AudioWAV/1021_ITH_FEA_XX.wav,1021,ITH,FEA,fear
1021_ITH_HAP_XX.wav,data/raw/CREMA-D/AudioWAV/1021_ITH_HAP_XX.wav,1021,ITH,HAP,happy
1021_ITH_NEU_XX.wav,data/raw/CREMA-D/AudioWAV/1021_ITH_NEU_XX.wav,1021,ITH,NEU,neutral
1021_ITH_SAD_XX.wav,data/raw/CREMA-D/AudioWAV/1021_ITH_SAD_XX.wav,1021,ITH,SAD,sad
1021_ITS_ANG_XX.wav,data/raw/CREMA-D/AudioWAV/1021_ITS_ANG_XX.wav,1021,ITS,ANG,angry
1021_ITS_DIS_XX.wav,data/raw/CREMA-D/AudioWAV/1021_ITS_DIS_XX.wav,1021,ITS,DIS,disgust
1021_ITS_FEA_XX.wav,data/raw/CREMA-D/AudioWAV/1021_ITS_FEA_XX.wav,1021,ITS,FEA,fear
1021_ITS_HAP_XX.wav,data/raw/CREMA-D/AudioWAV/1021_ITS_HAP_XX.wav,1021,ITS,HAP,happy
1021_ITS_NEU_XX.wav,data/raw/CREMA-D/AudioWAV/1021_ITS_NEU_XX.wav,1021,ITS,NEU,neutral
1021_ITS_SAD_XX.wav,data/raw/CREMA-D/AudioWAV/1021_ITS_SAD_XX.wav,1021,ITS,SAD,sad
1021_IWL_ANG_XX.wav,data/raw/CREMA-D/AudioWAV/1021_IWL_ANG_XX.wav,1021,IWL,ANG,angry
1021_IWL_DIS_XX.wav,data/raw/CREMA-D/AudioWAV/1021_IWL_DIS_XX.wav,1021,IWL,DIS,disgust
1021_IWL_FEA_XX.wav,data/raw/CREMA-D/AudioWAV/1021_IWL_FEA_XX.wav,1021,IWL,FEA,fear
1021_IWL_HAP_XX.wav,data/raw/CREMA-D/AudioWAV/1021_IWL_HAP_XX.wav,1021,IWL,HAP,happy
1021_IWL_NEU_XX.wav,data/raw/CREMA-D/AudioWAV/1021_IWL_NEU_XX.wav,1021,IWL,NEU,neutral
1021_IWL_SAD_XX.wav,data/raw/CREMA-D/AudioWAV/1021_IWL_SAD_XX.wav,1021,IWL,SAD,sad
1021_IWW_ANG_XX.wav,data/raw/CREMA-D/AudioWAV/1021_IWW_ANG_XX.wav,1021,IWW,ANG,angry
1021_IWW_DIS_XX.wav,data/raw/CREMA-D/AudioWAV/1021_IWW_DIS_XX.wav,1021,IWW,DIS,disgust
1021_IWW_FEA_XX.wav,data/raw/CREMA-D/AudioWAV/1021_IWW_FEA_XX.wav,1021,IWW,FEA,fear
1021_IWW_HAP_XX.wav,data/raw/CREMA-D/AudioWAV/1021_IWW_HAP_XX.wav,1021,IWW,HAP,happy
1021_IWW_NEU_XX.wav,data/raw/CREMA-D/AudioWAV/1021_IWW_NEU_XX.wav,1021,IWW,NEU,neutral
1021_IWW_SAD_XX.wav,data/raw/CREMA-D/AudioWAV/1021_IWW_SAD_XX.wav,1021,IWW,SAD,sad
1021_MTI_ANG_XX.wav,data/raw/CREMA-D/AudioWAV/1021_MTI_ANG_XX.wav,1021,MTI,ANG,angry
1021_MTI_DIS_XX.wav,data/raw/CREMA-D/AudioWAV/1021_MTI_DIS_XX.wav,1021,MTI,DIS,disgust
1021_MTI_FEA_XX.wav,data/raw/CREMA-D/AudioWAV/1021_MTI_FEA_XX.wav,1021,MTI,FEA,fear
1021_MTI_HAP_XX.wav,data/raw/CREMA-D/AudioWAV/1021_MTI_HAP_XX.wav,1021,MTI,HAP,happy
1021_MTI_NEU_XX.wav,data/raw/CREMA-D/AudioWAV/1021_MTI_NEU_XX.wav,1021,MTI,NEU,neutral
1021_MTI_SAD_XX.wav,data/raw/CREMA-D/AudioWAV/1021_MTI_SAD_XX.wav,1021,MTI,SAD,sad
1021_TAI_ANG_XX.wav,data/raw/CREMA-D/AudioWAV/1021_TAI_ANG_XX.wav,1021,TAI,ANG,angry
1021_TAI_DIS_XX.wav,data/raw/CREMA-D/AudioWAV/1021_TAI_DIS_XX.wav,1021,TAI,DIS,disgust
1021_TAI_FEA_XX.wav,data/raw/CREMA-D/AudioWAV/1021_TAI_FEA_XX.wav,1021,TAI,FEA,fear
1021_TAI_HAP_XX.wav,data/raw/CREMA-D/AudioWAV/1021_TAI_HAP_XX.wav,1021,TAI,HAP,happy
1021_TAI_NEU_XX.wav,data/raw/CREMA-D/AudioWAV/1021_TAI_NEU_XX.wav,1021,TAI,NEU,neutral
1021_TAI_SAD_XX.wav,data/raw/CREMA-D/AudioWAV/1021_TAI_SAD_XX.wav,1021,TAI,SAD,sad
1021_TIE_ANG_XX.wav,data/raw/CREMA-D/AudioWAV/1021_TIE_ANG_XX.wav,1021,TIE,ANG,angry
1021_TIE_DIS_XX.wav,data/raw/CREMA-D/AudioWAV/1021_TIE_DIS_XX.wav,1021,TIE,DIS,disgust
1021_TIE_FEA_XX.wav,data/raw/CREMA-D/AudioWAV/1021_TIE_FEA_XX.wav,1021,TIE,FEA,fear
1021_TIE_HAP_XX.wav,data/raw/CREMA-D/AudioWAV/1021_TIE_HAP_XX.wav,1021,TIE,HAP,happy
1021_TIE_NEU_XX.wav,data/raw/CREMA-D/AudioWAV/1021_TIE_NEU_XX.wav,1021,TIE,NEU,neutral
1021_TIE_SAD_XX.wav,data/raw/CREMA-D/AudioWAV/1021_TIE_SAD_XX.wav,1021,TIE,SAD,sad
1021_TSI_ANG_XX.wav,data/raw/CREMA-D/AudioWAV/1021_TSI_ANG_XX.wav,1021,TSI,ANG,angry
1021_TSI_DIS_XX.wav,data/raw/CREMA-D/AudioWAV/1021_TSI_DIS_XX.wav,1021,TSI,DIS,disgust
1021_TSI_FEA_XX.wav,data/raw/CREMA-D/AudioWAV/1021_TSI_FEA_XX.wav,1021,TSI,FEA,fear
1021_TSI_HAP_XX.wav,data/raw/CREMA-D/AudioWAV/1021_TSI_HAP_XX.wav,1021,TSI,HAP,happy
1021_TSI_NEU_XX.wav,data/raw/CREMA-D/AudioWAV/1021_TSI_NEU_XX.wav,1021,TSI,NEU,neutral
1021_TSI_SAD_XX.wav,data/raw/CREMA-D/AudioWAV/1021_TSI_SAD_XX.wav,1021,TSI,SAD,sad
1021_WSI_ANG_XX.wav,data/raw/CREMA-D/AudioWAV/1021_WSI_ANG_XX.wav,1021,WSI,ANG,angry
1021_WSI_DIS_XX.wav,data/raw/CREMA-D/AudioWAV/1021_WSI_DIS_XX.wav,1021,WSI,DIS,disgust
1021_WSI_FEA_XX.wav,data/raw/CREMA-D/AudioWAV/1021_WSI_FEA_XX.wav,1021,WSI,FEA,fear
1021_WSI_HAP_XX.wav,data/raw/CREMA-D/AudioWAV/1021_WSI_HAP_XX.wav,1021,WSI,HAP,happy
1021_WSI_NEU_XX.wav,data/raw/CREMA-D/AudioWAV/1021_WSI_NEU_XX.wav,1021,WSI,NEU,neutral
1021_WSI_SAD_XX.wav,data/raw/CREMA-D/AudioWAV/1021_WSI_SAD_XX.wav,1021,WSI,SAD,sad
1022_DFA_ANG_XX.wav,data/raw/CREMA-D/AudioWAV/1022_DFA_ANG_XX.wav,1022,DFA,ANG,angry
1022_DFA_DIS_XX.wav,data/raw/CREMA-D/AudioWAV/1022_DFA_DIS_XX.wav,1022,DFA,DIS,disgust
1022_DFA_FEA_XX.wav,data/raw/CREMA-D/AudioWAV/1022_DFA_FEA_XX.wav,1022,DFA,FEA,fear
1022_DFA_HAP_XX.wav,data/raw/CREMA-D/AudioWAV/1022_DFA_HAP_XX.wav,1022,DFA,HAP,happy
1022_DFA_NEU_XX.wav,data/raw/CREMA-D/AudioWAV/1022_DFA_NEU_XX.wav,1022,DFA,NEU,neutral
1022_DFA_SAD_XX.wav,data/raw/CREMA-D/AudioWAV/1022_DFA_SAD_XX.wav,1022,DFA,SAD,sad
1022_IEO_ANG_HI.wav,data/raw/CREMA-D/AudioWAV/1022_IEO_ANG_HI.wav,1022,IEO,ANG,angry
1022_IEO_ANG_LO.wav,data/raw/CREMA-D/AudioWAV/1022_IEO_ANG_LO.wav,1022,IEO,ANG,angry
1022_IEO_ANG_MD.wav,data/raw/CREMA-D/AudioWAV/1022_IEO_ANG_MD.wav,1022,IEO,ANG,angry
1022_IEO_DIS_HI.wav,data/raw/CREMA-D/AudioWAV/1022_IEO_DIS_HI.wav,1022,IEO,DIS,disgust
1022_IEO_DIS_LO.wav,data/raw/CREMA-D/AudioWAV/1022_IEO_DIS_LO.wav,1022,IEO,DIS,disgust
1022_IEO_DIS_MD.wav,data/raw/CREMA-D/AudioWAV/1022_IEO_DIS_MD.wav,1022,IEO,DIS,disgust
1022_IEO_FEA_HI.wav,data/raw/CREMA-D/AudioWAV/1022_IEO_FEA_HI.wav,1022,IEO,FEA,fear
1022_IEO_FEA_LO.wav,data/raw/CREMA-D/AudioWAV/1022_IEO_FEA_LO.wav,1022,IEO,FEA,fear
1022_IEO_FEA_MD.wav,data/raw/CREMA-D/AudioWAV/1022_IEO_FEA_MD.wav,1022,IEO,FEA,fear
1022_IEO_HAP_HI.wav,data/raw/CREMA-D/AudioWAV/1022_IEO_HAP_HI.wav,1022,IEO,HAP,happy
1022_IEO_HAP_LO.wav,data/raw/CREMA-D/AudioWAV/1022_IEO_HAP_LO.wav,1022,IEO,HAP,happy
1022_IEO_HAP_MD.wav,data/raw/CREMA-D/AudioWAV/1022_IEO_HAP_MD.wav,1022,IEO,HAP,happy
1022_IEO_NEU_XX.wav,data/raw/CREMA-D/AudioWAV/1022_IEO_NEU_XX.wav,1022,IEO,NEU,neutral
1022_IEO_SAD_HI.wav,data/raw/CREMA-D/AudioWAV/1022_IEO_SAD_HI.wav,1022,IEO,SAD,sad
1022_IEO_SAD_LO.wav,data/raw/CREMA-D/AudioWAV/1022_IEO_SAD_LO.wav,1022,IEO,SAD,sad
1022_IEO_SAD_MD.wav,data/raw/CREMA-D/AudioWAV/1022_IEO_SAD_MD.wav,1022,IEO,SAD,sad
1022_IOM_ANG_XX.wav,data/raw/CREMA-D/AudioWAV/1022_IOM_ANG_XX.wav,1022,IOM,ANG,angry
1022_IOM_DIS_XX.wav,data/raw/CREMA-D/AudioWAV/1022_IOM_DIS_XX.wav,1022,IOM,DIS,disgust
1022_IOM_FEA_XX.wav,data/raw/CREMA-D/AudioWAV/1022_IOM_FEA_XX.wav,1022,IOM,FEA,fear
1022_IOM_HAP_XX.wav,data/raw/CREMA-D/AudioWAV/1022_IOM_HAP_XX.wav,1022,IOM,HAP,happy
1022_IOM_NEU_XX.wav,data/raw/CREMA-D/AudioWAV/1022_IOM_NEU_XX.wav,1022,IOM,NEU,neutral
1022_IOM_SAD_XX.wav,data/raw/CREMA-D/AudioWAV/1022_IOM_SAD_XX.wav,1022,IOM,SAD,sad
1022_ITH_ANG_XX.wav,data/raw/CREMA-D/AudioWAV/1022_ITH_ANG_XX.wav,1022,ITH,ANG,angry
1022_ITH_DIS_XX.wav,data/raw/CREMA-D/AudioWAV/1022_ITH_DIS_XX.wav,1022,ITH,DIS,disgust
1022_ITH_FEA_XX.wav,data/raw/CREMA-D/AudioWAV/1022_ITH_FEA_XX.wav,1022,ITH,FEA,fear
1022_ITH_HAP_XX.wav,data/raw/CREMA-D/AudioWAV/1022_ITH_HAP_XX.wav,1022,ITH,HAP,happy
1022_ITH_NEU_XX.wav,data/raw/CREMA-D/AudioWAV/1022_ITH_NEU_XX.wav,1022,ITH,NEU,neutral
1022_ITH_SAD_XX.wav,data/raw/CREMA-D/AudioWAV/1022_ITH_SAD_XX.wav,1022,ITH,SAD,sad
1022_ITS_ANG_XX.wav,data/raw/CREMA-D/AudioWAV/1022_ITS_ANG_XX.wav,1022,ITS,ANG,angry
1022_ITS_DIS_XX.wav,data/raw/CREMA-D/AudioWAV/1022_ITS_DIS_XX.wav,1022,ITS,DIS,disgust
1022_ITS_FEA_XX.wav,data/raw/CREMA-D/AudioWAV/1022_ITS_FEA_XX.wav,1022,ITS,FEA,fear
1022_ITS_HAP_XX.wav,data/raw/CREMA-D/AudioWAV/1022_ITS_HAP_XX.wav,1022,ITS,HAP,happy
1022_ITS_NEU_XX.wav,data/raw/CREMA-D/AudioWAV/1022_ITS_NEU_XX.wav,1022,ITS,NEU,neutral
1022_ITS_SAD_XX.wav,data/raw/CREMA-D/AudioWAV/1022_ITS_SAD_XX.wav,1022,ITS,SAD,sad
1022_IWL_ANG_XX.wav,data/raw/CREMA-D/AudioWAV/1022_IWL_ANG_XX.wav,1022,IWL,ANG,angry
1022_IWL_DIS_XX.wav,data/raw/CREMA-D/AudioWAV/1022_IWL_DIS_XX.wav,1022,IWL,DIS,disgust
1022_IWL_FEA_XX.wav,data/raw/CREMA-D/AudioWAV/1022_IWL_FEA_XX.wav,1022,IWL,FEA,fear
1022_IWL_HAP_XX.wav,data/raw/CREMA-D/AudioWAV/1022_IWL_HAP_XX.wav,1022,IWL,HAP,happy
1022_IWL_NEU_XX.wav,data/raw/CREMA-D/AudioWAV/1022_IWL_NEU_XX.wav,1022,IWL,NEU,neutral
1022_IWL_SAD_XX.wav,data/raw/CREMA-D/AudioWAV/1022_IWL_SAD_XX.wav,1022,IWL,SAD,sad
1022_IWW_ANG_XX.wav,data/raw/CREMA-D/AudioWAV/1022_IWW_ANG_XX.wav,1022,IWW,ANG,angry
1022_IWW_DIS_XX.wav,data/raw/CREMA-D/AudioWAV/1022_IWW_DIS_XX.wav,1022,IWW,DIS,disgust
1022_IWW_FEA_XX.wav,data/raw/CREMA-D/AudioWAV/1022_IWW_FEA_XX.wav,1022,IWW,FEA,fear
1022_IWW_HAP_XX.wav,data/raw/CREMA-D/AudioWAV/1022_IWW_HAP_XX.wav,1022,IWW,HAP,happy
1022_IWW_NEU_XX.wav,data/raw/CREMA-D/AudioWAV/1022_IWW_NEU_XX.wav,1022,IWW,NEU,neutral
1022_IWW_SAD_XX.wav,data/raw/CREMA-D/AudioWAV/1022_IWW_SAD_XX.wav,1022,IWW,SAD,sad
1022_MTI_ANG_XX.wav,data/raw/CREMA-D/AudioWAV/1022_MTI_ANG_XX.wav,1022,MTI,ANG,angry
1022_MTI_DIS_XX.wav,data/raw/CREMA-D/AudioWAV/1022_MTI_DIS_XX.wav,1022,MTI,DIS,disgust
1022_MTI_FEA_XX.wav,data/raw/CREMA-D/AudioWAV/1022_MTI_FEA_XX.wav,1022,MTI,FEA,fear
1022_MTI_HAP_XX.wav,data/raw/CREMA-D/AudioWAV/1022_MTI_HAP_XX.wav,1022,MTI,HAP,happy
1022_MTI_NEU_XX.wav,data/raw/CREMA-D/AudioWAV/1022_MTI_NEU_XX.wav,1022,MTI,NEU,neutral
1022_MTI_SAD_XX.wav,data/raw/CREMA-D/AudioWAV/1022_MTI_SAD_XX.wav,1022,MTI,SAD,sad
1022_TAI_ANG_XX.wav,data/raw/CREMA-D/AudioWAV/1022_TAI_ANG_XX.wav,1022,TAI,ANG,angry
1022_TAI_DIS_XX.wav,data/raw/CREMA-D/AudioWAV/1022_TAI_DIS_XX.wav,1022,TAI,DIS,disgust
1022_TAI_FEA_XX.wav,data/raw/CREMA-D/AudioWAV/1022_TAI_FEA_XX.wav,1022,TAI,FEA,fear
1022_TAI_HAP_XX.wav,data/raw/CREMA-D/AudioWAV/1022_TAI_HAP_XX.wav,1022,TAI,HAP,happy
1022_TAI_NEU_XX.wav,data/raw/CREMA-D/AudioWAV/1022_TAI_NEU_XX.wav,1022,TAI,NEU,neutral
1022_TAI_SAD_XX.wav,data/raw/CREMA-D/AudioWAV/1022_TAI_SAD_XX.wav,1022,TAI,SAD,sad
1022_TIE_ANG_XX.wav,data/raw/CREMA-D/AudioWAV/1022_TIE_ANG_XX.wav,1022,TIE,ANG,angry
1022_TIE_DIS_XX.wav,data/raw/CREMA-D/AudioWAV/1022_TIE_DIS_XX.wav,1022,TIE,DIS,disgust
1022_TIE_FEA_XX.wav,data/raw/CREMA-D/AudioWAV/1022_TIE_FEA_XX.wav,1022,TIE,FEA,fear
1022_TIE_HAP_XX.wav,data/raw/CREMA-D/AudioWAV/1022_TIE_HAP_XX.wav,1022,TIE,HAP,happy
1022_TIE_NEU_XX.wav,data/raw/CREMA-D/AudioWAV/1022_TIE_NEU_XX.wav,1022,TIE,NEU,neutral
1022_TIE_SAD_XX.wav,data/raw/CREMA-D/AudioWAV/1022_TIE_SAD_XX.wav,1022,TIE,SAD,sad
1022_TSI_ANG_XX.wav,data/raw/CREMA-D/AudioWAV/1022_TSI_ANG_XX.wav,1022,TSI,ANG,angry
1022_TSI_DIS_XX.wav,data/raw/CREMA-D/AudioWAV/1022_TSI_DIS_XX.wav,1022,TSI,DIS,disgust
1022_TSI_FEA_XX.wav,data/raw/CREMA-D/AudioWAV/1022_TSI_FEA_XX.wav,1022,TSI,FEA,fear
1022_TSI_HAP_XX.wav,data/raw/CREMA-D/AudioWAV/1022_TSI_HAP_XX.wav,1022,TSI,HAP,happy
1022_TSI_NEU_XX.wav,data/raw/CREMA-D/AudioWAV/1022_TSI_NEU_XX.wav,1022,TSI,NEU,neutral
1022_TSI_SAD_XX.wav,data/raw/CREMA-D/AudioWAV/1022_TSI_SAD_XX.wav,1022,TSI,SAD,sad
1022_WSI_ANG_XX.wav,data/raw/CREMA-D/AudioWAV/1022_WSI_ANG_XX.wav,1022,WSI,ANG,angry
1022_WSI_DIS_XX.wav,data/raw/CREMA-D/AudioWAV/1022_WSI_DIS_XX.wav,1022,WSI,DIS,disgust
1022_WSI_FEA_XX.wav,data/raw/CREMA-D/AudioWAV/1022_WSI_FEA_XX.wav,1022,WSI,FEA,fear
1022_WSI_HAP_XX.wav,data/raw/CREMA-D/AudioWAV/1022_WSI_HAP_XX.wav,1022,WSI,HAP,happy
1022_WSI_NEU_XX.wav,data/raw/CREMA-D/AudioWAV/1022_WSI_NEU_XX.wav,1022,WSI,NEU,neutral
1022_WSI_SAD_XX.wav,data/raw/CREMA-D/AudioWAV/1022_WSI_SAD_XX.wav,1022,WSI,SAD,sad
1024_DFA_ANG_XX.wav,data/raw/CREMA-D/AudioWAV/1024_DFA_ANG_XX.wav,1024,DFA,ANG,angry
1024_DFA_DIS_XX.wav,data/raw/CREMA-D/AudioWAV/1024_DFA_DIS_XX.wav,1024,DFA,DIS,disgust
1024_DFA_FEA_XX.wav,data/raw/CREMA-D/AudioWAV/1024_DFA_FEA_XX.wav,1024,DFA,FEA,fear
1024_DFA_HAP_XX.wav,data/raw/CREMA-D/AudioWAV/1024_DFA_HAP_XX.wav,1024,DFA,HAP,happy
1024_DFA_NEU_XX.wav,data/raw/CREMA-D/AudioWAV/1024_DFA_NEU_XX.wav,1024,DFA,NEU,neutral
1024_DFA_SAD_XX.wav,data/raw/CREMA-D/AudioWAV/1024_DFA_SAD_XX.wav,1024,DFA,SAD,sad
1024_IEO_ANG_HI.wav,data/raw/CREMA-D/AudioWAV/1024_IEO_ANG_HI.wav,1024,IEO,ANG,angry
1024_IEO_ANG_LO.wav,data/raw/CREMA-D/AudioWAV/1024_IEO_ANG_LO.wav,1024,IEO,ANG,angry
1024_IEO_ANG_MD.wav,data/raw/CREMA-D/AudioWAV/1024_IEO_ANG_MD.wav,1024,IEO,ANG,angry
1024_IEO_DIS_HI.wav,data/raw/CREMA-D/AudioWAV/1024_IEO_DIS_HI.wav,1024,IEO,DIS,disgust
1024_IEO_DIS_LO.wav,data/raw/CREMA-D/AudioWAV/1024_IEO_DIS_LO.wav,1024,IEO,DIS,disgust
1024_IEO_DIS_MD.wav,data/raw/CREMA-D/AudioWAV/1024_IEO_DIS_MD.wav,1024,IEO,DIS,disgust
1024_IEO_FEA_HI.wav,data/raw/CREMA-D/AudioWAV/1024_IEO_FEA_HI.wav,1024,IEO,FEA,fear
1024_IEO_FEA_LO.wav,data/raw/CREMA-D/AudioWAV/1024_IEO_FEA_LO.wav,1024,IEO,FEA,fear
1024_IEO_FEA_MD.wav,data/raw/CREMA-D/AudioWAV/1024_IEO_FEA_MD.wav,1024,IEO,FEA,fear
1024_IEO_HAP_HI.wav,data/raw/CREMA-D/AudioWAV/1024_IEO_HAP_HI.wav,1024,IEO,HAP,happy
1024_IEO_HAP_LO.wav,data/raw/CREMA-D/AudioWAV/1024_IEO_HAP_LO.wav,1024,IEO,HAP,happy
1024_IEO_HAP_MD.wav,data/raw/CREMA-D/AudioWAV/1024_IEO_HAP_MD.wav,1024,IEO,HAP,happy
1024_IEO_NEU_XX.wav,data/raw/CREMA-D/AudioWAV/1024_IEO_NEU_XX.wav,1024,IEO,NEU,neutral
1024_IEO_SAD_HI.wav,data/raw/CREMA-D/AudioWAV/1024_IEO_SAD_HI.wav,1024,IEO,SAD,sad
1024_IEO_SAD_LO.wav,data/raw/CREMA-D/AudioWAV/1024_IEO_SAD_LO.wav,1024,IEO,SAD,sad
1024_IEO_SAD_MD.wav,data/raw/CREMA-D/AudioWAV/1024_IEO_SAD_MD.wav,1024,IEO,SAD,sad
1024_IOM_ANG_XX.wav,data/raw/CREMA-D/AudioWAV/1024_IOM_ANG_XX.wav,1024,IOM,ANG,angry
1024_IOM_DIS_XX.wav,data/raw/CREMA-D/AudioWAV/1024_IOM_DIS_XX.wav,1024,IOM,DIS,disgust
1024_IOM_FEA_XX.wav,data/raw/CREMA-D/AudioWAV/1024_IOM_FEA_XX.wav,1024,IOM,FEA,fear
1024_IOM_HAP_XX.wav,data/raw/CREMA-D/AudioWAV/1024_IOM_HAP_XX.wav,1024,IOM,HAP,happy
1024_IOM_NEU_XX.wav,data/raw/CREMA-D/AudioWAV/1024_IOM_NEU_XX.wav,1024,IOM,NEU,neutral
1024_IOM_SAD_XX.wav,data/raw/CREMA-D/AudioWAV/1024_IOM_SAD_XX.wav,1024,IOM,SAD,sad
1024_ITH_ANG_XX.wav,data/raw/CREMA-D/AudioWAV/1024_ITH_ANG_XX.wav,1024,ITH,ANG,angry
1024_ITH_DIS_XX.wav,data/raw/CREMA-D/AudioWAV/1024_ITH_DIS_XX.wav,1024,ITH,DIS,disgust
1024_ITH_FEA_XX.wav,data/raw/CREMA-D/AudioWAV/1024_ITH_FEA_XX.wav,1024,ITH,FEA,fear
1024_ITH_HAP_XX.wav,data/raw/CREMA-D/AudioWAV/1024_ITH_HAP_XX.wav,1024,ITH,HAP,happy
1024_ITH_NEU_XX.wav,data/raw/CREMA-D/AudioWAV/1024_ITH_NEU_XX.wav,1024,ITH,NEU,neutral
1024_ITH_SAD_XX.wav,data/raw/CREMA-D/AudioWAV/1024_ITH_SAD_XX.wav,1024,ITH,SAD,sad
1024_ITS_ANG_XX.wav,data/raw/CREMA-D/AudioWAV/1024_ITS_ANG_XX.wav,1024,ITS,ANG,angry
1024_ITS_DIS_XX.wav,data/raw/CREMA-D/AudioWAV/1024_ITS_DIS_XX.wav,1024,ITS,DIS,disgust
1024_ITS_FEA_XX.wav,data/raw/CREMA-D/AudioWAV/1024_ITS_FEA_XX.wav,1024,ITS,FEA,fear
1024_ITS_HAP_XX.wav,data/raw/CREMA-D/AudioWAV/1024_ITS_HAP_XX.wav,1024,ITS,HAP,happy
1024_ITS_NEU_XX.wav,data/raw/CREMA-D/AudioWAV/1024_ITS_NEU_XX.wav,1024,ITS,NEU,neutral
1024_ITS_SAD_XX.wav,data/raw/CREMA-D/AudioWAV/1024_ITS_SAD_XX.wav,1024,ITS,SAD,sad
1024_IWL_ANG_XX.wav,data/raw/CREMA-D/AudioWAV/1024_IWL_ANG_XX.wav,1024,IWL,ANG,angry
1024_IWL_DIS_XX.wav,data/raw/CREMA-D/AudioWAV/1024_IWL_DIS_XX.wav,1024,IWL,DIS,disgust
1024_IWL_FEA_XX.wav,data/raw/CREMA-D/AudioWAV/1024_IWL_FEA_XX.wav,1024,IWL,FEA,fear
1024_IWL_HAP_XX.wav,data/raw/CREMA-D/AudioWAV/1024_IWL_HAP_XX.wav,1024,IWL,HAP,happy
1024_IWL_NEU_XX.wav,data/raw/CREMA-D/AudioWAV/1024_IWL_NEU_XX.wav,1024,IWL,NEU,neutral
1024_IWL_SAD_XX.wav,data/raw/CREMA-D/AudioWAV/1024_IWL_SAD_XX.wav,1024,IWL,SAD,sad
1024_IWW_ANG_XX.wav,data/raw/CREMA-D/AudioWAV/1024_IWW_ANG_XX.wav,1024,IWW,ANG,angry
1024_IWW_DIS_XX.wav,data/raw/CREMA-D/AudioWAV/1024_IWW_DIS_XX.wav,1024,IWW,DIS,disgust
1024_IWW_FEA_XX.wav,data/raw/CREMA-D/AudioWAV/1024_IWW_FEA_XX.wav,1024,IWW,FEA,fear
1024_IWW_HAP_XX.wav,data/raw/CREMA-D/AudioWAV/1024_IWW_HAP_XX.wav,1024,IWW,HAP,happy
1024_IWW_NEU_XX.wav,data/raw/CREMA-D/AudioWAV/1024_IWW_NEU_XX.wav,1024,IWW,NEU,neutral
1024_IWW_SAD_XX.wav,data/raw/CREMA-D/AudioWAV/1024_IWW_SAD_XX.wav,1024,IWW,SAD,sad
1024_MTI_ANG_XX.wav,data/raw/CREMA-D/AudioWAV/1024_MTI_ANG_XX.wav,1024,MTI,ANG,angry
1024_MTI_DIS_XX.wav,data/raw/CREMA-D/AudioWAV/1024_MTI_DIS_XX.wav,1024,MTI,DIS,disgust
1024_MTI_FEA_XX.wav,data/raw/CREMA-D/AudioWAV/1024_MTI_FEA_XX.wav,1024,MTI,FEA,fear
1024_MTI_HAP_XX.wav,data/raw/CREMA-D/AudioWAV/1024_MTI_HAP_XX.wav,1024,MTI,HAP,happy
1024_MTI_NEU_XX.wav,data/raw/CREMA-D/AudioWAV/1024_MTI_NEU_XX.wav,1024,MTI,NEU,neutral
1024_MTI_SAD_XX.wav,data/raw/CREMA-D/AudioWAV/1024_MTI_SAD_XX.wav,1024,MTI,SAD,sad
1024_TAI_ANG_XX.wav,data/raw/CREMA-D/AudioWAV/1024_TAI_ANG_XX.wav,1024,TAI,ANG,angry
1024_TAI_DIS_XX.wav,data/raw/CREMA-D/AudioWAV/1024_TAI_DIS_XX.wav,1024,TAI,DIS,disgust
1024_TAI_FEA_XX.wav,data/raw/CREMA-D/AudioWAV/1024_TAI_FEA_XX.wav,1024,TAI,FEA,fear
1024_TAI_HAP_XX.wav,data/raw/CREMA-D/AudioWAV/1024_TAI_HAP_XX.wav,1024,TAI,HAP,happy
1024_TAI_NEU_XX.wav,data/raw/CREMA-D/AudioWAV/1024_TAI_NEU_XX.wav,1024,TAI,NEU,neutral
1024_TAI_SAD_XX.wav,data/raw/CREMA-D/AudioWAV/1024_TAI_SAD_XX.wav,1024,TAI,SAD,sad
1024_TIE_ANG_XX.wav,data/raw/CREMA-D/AudioWAV/1024_TIE_ANG_XX.wav,1024,TIE,ANG,angry
1024_TIE_DIS_XX.wav,data/raw/CREMA-D/AudioWAV/1024_TIE_DIS_XX.wav,1024,TIE,DIS,disgust
1024_TIE_FEA_XX.wav,data/raw/CREMA-D/AudioWAV/1024_TIE_FEA_XX.wav,1024,TIE,FEA,fear
1024_TIE_HAP_XX.wav,data/raw/CREMA-D/AudioWAV/1024_TIE_HAP_XX.wav,1024,TIE,HAP,happy
1024_TIE_NEU_XX.wav,data/raw/CREMA-D/AudioWAV/1024_TIE_NEU_XX.wav,1024,TIE,NEU,neutral
1024_TIE_SAD_XX.wav,data/raw/CREMA-D/AudioWAV/1024_TIE_SAD_XX.wav,1024,TIE,SAD,sad
1024_TSI_ANG_XX.wav,data/raw/CREMA-D/AudioWAV/1024_TSI_ANG_XX.wav,1024,TSI,ANG,angry
1024_TSI_DIS_XX.wav,data/raw/CREMA-D/AudioWAV/1024_TSI_DIS_XX.wav,1024,TSI,DIS,disgust
1024_TSI_FEA_XX.wav,data/raw/CREMA-D/AudioWAV/1024_TSI_FEA_XX.wav,1024,TSI,FEA,fear
1024_TSI_HAP_XX.wav,data/raw/CREMA-D/AudioWAV/1024_TSI_HAP_XX.wav,1024,TSI,HAP,happy
1024_TSI_NEU_XX.wav,data/raw/CREMA-D/AudioWAV/1024_TSI_NEU_XX.wav,1024,TSI,NEU,neutral
1024_TSI_SAD_XX.wav,data/raw/CREMA-D/AudioWAV/1024_TSI_SAD_XX.wav,1024,TSI,SAD,sad
1024_WSI_ANG_XX.wav,data/raw/CREMA-D/AudioWAV/1024_WSI_ANG_XX.wav,1024,WSI,ANG,angry
1024_WSI_DIS_XX.wav,data/raw/CREMA-D/AudioWAV/1024_WSI_DIS_XX.wav,1024,WSI,DIS,disgust
1024_WSI_FEA_XX.wav,data/raw/CREMA-D/AudioWAV/1024_WSI_FEA_XX.wav,1024,WSI,FEA,fear
1024_WSI_HAP_XX.wav,data/raw/CREMA-D/AudioWAV/1024_WSI_HAP_XX.wav,1024,WSI,HAP,happy
1024_WSI_NEU_XX.wav,data/raw/CREMA-D/AudioWAV/1024_WSI_NEU_XX.wav,1024,WSI,NEU,neutral
1024_WSI_SAD_XX.wav,data/raw/CREMA-D/AudioWAV/1024_WSI_SAD_XX.wav,1024,WSI,SAD,sad
1025_DFA_ANG_XX.wav,data/raw/CREMA-D/AudioWAV/1025_DFA_ANG_XX.wav,1025,DFA,ANG,angry
1025_DFA_DIS_XX.wav,data/raw/CREMA-D/AudioWAV/1025_DFA_DIS_XX.wav,1025,DFA,DIS,disgust
1025_DFA_FEA_XX.wav,data/raw/CREMA-D/AudioWAV/1025_DFA_FEA_XX.wav,1025,DFA,FEA,fear
1025_DFA_HAP_XX.wav,data/raw/CREMA-D/AudioWAV/1025_DFA_HAP_XX.wav,1025,DFA,HAP,happy
1025_DFA_NEU_XX.wav,data/raw/CREMA-D/AudioWAV/1025_DFA_NEU_XX.wav,1025,DFA,NEU,neutral
1025_DFA_SAD_XX.wav,data/raw/CREMA-D/AudioWAV/1025_DFA_SAD_XX.wav,1025,DFA,SAD,sad
1025_IEO_ANG_HI.wav,data/raw/CREMA-D/AudioWAV/1025_IEO_ANG_HI.wav,1025,IEO,ANG,angry
1025_IEO_ANG_LO.wav,data/raw/CREMA-D/AudioWAV/1025_IEO_ANG_LO.wav,1025,IEO,ANG,angry
1025_IEO_ANG_MD.wav,data/raw/CREMA-D/AudioWAV/1025_IEO_ANG_MD.wav,1025,IEO,ANG,angry
1025_IEO_DIS_HI.wav,data/raw/CREMA-D/AudioWAV/1025_IEO_DIS_HI.wav,1025,IEO,DIS,disgust
1025_IEO_DIS_LO.wav,data/raw/CREMA-D/AudioWAV/1025_IEO_DIS_LO.wav,1025,IEO,DIS,disgust
1025_IEO_DIS_MD.wav,data/raw/CREMA-D/AudioWAV/1025_IEO_DIS_MD.wav,1025,IEO,DIS,disgust
1025_IEO_FEA_HI.wav,data/raw/CREMA-D/AudioWAV/1025_IEO_FEA_HI.wav,1025,IEO,FEA,fear
1025_IEO_FEA_LO.wav,data/raw/CREMA-D/AudioWAV/1025_IEO_FEA_LO.wav,1025,IEO,FEA,fear
1025_IEO_FEA_MD.wav,data/raw/CREMA-D/AudioWAV/1025_IEO_FEA_MD.wav,1025,IEO,FEA,fear
1025_IEO_HAP_HI.wav,data/raw/CREMA-D/AudioWAV/1025_IEO_HAP_HI.wav,1025,IEO,HAP,happy
1025_IEO_HAP_LO.wav,data/raw/CREMA-D/AudioWAV/1025_IEO_HAP_LO.wav,1025,IEO,HAP,happy
1025_IEO_HAP_MD.wav,data/raw/CREMA-D/AudioWAV/1025_IEO_HAP_MD.wav,1025,IEO,HAP,happy
1025_IEO_NEU_XX.wav,data/raw/CREMA-D/AudioWAV/1025_IEO_NEU_XX.wav,1025,IEO,NEU,neutral
1025_IEO_SAD_HI.wav,data/raw/CREMA-D/AudioWAV/1025_IEO_SAD_HI.wav,1025,IEO,SAD,sad
1025_IEO_SAD_LO.wav,data/raw/CREMA-D/AudioWAV/1025_IEO_SAD_LO.wav,1025,IEO,SAD,sad
1025_IEO_SAD_MD.wav,data/raw/CREMA-D/AudioWAV/1025_IEO_SAD_MD.wav,1025,IEO,SAD,sad
1025_IOM_ANG_XX.wav,data/raw/CREMA-D/AudioWAV/1025_IOM_ANG_XX.wav,1025,IOM,ANG,angry
1025_IOM_DIS_XX.wav,data/raw/CREMA-D/AudioWAV/1025_IOM_DIS_XX.wav,1025,IOM,DIS,disgust
1025_IOM_FEA_XX.wav,data/raw/CREMA-D/AudioWAV/1025_IOM_FEA_XX.wav,1025,IOM,FEA,fear
1025_IOM_HAP_XX.wav,data/raw/CREMA-D/AudioWAV/1025_IOM_HAP_XX.wav,1025,IOM,HAP,happy
1025_IOM_NEU_XX.wav,data/raw/CREMA-D/AudioWAV/1025_IOM_NEU_XX.wav,1025,IOM,NEU,neutral
1025_IOM_SAD_XX.wav,data/raw/CREMA-D/AudioWAV/1025_IOM_SAD_XX.wav,1025,IOM,SAD,sad
1025_ITH_ANG_XX.wav,data/raw/CREMA-D/AudioWAV/1025_ITH_ANG_XX.wav,1025,ITH,ANG,angry
1025_ITH_DIS_XX.wav,data/raw/CREMA-D/AudioWAV/1025_ITH_DIS_XX.wav,1025,ITH,DIS,disgust
1025_ITH_FEA_XX.wav,data/raw/CREMA-D/AudioWAV/1025_ITH_FEA_XX.wav,1025,ITH,FEA,fear
1025_ITH_HAP_XX.wav,data/raw/CREMA-D/AudioWAV/1025_ITH_HAP_XX.wav,1025,ITH,HAP,happy
1025_ITH_NEU_XX.wav,data/raw/CREMA-D/AudioWAV/1025_ITH_NEU_XX.wav,1025,ITH,NEU,neutral
1025_ITH_SAD_XX.wav,data/raw/CREMA-D/AudioWAV/1025_ITH_SAD_XX.wav,1025,ITH,SAD,sad
1025_ITS_ANG_XX.wav,data/raw/CREMA-D/AudioWAV/1025_ITS_ANG_XX.wav,1025,ITS,ANG,angry
1025_ITS_DIS_XX.wav,data/raw/CREMA-D/AudioWAV/1025_ITS_DIS_XX.wav,1025,ITS,DIS,disgust
1025_ITS_FEA_XX.wav,data/raw/CREMA-D/AudioWAV/1025_ITS_FEA_XX.wav,1025,ITS,FEA,fear
1025_ITS_HAP_XX.wav,data/raw/CREMA-D/AudioWAV/1025_ITS_HAP_XX.wav,1025,ITS,HAP,happy
1025_ITS_NEU_XX.wav,data/raw/CREMA-D/AudioWAV/1025_ITS_NEU_XX.wav,1025,ITS,NEU,neutral
1025_ITS_SAD_XX.wav,data/raw/CREMA-D/AudioWAV/1025_ITS_SAD_XX.wav,1025,ITS,SAD,sad
1025_IWL_ANG_XX.wav,data/raw/CREMA-D/AudioWAV/1025_IWL_ANG_XX.wav,1025,IWL,ANG,angry
1025_IWL_DIS_XX.wav,data/raw/CREMA-D/AudioWAV/1025_IWL_DIS_XX.wav,1025,IWL,DIS,disgust
1025_IWL_FEA_XX.wav,data/raw/CREMA-D/AudioWAV/1025_IWL_FEA_XX.wav,1025,IWL,FEA,fear
1025_IWL_HAP_XX.wav,data/raw/CREMA-D/AudioWAV/1025_IWL_HAP_XX.wav,1025,IWL,HAP,happy
1025_IWL_NEU_XX.wav,data/raw/CREMA-D/AudioWAV/1025_IWL_NEU_XX.wav,1025,IWL,NEU,neutral
1025_IWL_SAD_XX.wav,data/raw/CREMA-D/AudioWAV/1025_IWL_SAD_XX.wav,1025,IWL,SAD,sad
1025_IWW_ANG_XX.wav,data/raw/CREMA-D/AudioWAV/1025_IWW_ANG_XX.wav,1025,IWW,ANG,angry
1025_IWW_DIS_XX.wav,data/raw/CREMA-D/AudioWAV/1025_IWW_DIS_XX.wav,1025,IWW,DIS,disgust
1025_IWW_FEA_XX.wav,data/raw/CREMA-D/AudioWAV/1025_IWW_FEA_XX.wav,1025,IWW,FEA,fear
1025_IWW_HAP_XX.wav,data/raw/CREMA-D/AudioWAV/1025_IWW_HAP_XX.wav,1025,IWW,HAP,happy
1025_IWW_NEU_XX.wav,data/raw/CREMA-D/AudioWAV/1025_IWW_NEU_XX.wav,1025,IWW,NEU,neutral
1025_IWW_SAD_XX.wav,data/raw/CREMA-D/AudioWAV/1025_IWW_SAD_XX.wav,1025,IWW,SAD,sad
1025_MTI_ANG_XX.wav,data/raw/CREMA-D/AudioWAV/1025_MTI_ANG_XX.wav,1025,MTI,ANG,angry
1025_MTI_DIS_XX.wav,data/raw/CREMA-D/AudioWAV/1025_MTI_DIS_XX.wav,1025,MTI,DIS,disgust
1025_MTI_FEA_XX.wav,data/raw/CREMA-D/AudioWAV/1025_MTI_FEA_XX.wav,1025,MTI,FEA,fear
1025_MTI_HAP_XX.wav,data/raw/CREMA-D/AudioWAV/1025_MTI_HAP_XX.wav,1025,MTI,HAP,happy
1025_MTI_NEU_XX.wav,data/raw/CREMA-D/AudioWAV/1025_MTI_NEU_XX.wav,1025,MTI,NEU,neutral
1025_MTI_SAD_XX.wav,data/raw/CREMA-D/AudioWAV/1025_MTI_SAD_XX.wav,1025,MTI,SAD,sad
1025_TAI_ANG_XX.wav,data/raw/CREMA-D/AudioWAV/1025_TAI_ANG_XX.wav,1025,TAI,ANG,angry
1025_TAI_DIS_XX.wav,data/raw/CREMA-D/AudioWAV/1025_TAI_DIS_XX.wav,1025,TAI,DIS,disgust
1025_TAI_FEA_XX.wav,data/raw/CREMA-D/AudioWAV/1025_TAI_FEA_XX.wav,1025,TAI,FEA,fear
1025_TAI_HAP_XX.wav,data/raw/CREMA-D/AudioWAV/1025_TAI_HAP_XX.wav,1025,TAI,HAP,happy
1025_TAI_NEU_XX.wav,data/raw/CREMA-D/AudioWAV/1025_TAI_NEU_XX.wav,1025,TAI,NEU,neutral
1025_TAI_SAD_XX.wav,data/raw/CREMA-D/AudioWAV/1025_TAI_SAD_XX.wav,1025,TAI,SAD,sad
1025_TIE_ANG_XX.wav,data/raw/CREMA-D/AudioWAV/1025_TIE_ANG_XX.wav,1025,TIE,ANG,angry
1025_TIE_DIS_XX.wav,data/raw/CREMA-D/AudioWAV/1025_TIE_DIS_XX.wav,1025,TIE,DIS,disgust
1025_TIE_FEA_XX.wav,data/raw/CREMA-D/AudioWAV/1025_TIE_FEA_XX.wav,1025,TIE,FEA,fear
1025_TIE_HAP_XX.wav,data/raw/CREMA-D/AudioWAV/1025_TIE_HAP_XX.wav,1025,TIE,HAP,happy
1025_TIE_NEU_XX.wav,data/raw/CREMA-D/AudioWAV/1025_TIE_NEU_XX.wav,1025,TIE,NEU,neutral
1025_TIE_SAD_XX.wav,data/raw/CREMA-D/AudioWAV/1025_TIE_SAD_XX.wav,1025,TIE,SAD,sad
1025_TSI_ANG_XX.wav,data/raw/CREMA-D/AudioWAV/1025_TSI_ANG_XX.wav,1025,TSI,ANG,angry
1025_TSI_DIS_XX.wav,data/raw/CREMA-D/AudioWAV/1025_TSI_DIS_XX.wav,1025,TSI,DIS,disgust
1025_TSI_FEA_XX.wav,data/raw/CREMA-D/AudioWAV/1025_TSI_FEA_XX.wav,1025,TSI,FEA,fear
1025_TSI_HAP_XX.wav,data/raw/CREMA-D/AudioWAV/1025_TSI_HAP_XX.wav,1025,TSI,HAP,happy
1025_TSI_NEU_XX.wav,data/raw/CREMA-D/AudioWAV/1025_TSI_NEU_XX.wav,1025,TSI,NEU,neutral
1025_TSI_SAD_XX.wav,data/raw/CREMA-D/AudioWAV/1025_TSI_SAD_XX.wav,1025,TSI,SAD,sad
1025_WSI_ANG_XX.wav,data/raw/CREMA-D/AudioWAV/1025_WSI_ANG_XX.wav,1025,WSI,ANG,angry
1025_WSI_DIS_XX.wav,data/raw/CREMA-D/AudioWAV/1025_WSI_DIS_XX.wav,1025,WSI,DIS,disgust
1025_WSI_FEA_XX.wav,data/raw/CREMA-D/AudioWAV/1025_WSI_FEA_XX.wav,1025,WSI,FEA,fear
1025_WSI_HAP_XX.wav,data/raw/CREMA-D/AudioWAV/1025_WSI_HAP_XX.wav,1025,WSI,HAP,happy
1025_WSI_NEU_XX.wav,data/raw/CREMA-D/AudioWAV/1025_WSI_NEU_XX.wav,1025,WSI,NEU,neutral
1025_WSI_SAD_XX.wav,data/raw/CREMA-D/AudioWAV/1025_WSI_SAD_XX.wav,1025,WSI,SAD,sad
1026_DFA_ANG_XX.wav,data/raw/CREMA-D/AudioWAV/1026_DFA_ANG_XX.wav,1026,DFA,ANG,angry
1026_DFA_DIS_XX.wav,data/raw/CREMA-D/AudioWAV/1026_DFA_DIS_XX.wav,1026,DFA,DIS,disgust
1026_DFA_FEA_XX.wav,data/raw/CREMA-D/AudioWAV/1026_DFA_FEA_XX.wav,1026,DFA,FEA,fear
1026_DFA_HAP_XX.wav,data/raw/CREMA-D/AudioWAV/1026_DFA_HAP_XX.wav,1026,DFA,HAP,happy
1026_DFA_NEU_XX.wav,data/raw/CREMA-D/AudioWAV/1026_DFA_NEU_XX.wav,1026,DFA,NEU,neutral
1026_DFA_SAD_XX.wav,data/raw/CREMA-D/AudioWAV/1026_DFA_SAD_XX.wav,1026,DFA,SAD,sad
1026_IEO_ANG_HI.wav,data/raw/CREMA-D/AudioWAV/1026_IEO_ANG_HI.wav,1026,IEO,ANG,angry
1026_IEO_ANG_LO.wav,data/raw/CREMA-D/AudioWAV/1026_IEO_ANG_LO.wav,1026,IEO,ANG,angry
1026_IEO_ANG_MD.wav,data/raw/CREMA-D/AudioWAV/1026_IEO_ANG_MD.wav,1026,IEO,ANG,angry
1026_IEO_DIS_HI.wav,data/raw/CREMA-D/AudioWAV/1026_IEO_DIS_HI.wav,1026,IEO,DIS,disgust
1026_IEO_DIS_LO.wav,data/raw/CREMA-D/AudioWAV/1026_IEO_DIS_LO.wav,1026,IEO,DIS,disgust
1026_IEO_DIS_MD.wav,data/raw/CREMA-D/AudioWAV/1026_IEO_DIS_MD.wav,1026,IEO,DIS,disgust
1026_IEO_FEA_HI.wav,data/raw/CREMA-D/AudioWAV/1026_IEO_FEA_HI.wav,1026,IEO,FEA,fear
1026_IEO_FEA_LO.wav,data/raw/CREMA-D/AudioWAV/1026_IEO_FEA_LO.wav,1026,IEO,FEA,fear
1026_IEO_FEA_MD.wav,data/raw/CREMA-D/AudioWAV/1026_IEO_FEA_MD.wav,1026,IEO,FEA,fear
1026_IEO_HAP_HI.wav,data/raw/CREMA-D/AudioWAV/1026_IEO_HAP_HI.wav,1026,IEO,HAP,happy
1026_IEO_HAP_LO.wav,data/raw/CREMA-D/AudioWAV/1026_IEO_HAP_LO.wav,1026,IEO,HAP,happy
1026_IEO_HAP_MD.wav,data/raw/CREMA-D/AudioWAV/1026_IEO_HAP_MD.wav,1026,IEO,HAP,happy
1026_IEO_NEU_XX.wav,data/raw/CREMA-D/AudioWAV/1026_IEO_NEU_XX.wav,1026,IEO,NEU,neutral
1026_IEO_SAD_HI.wav,data/raw/CREMA-D/AudioWAV/1026_IEO_SAD_HI.wav,1026,IEO,SAD,sad
1026_IEO_SAD_LO.wav,data/raw/CREMA-D/AudioWAV/1026_IEO_SAD_LO.wav,1026,IEO,SAD,sad
1026_IEO_SAD_MD.wav,data/raw/CREMA-D/AudioWAV/1026_IEO_SAD_MD.wav,1026,IEO,SAD,sad
1026_IOM_ANG_XX.wav,data/raw/CREMA-D/AudioWAV/1026_IOM_ANG_XX.wav,1026,IOM,ANG,angry
1026_IOM_DIS_XX.wav,data/raw/CREMA-D/AudioWAV/1026_IOM_DIS_XX.wav,1026,IOM,DIS,disgust
1026_IOM_FEA_XX.wav,data/raw/CREMA-D/AudioWAV/1026_IOM_FEA_XX.wav,1026,IOM,FEA,fear
1026_IOM_HAP_XX.wav,data/raw/CREMA-D/AudioWAV/1026_IOM_HAP_XX.wav,1026,IOM,HAP,happy
1026_IOM_NEU_XX.wav,data/raw/CREMA-D/AudioWAV/1026_IOM_NEU_XX.wav,1026,IOM,NEU,neutral
1026_IOM_SAD_XX.wav,data/raw/CREMA-D/AudioWAV/1026_IOM_SAD_XX.wav,1026,IOM,SAD,sad
1026_ITH_ANG_XX.wav,data/raw/CREMA-D/AudioWAV/1026_ITH_ANG_XX.wav,1026,ITH,ANG,angry
1026_ITH_DIS_XX.wav,data/raw/CREMA-D/AudioWAV/1026_ITH_DIS_XX.wav,1026,ITH,DIS,disgust
1026_ITH_FEA_XX.wav,data/raw/CREMA-D/AudioWAV/1026_ITH_FEA_XX.wav,1026,ITH,FEA,fear
1026_ITH_HAP_XX.wav,data/raw/CREMA-D/AudioWAV/1026_ITH_HAP_XX.wav,1026,ITH,HAP,happy
1026_ITH_NEU_XX.wav,data/raw/CREMA-D/AudioWAV/1026_ITH_NEU_XX.wav,1026,ITH,NEU,neutral
1026_ITH_SAD_XX.wav,data/raw/CREMA-D/AudioWAV/1026_ITH_SAD_XX.wav,1026,ITH,SAD,sad
1026_ITS_ANG_XX.wav,data/raw/CREMA-D/AudioWAV/1026_ITS_ANG_XX.wav,1026,ITS,ANG,angry
1026_ITS_DIS_XX.wav,data/raw/CREMA-D/AudioWAV/1026_ITS_DIS_XX.wav,1026,ITS,DIS,disgust
1026_ITS_FEA_XX.wav,data/raw/CREMA-D/AudioWAV/1026_ITS_FEA_XX.wav,1026,ITS,FEA,fear
1026_ITS_HAP_XX.wav,data/raw/CREMA-D/AudioWAV/1026_ITS_HAP_XX.wav,1026,ITS,HAP,happy
1026_ITS_NEU_XX.wav,data/raw/CREMA-D/AudioWAV/1026_ITS_NEU_XX.wav,1026,ITS,NEU,neutral
1026_ITS_SAD_XX.wav,data/raw/CREMA-D/AudioWAV/1026_ITS_SAD_XX.wav,1026,ITS,SAD,sad
1026_IWL_ANG_XX.wav,data/raw/CREMA-D/AudioWAV/1026_IWL_ANG_XX.wav,1026,IWL,ANG,angry
1026_IWL_DIS_XX.wav,data/raw/CREMA-D/AudioWAV/1026_IWL_DIS_XX.wav,1026,IWL,DIS,disgust
1026_IWL_FEA_XX.wav,data/raw/CREMA-D/AudioWAV/1026_IWL_FEA_XX.wav,1026,IWL,FEA,fear
1026_IWL_HAP_XX.wav,data/raw/CREMA-D/AudioWAV/1026_IWL_HAP_XX.wav,1026,IWL,HAP,happy
1026_IWL_NEU_XX.wav,data/raw/CREMA-D/AudioWAV/1026_IWL_NEU_XX.wav,1026,IWL,NEU,neutral
1026_IWL_SAD_XX.wav,data/raw/CREMA-D/AudioWAV/1026_IWL_SAD_XX.wav,1026,IWL,SAD,sad
1026_IWW_ANG_XX.wav,data/raw/CREMA-D/AudioWAV/1026_IWW_ANG_XX.wav,1026,IWW,ANG,angry
1026_IWW_DIS_XX.wav,data/raw/CREMA-D/AudioWAV/1026_IWW_DIS_XX.wav,1026,IWW,DIS,disgust
1026_IWW_FEA_XX.wav,data/raw/CREMA-D/AudioWAV/1026_IWW_FEA_XX.wav,1026,IWW,FEA,fear
1026_IWW_HAP_XX.wav,data/raw/CREMA-D/AudioWAV/1026_IWW_HAP_XX.wav,1026,IWW,HAP,happy
1026_IWW_NEU_XX.wav,data/raw/CREMA-D/AudioWAV/1026_IWW_NEU_XX.wav,1026,IWW,NEU,neutral
1026_IWW_SAD_XX.wav,data/raw/CREMA-D/AudioWAV/1026_IWW_SAD_XX.wav,1026,IWW,SAD,sad
1026_MTI_ANG_XX.wav,data/raw/CREMA-D/AudioWAV/1026_MTI_ANG_XX.wav,1026,MTI,ANG,angry
1026_MTI_DIS_XX.wav,data/raw/CREMA-D/AudioWAV/1026_MTI_DIS_XX.wav,1026,MTI,DIS,disgust
1026_MTI_FEA_XX.wav,data/raw/CREMA-D/AudioWAV/1026_MTI_FEA_XX.wav,1026,MTI,FEA,fear
1026_MTI_HAP_XX.wav,data/raw/CREMA-D/AudioWAV/1026_MTI_HAP_XX.wav,1026,MTI,HAP,happy
1026_MTI_NEU_XX.wav,data/raw/CREMA-D/AudioWAV/1026_MTI_NEU_XX.wav,1026,MTI,NEU,neutral
1026_MTI_SAD_XX.wav,data/raw/CREMA-D/AudioWAV/1026_MTI_SAD_XX.wav,1026,MTI,SAD,sad
1026_TAI_ANG_XX.wav,data/raw/CREMA-D/AudioWAV/1026_TAI_ANG_XX.wav,1026,TAI,ANG,angry
1026_TAI_DIS_XX.wav,data/raw/CREMA-D/AudioWAV/1026_TAI_DIS_XX.wav,1026,TAI,DIS,disgust
1026_TAI_FEA_XX.wav,data/raw/CREMA-D/AudioWAV/1026_TAI_FEA_XX.wav,1026,TAI,FEA,fear
1026_TAI_HAP_XX.wav,data/raw/CREMA-D/AudioWAV/1026_TAI_HAP_XX.wav,1026,TAI,HAP,happy
1026_TAI_NEU_XX.wav,data/raw/CREMA-D/AudioWAV/1026_TAI_NEU_XX.wav,1026,TAI,NEU,neutral
1026_TAI_SAD_XX.wav,data/raw/CREMA-D/AudioWAV/1026_TAI_SAD_XX.wav,1026,TAI,SAD,sad
1026_TIE_ANG_XX.wav,data/raw/CREMA-D/AudioWAV/1026_TIE_ANG_XX.wav,1026,TIE,ANG,angry
1026_TIE_DIS_XX.wav,data/raw/CREMA-D/AudioWAV/1026_TIE_DIS_XX.wav,1026,TIE,DIS,disgust
1026_TIE_FEA_XX.wav,data/raw/CREMA-D/AudioWAV/1026_TIE_FEA_XX.wav,1026,TIE,FEA,fear
1026_TIE_HAP_XX.wav,data/raw/CREMA-D/AudioWAV/1026_TIE_HAP_XX.wav,1026,TIE,HAP,happy
1026_TIE_NEU_XX.wav,data/raw/CREMA-D/AudioWAV/1026_TIE_NEU_XX.wav,1026,TIE,NEU,neutral
1026_TIE_SAD_XX.wav,data/raw/CREMA-D/AudioWAV/1026_TIE_SAD_XX.wav,1026,TIE,SAD,sad
1026_TSI_ANG_XX.wav,data/raw/CREMA-D/AudioWAV/1026_TSI_ANG_XX.wav,1026,TSI,ANG,angry
1026_TSI_DIS_XX.wav,data/raw/CREMA-D/AudioWAV/1026_TSI_DIS_XX.wav,1026,TSI,DIS,disgust
1026_TSI_FEA_XX.wav,data/raw/CREMA-D/AudioWAV/1026_TSI_FEA_XX.wav,1026,TSI,FEA,fear
1026_TSI_HAP_XX.wav,data/raw/CREMA-D/AudioWAV/1026_TSI_HAP_XX.wav,1026,TSI,HAP,happy
1026_TSI_NEU_XX.wav,data/raw/CREMA-D/AudioWAV/1026_TSI_NEU_XX.wav,1026,TSI,NEU,neutral
1026_TSI_SAD_XX.wav,data/raw/CREMA-D/AudioWAV/1026_TSI_SAD_XX.wav,1026,TSI,SAD,sad
1026_WSI_ANG_XX.wav,data/raw/CREMA-D/AudioWAV/1026_WSI_ANG_XX.wav,1026,WSI,ANG,angry
1026_WSI_DIS_XX.wav,data/raw/CREMA-D/AudioWAV/1026_WSI_DIS_XX.wav,1026,WSI,DIS,disgust
1026_WSI_FEA_XX.wav,data/raw/CREMA-D/AudioWAV/1026_WSI_FEA_XX.wav,1026,WSI,FEA,fear
1026_WSI_HAP_XX.wav,data/raw/CREMA-D/AudioWAV/1026_WSI_HAP_XX.wav,1026,WSI,HAP,happy
1026_WSI_NEU_XX.wav,data/raw/CREMA-D/AudioWAV/1026_WSI_NEU_XX.wav,1026,WSI,NEU,neutral
1026_WSI_SAD_XX.wav,data/raw/CREMA-D/AudioWAV/1026_WSI_SAD_XX.wav,1026,WSI,SAD,sad
1028_DFA_ANG_XX.wav,data/raw/CREMA-D/AudioWAV/1028_DFA_ANG_XX.wav,1028,DFA,ANG,angry
1028_DFA_DIS_XX.wav,data/raw/CREMA-D/AudioWAV/1028_DFA_DIS_XX.wav,1028,DFA,DIS,disgust
1028_DFA_FEA_XX.wav,data/raw/CREMA-D/AudioWAV/1028_DFA_FEA_XX.wav,1028,DFA,FEA,fear
1028_DFA_HAP_XX.wav,data/raw/CREMA-D/AudioWAV/1028_DFA_HAP_XX.wav,1028,DFA,HAP,happy
1028_DFA_NEU_XX.wav,data/raw/CREMA-D/AudioWAV/1028_DFA_NEU_XX.wav,1028,DFA,NEU,neutral
1028_DFA_SAD_XX.wav,data/raw/CREMA-D/AudioWAV/1028_DFA_SAD_XX.wav,1028,DFA,SAD,sad
1028_IEO_ANG_HI.wav,data/raw/CREMA-D/AudioWAV/1028_IEO_ANG_HI.wav,1028,IEO,ANG,angry
1028_IEO_ANG_LO.wav,data/raw/CREMA-D/AudioWAV/1028_IEO_ANG_LO.wav,1028,IEO,ANG,angry
1028_IEO_ANG_MD.wav,data/raw/CREMA-D/AudioWAV/1028_IEO_ANG_MD.wav,1028,IEO,ANG,angry
1028_IEO_DIS_HI.wav,data/raw/CREMA-D/AudioWAV/1028_IEO_DIS_HI.wav,1028,IEO,DIS,disgust
1028_IEO_DIS_LO.wav,data/raw/CREMA-D/AudioWAV/1028_IEO_DIS_LO.wav,1028,IEO,DIS,disgust
1028_IEO_DIS_MD.wav,data/raw/CREMA-D/AudioWAV/1028_IEO_DIS_MD.wav,1028,IEO,DIS,disgust
1028_IEO_FEA_HI.wav,data/raw/CREMA-D/AudioWAV/1028_IEO_FEA_HI.wav,1028,IEO,FEA,fear
1028_IEO_FEA_LO.wav,data/raw/CREMA-D/AudioWAV/1028_IEO_FEA_LO.wav,1028,IEO,FEA,fear
1028_IEO_FEA_MD.wav,data/raw/CREMA-D/AudioWAV/1028_IEO_FEA_MD.wav,1028,IEO,FEA,fear
1028_IEO_HAP_HI.wav,data/raw/CREMA-D/AudioWAV/1028_IEO_HAP_HI.wav,1028,IEO,HAP,happy
1028_IEO_HAP_LO.wav,data/raw/CREMA-D/AudioWAV/1028_IEO_HAP_LO.wav,1028,IEO,HAP,happy
1028_IEO_HAP_MD.wav,data/raw/CREMA-D/AudioWAV/1028_IEO_HAP_MD.wav,1028,IEO,HAP,happy
1028_IEO_NEU_XX.wav,data/raw/CREMA-D/AudioWAV/1028_IEO_NEU_XX.wav,1028,IEO,NEU,neutral
1028_IEO_SAD_HI.wav,data/raw/CREMA-D/AudioWAV/1028_IEO_SAD_HI.wav,1028,IEO,SAD,sad
1028_IEO_SAD_LO.wav,data/raw/CREMA-D/AudioWAV/1028_IEO_SAD_LO.wav,1028,IEO,SAD,sad
1028_IEO_SAD_MD.wav,data/raw/CREMA-D/AudioWAV/1028_IEO_SAD_MD.wav,1028,IEO,SAD,sad
1028_IOM_ANG_XX.wav,data/raw/CREMA-D/AudioWAV/1028_IOM_ANG_XX.wav,1028,IOM,ANG,angry
1028_IOM_DIS_XX.wav,data/raw/CREMA-D/AudioWAV/1028_IOM_DIS_XX.wav,1028,IOM,DIS,disgust
1028_IOM_FEA_XX.wav,data/raw/CREMA-D/AudioWAV/1028_IOM_FEA_XX.wav,1028,IOM,FEA,fear
1028_IOM_HAP_XX.wav,data/raw/CREMA-D/AudioWAV/1028_IOM_HAP_XX.wav,1028,IOM,HAP,happy
1028_IOM_NEU_XX.wav,data/raw/CREMA-D/AudioWAV/1028_IOM_NEU_XX.wav,1028,IOM,NEU,neutral
1028_IOM_SAD_XX.wav,data/raw/CREMA-D/AudioWAV/1028_IOM_SAD_XX.wav,1028,IOM,SAD,sad
1028_ITH_ANG_XX.wav,data/raw/CREMA-D/AudioWAV/1028_ITH_ANG_XX.wav,1028,ITH,ANG,angry
1028_ITH_DIS_XX.wav,data/raw/CREMA-D/AudioWAV/1028_ITH_DIS_XX.wav,1028,ITH,DIS,disgust
1028_ITH_FEA_XX.wav,data/raw/CREMA-D/AudioWAV/1028_ITH_FEA_XX.wav,1028,ITH,FEA,fear
1028_ITH_HAP_XX.wav,data/raw/CREMA-D/AudioWAV/1028_ITH_HAP_XX.wav,1028,ITH,HAP,happy
1028_ITH_NEU_XX.wav,data/raw/CREMA-D/AudioWAV/1028_ITH_NEU_XX.wav,1028,ITH,NEU,neutral
1028_ITH_SAD_XX.wav,data/raw/CREMA-D/AudioWAV/1028_ITH_SAD_XX.wav,1028,ITH,SAD,sad
1028_ITS_ANG_XX.wav,data/raw/CREMA-D/AudioWAV/1028_ITS_ANG_XX.wav,1028,ITS,ANG,angry
1028_ITS_DIS_XX.wav,data/raw/CREMA-D/AudioWAV/1028_ITS_DIS_XX.wav,1028,ITS,DIS,disgust
1028_ITS_FEA_XX.wav,data/raw/CREMA-D/AudioWAV/1028_ITS_FEA_XX.wav,1028,ITS,FEA,fear
1028_ITS_HAP_XX.wav,data/raw/CREMA-D/AudioWAV/1028_ITS_HAP_XX.wav,1028,ITS,HAP,happy
1028_ITS_NEU_XX.wav,data/raw/CREMA-D/AudioWAV/1028_ITS_NEU_XX.wav,1028,ITS,NEU,neutral
1028_ITS_SAD_XX.wav,data/raw/CREMA-D/AudioWAV/1028_ITS_SAD_XX.wav,1028,ITS,SAD,sad
1028_IWL_ANG_XX.wav,data/raw/CREMA-D/AudioWAV/1028_IWL_ANG_XX.wav,1028,IWL,ANG,angry
1028_IWL_DIS_XX.wav,data/raw/CREMA-D/AudioWAV/1028_IWL_DIS_XX.wav,1028,IWL,DIS,disgust
1028_IWL_FEA_XX.wav,data/raw/CREMA-D/AudioWAV/1028_IWL_FEA_XX.wav,1028,IWL,FEA,fear
1028_IWL_HAP_XX.wav,data/raw/CREMA-D/AudioWAV/1028_IWL_HAP_XX.wav,1028,IWL,HAP,happy
1028_IWL_NEU_XX.wav,data/raw/CREMA-D/AudioWAV/1028_IWL_NEU_XX.wav,1028,IWL,NEU,neutral
1028_IWL_SAD_XX.wav,data/raw/CREMA-D/AudioWAV/1028_IWL_SAD_XX.wav,1028,IWL,SAD,sad
1028_IWW_ANG_XX.wav,data/raw/CREMA-D/AudioWAV/1028_IWW_ANG_XX.wav,1028,IWW,ANG,angry
1028_IWW_DIS_XX.wav,data/raw/CREMA-D/AudioWAV/1028_IWW_DIS_XX.wav,1028,IWW,DIS,disgust
1028_IWW_FEA_XX.wav,data/raw/CREMA-D/AudioWAV/1028_IWW_FEA_XX.wav,1028,IWW,FEA,fear
1028_IWW_HAP_XX.wav,data/raw/CREMA-D/AudioWAV/1028_IWW_HAP_XX.wav,1028,IWW,HAP,happy
1028_IWW_NEU_XX.wav,data/raw/CREMA-D/AudioWAV/1028_IWW_NEU_XX.wav,1028,IWW,NEU,neutral
1028_IWW_SAD_XX.wav,data/raw/CREMA-D/AudioWAV/1028_IWW_SAD_XX.wav,1028,IWW,SAD,sad
1028_MTI_ANG_XX.wav,data/raw/CREMA-D/AudioWAV/1028_MTI_ANG_XX.wav,1028,MTI,ANG,angry
1028_MTI_DIS_XX.wav,data/raw/CREMA-D/AudioWAV/1028_MTI_DIS_XX.wav,1028,MTI,DIS,disgust
1028_MTI_FEA_XX.wav,data/raw/CREMA-D/AudioWAV/1028_MTI_FEA_XX.wav,1028,MTI,FEA,fear
1028_MTI_HAP_XX.wav,data/raw/CREMA-D/AudioWAV/1028_MTI_HAP_XX.wav,1028,MTI,HAP,happy
1028_MTI_NEU_XX.wav,data/raw/CREMA-D/AudioWAV/1028_MTI_NEU_XX.wav,1028,MTI,NEU,neutral
1028_MTI_SAD_XX.wav,data/raw/CREMA-D/AudioWAV/1028_MTI_SAD_XX.wav,1028,MTI,SAD,sad
1028_TAI_ANG_XX.wav,data/raw/CREMA-D/AudioWAV/1028_TAI_ANG_XX.wav,1028,TAI,ANG,angry
1028_TAI_DIS_XX.wav,data/raw/CREMA-D/AudioWAV/1028_TAI_DIS_XX.wav,1028,TAI,DIS,disgust
1028_TAI_FEA_XX.wav,data/raw/CREMA-D/AudioWAV/1028_TAI_FEA_XX.wav,1028,TAI,FEA,fear
1028_TAI_HAP_XX.wav,data/raw/CREMA-D/AudioWAV/1028_TAI_HAP_XX.wav,1028,TAI,HAP,happy
1028_TAI_NEU_XX.wav,data/raw/CREMA-D/AudioWAV/1028_TAI_NEU_XX.wav,1028,TAI,NEU,neutral
1028_TAI_SAD_XX.wav,data/raw/CREMA-D/AudioWAV/1028_TAI_SAD_XX.wav,1028,TAI,SAD,sad
1028_TIE_ANG_XX.wav,data/raw/CREMA-D/AudioWAV/1028_TIE_ANG_XX.wav,1028,TIE,ANG,angry
1028_TIE_DIS_XX.wav,data/raw/CREMA-D/AudioWAV/1028_TIE_DIS_XX.wav,1028,TIE,DIS,disgust
1028_TIE_FEA_XX.wav,data/raw/CREMA-D/AudioWAV/1028_TIE_FEA_XX.wav,1028,TIE,FEA,fear
1028_TIE_HAP_XX.wav,data/raw/CREMA-D/AudioWAV/1028_TIE_HAP_XX.wav,1028,TIE,HAP,happy
1028_TIE_NEU_XX.wav,data/raw/CREMA-D/AudioWAV/1028_TIE_NEU_XX.wav,1028,TIE,NEU,neutral
1028_TIE_SAD_XX.wav,data/raw/CREMA-D/AudioWAV/1028_TIE_SAD_XX.wav,1028,TIE,SAD,sad
1028_TSI_ANG_XX.wav,data/raw/CREMA-D/AudioWAV/1028_TSI_ANG_XX.wav,1028,TSI,ANG,angry
1028_TSI_DIS_XX.wav,data/raw/CREMA-D/AudioWAV/1028_TSI_DIS_XX.wav,1028,TSI,DIS,disgust
1028_TSI_FEA_XX.wav,data/raw/CREMA-D/AudioWAV/1028_TSI_FEA_XX.wav,1028,TSI,FEA,fear
1028_TSI_HAP_XX.wav,data/raw/CREMA-D/AudioWAV/1028_TSI_HAP_XX.wav,1028,TSI,HAP,happy
1028_TSI_NEU_XX.wav,data/raw/CREMA-D/AudioWAV/1028_TSI_NEU_XX.wav,1028,TSI,NEU,neutral
1028_TSI_SAD_XX.wav,data/raw/CREMA-D/AudioWAV/1028_TSI_SAD_XX.wav,1028,TSI,SAD,sad
1028_WSI_ANG_XX.wav,data/raw/CREMA-D/AudioWAV/1028_WSI_ANG_XX.wav,1028,WSI,ANG,angry
1028_WSI_DIS_XX.wav,data/raw/CREMA-D/AudioWAV/1028_WSI_DIS_XX.wav,1028,WSI,DIS,disgust
1028_WSI_FEA_XX.wav,data/raw/CREMA-D/AudioWAV/1028_WSI_FEA_XX.wav,1028,WSI,FEA,fear
1028_WSI_HAP_XX.wav,data/raw/CREMA-D/AudioWAV/1028_WSI_HAP_XX.wav,1028,WSI,HAP,happy
1028_WSI_NEU_XX.wav,data/raw/CREMA-D/AudioWAV/1028_WSI_NEU_XX.wav,1028,WSI,NEU,neutral
1028_WSI_SAD_XX.wav,data/raw/CREMA-D/AudioWAV/1028_WSI_SAD_XX.wav,1028,WSI,SAD,sad
1030_DFA_ANG_XX.wav,data/raw/CREMA-D/AudioWAV/1030_DFA_ANG_XX.wav,1030,DFA,ANG,angry
1030_DFA_DIS_XX.wav,data/raw/CREMA-D/AudioWAV/1030_DFA_DIS_XX.wav,1030,DFA,DIS,disgust
1030_DFA_FEA_XX.wav,data/raw/CREMA-D/AudioWAV/1030_DFA_FEA_XX.wav,1030,DFA,FEA,fear
1030_DFA_HAP_XX.wav,data/raw/CREMA-D/AudioWAV/1030_DFA_HAP_XX.wav,1030,DFA,HAP,happy
1030_DFA_NEU_XX.wav,data/raw/CREMA-D/AudioWAV/1030_DFA_NEU_XX.wav,1030,DFA,NEU,neutral
1030_DFA_SAD_XX.wav,data/raw/CREMA-D/AudioWAV/1030_DFA_SAD_XX.wav,1030,DFA,SAD,sad
1030_IEO_ANG_HI.wav,data/raw/CREMA-D/AudioWAV/1030_IEO_ANG_HI.wav,1030,IEO,ANG,angry
1030_IEO_ANG_LO.wav,data/raw/CREMA-D/AudioWAV/1030_IEO_ANG_LO.wav,1030,IEO,ANG,angry
1030_IEO_ANG_MD.wav,data/raw/CREMA-D/AudioWAV/1030_IEO_ANG_MD.wav,1030,IEO,ANG,angry
1030_IEO_DIS_HI.wav,data/raw/CREMA-D/AudioWAV/1030_IEO_DIS_HI.wav,1030,IEO,DIS,disgust
1030_IEO_DIS_LO.wav,data/raw/CREMA-D/AudioWAV/1030_IEO_DIS_LO.wav,1030,IEO,DIS,disgust
1030_IEO_DIS_MD.wav,data/raw/CREMA-D/AudioWAV/1030_IEO_DIS_MD.wav,1030,IEO,DIS,disgust
1030_IEO_FEA_HI.wav,data/raw/CREMA-D/AudioWAV/1030_IEO_FEA_HI.wav,1030,IEO,FEA,fear
1030_IEO_FEA_LO.wav,data/raw/CREMA-D/AudioWAV/1030_IEO_FEA_LO.wav,1030,IEO,FEA,fear
1030_IEO_FEA_MD.wav,data/raw/CREMA-D/AudioWAV/1030_IEO_FEA_MD.wav,1030,IEO,FEA,fear
1030_IEO_HAP_HI.wav,data/raw/CREMA-D/AudioWAV/1030_IEO_HAP_HI.wav,1030,IEO,HAP,happy
1030_IEO_HAP_LO.wav,data/raw/CREMA-D/AudioWAV/1030_IEO_HAP_LO.wav,1030,IEO,HAP,happy
1030_IEO_HAP_MD.wav,data/raw/CREMA-D/AudioWAV/1030_IEO_HAP_MD.wav,1030,IEO,HAP,happy
1030_IEO_NEU_XX.wav,data/raw/CREMA-D/AudioWAV/1030_IEO_NEU_XX.wav,1030,IEO,NEU,neutral
1030_IEO_SAD_HI.wav,data/raw/CREMA-D/AudioWAV/1030_IEO_SAD_HI.wav,1030,IEO,SAD,sad
1030_IEO_SAD_LO.wav,data/raw/CREMA-D/AudioWAV/1030_IEO_SAD_LO.wav,1030,IEO,SAD,sad
1030_IEO_SAD_MD.wav,data/raw/CREMA-D/AudioWAV/1030_IEO_SAD_MD.wav,1030,IEO,SAD,sad
1030_IOM_ANG_XX.wav,data/raw/CREMA-D/AudioWAV/1030_IOM_ANG_XX.wav,1030,IOM,ANG,angry
1030_IOM_DIS_XX.wav,data/raw/CREMA-D/AudioWAV/1030_IOM_DIS_XX.wav,1030,IOM,DIS,disgust
1030_IOM_FEA_XX.wav,data/raw/CREMA-D/AudioWAV/1030_IOM_FEA_XX.wav,1030,IOM,FEA,fear
1030_IOM_HAP_XX.wav,data/raw/CREMA-D/AudioWAV/1030_IOM_HAP_XX.wav,1030,IOM,HAP,happy
1030_IOM_NEU_XX.wav,data/raw/CREMA-D/AudioWAV/1030_IOM_NEU_XX.wav,1030,IOM,NEU,neutral
1030_IOM_SAD_XX.wav,data/raw/CREMA-D/AudioWAV/1030_IOM_SAD_XX.wav,1030,IOM,SAD,sad
1030_ITH_ANG_XX.wav,data/raw/CREMA-D/AudioWAV/1030_ITH_ANG_XX.wav,1030,ITH,ANG,angry
1030_ITH_DIS_XX.wav,data/raw/CREMA-D/AudioWAV/1030_ITH_DIS_XX.wav,1030,ITH,DIS,disgust
1030_ITH_FEA_XX.wav,data/raw/CREMA-D/AudioWAV/1030_ITH_FEA_XX.wav,1030,ITH,FEA,fear
1030_ITH_HAP_XX.wav,data/raw/CREMA-D/AudioWAV/1030_ITH_HAP_XX.wav,1030,ITH,HAP,happy
1030_ITH_NEU_XX.wav,data/raw/CREMA-D/AudioWAV/1030_ITH_NEU_XX.wav,1030,ITH,NEU,neutral
1030_ITH_SAD_XX.wav,data/raw/CREMA-D/AudioWAV/1030_ITH_SAD_XX.wav,1030,ITH,SAD,sad
1030_ITS_ANG_XX.wav,data/raw/CREMA-D/AudioWAV/1030_ITS_ANG_XX.wav,1030,ITS,ANG,angry
1030_ITS_DIS_XX.wav,data/raw/CREMA-D/AudioWAV/1030_ITS_DIS_XX.wav,1030,ITS,DIS,disgust
1030_ITS_FEA_XX.wav,data/raw/CREMA-D/AudioWAV/1030_ITS_FEA_XX.wav,1030,ITS,FEA,fear
1030_ITS_HAP_XX.wav,data/raw/CREMA-D/AudioWAV/1030_ITS_HAP_XX.wav,1030,ITS,HAP,happy
1030_ITS_NEU_XX.wav,data/raw/CREMA-D/AudioWAV/1030_ITS_NEU_XX.wav,1030,ITS,NEU,neutral
1030_ITS_SAD_XX.wav,data/raw/CREMA-D/AudioWAV/1030_ITS_SAD_XX.wav,1030,ITS,SAD,sad
1030_IWL_ANG_XX.wav,data/raw/CREMA-D/AudioWAV/1030_IWL_ANG_XX.wav,1030,IWL,ANG,angry
1030_IWL_DIS_XX.wav,data/raw/CREMA-D/AudioWAV/1030_IWL_DIS_XX.wav,1030,IWL,DIS,disgust
1030_IWL_FEA_XX.wav,data/raw/CREMA-D/AudioWAV/1030_IWL_FEA_XX.wav,1030,IWL,FEA,fear
1030_IWL_HAP_XX.wav,data/raw/CREMA-D/AudioWAV/1030_IWL_HAP_XX.wav,1030,IWL,HAP,happy
1030_IWL_NEU_XX.wav,data/raw/CREMA-D/AudioWAV/1030_IWL_NEU_XX.wav,1030,IWL,NEU,neutral
1030_IWL_SAD_XX.wav,data/raw/CREMA-D/AudioWAV/1030_IWL_SAD_XX.wav,1030,IWL,SAD,sad
1030_IWW_ANG_XX.wav,data/raw/CREMA-D/AudioWAV/1030_IWW_ANG_XX.wav,1030,IWW,ANG,angry
1030_IWW_DIS_XX.wav,data/raw/CREMA-D/AudioWAV/1030_IWW_DIS_XX.wav,1030,IWW,DIS,disgust
1030_IWW_FEA_XX.wav,data/raw/CREMA-D/AudioWAV/1030_IWW_FEA_XX.wav,1030,IWW,FEA,fear
1030_IWW_HAP_XX.wav,data/raw/CREMA-D/AudioWAV/1030_IWW_HAP_XX.wav,1030,IWW,HAP,happy
1030_IWW_NEU_XX.wav,data/raw/CREMA-D/AudioWAV/1030_IWW_NEU_XX.wav,1030,IWW,NEU,neutral
1030_IWW_SAD_XX.wav,data/raw/CREMA-D/AudioWAV/1030_IWW_SAD_XX.wav,1030,IWW,SAD,sad
1030_MTI_ANG_XX.wav,data/raw/CREMA-D/AudioWAV/1030_MTI_ANG_XX.wav,1030,MTI,ANG,angry
1030_MTI_DIS_XX.wav,data/raw/CREMA-D/AudioWAV/1030_MTI_DIS_XX.wav,1030,MTI,DIS,disgust
1030_MTI_FEA_XX.wav,data/raw/CREMA-D/AudioWAV/1030_MTI_FEA_XX.wav,1030,MTI,FEA,fear
1030_MTI_HAP_XX.wav,data/raw/CREMA-D/AudioWAV/1030_MTI_HAP_XX.wav,1030,MTI,HAP,happy
1030_MTI_NEU_XX.wav,data/raw/CREMA-D/AudioWAV/1030_MTI_NEU_XX.wav,1030,MTI,NEU,neutral
1030_MTI_SAD_XX.wav,data/raw/CREMA-D/AudioWAV/1030_MTI_SAD_XX.wav,1030,MTI,SAD,sad
1030_TAI_ANG_XX.wav,data/raw/CREMA-D/AudioWAV/1030_TAI_ANG_XX.wav,1030,TAI,ANG,angry
1030_TAI_DIS_XX.wav,data/raw/CREMA-D/AudioWAV/1030_TAI_DIS_XX.wav,1030,TAI,DIS,disgust
1030_TAI_FEA_XX.wav,data/raw/CREMA-D/AudioWAV/1030_TAI_FEA_XX.wav,1030,TAI,FEA,fear
1030_TAI_HAP_XX.wav,data/raw/CREMA-D/AudioWAV/1030_TAI_HAP_XX.wav,1030,TAI,HAP,happy
1030_TAI_NEU_XX.wav,data/raw/CREMA-D/AudioWAV/1030_TAI_NEU_XX.wav,1030,TAI,NEU,neutral
1030_TAI_SAD_XX.wav,data/raw/CREMA-D/AudioWAV/1030_TAI_SAD_XX.wav,1030,TAI,SAD,sad
1030_TIE_ANG_XX.wav,data/raw/CREMA-D/AudioWAV/1030_TIE_ANG_XX.wav,1030,TIE,ANG,angry
1030_TIE_DIS_XX.wav,data/raw/CREMA-D/AudioWAV/1030_TIE_DIS_XX.wav,1030,TIE,DIS,disgust
1030_TIE_FEA_XX.wav,data/raw/CREMA-D/AudioWAV/1030_TIE_FEA_XX.wav,1030,TIE,FEA,fear
1030_TIE_HAP_XX.wav,data/raw/CREMA-D/AudioWAV/1030_TIE_HAP_XX.wav,1030,TIE,HAP,happy
1030_TIE_NEU_XX.wav,data/raw/CREMA-D/AudioWAV/1030_TIE_NEU_XX.wav,1030,TIE,NEU,neutral
1030_TIE_SAD_XX.wav,data/raw/CREMA-D/AudioWAV/1030_TIE_SAD_XX.wav,1030,TIE,SAD,sad
1030_TSI_ANG_XX.wav,data/raw/CREMA-D/AudioWAV/1030_TSI_ANG_XX.wav,1030,TSI,ANG,angry
1030_TSI_DIS_XX.wav,data/raw/CREMA-D/AudioWAV/1030_TSI_DIS_XX.wav,1030,TSI,DIS,disgust
1030_TSI_FEA_XX.wav,data/raw/CREMA-D/AudioWAV/1030_TSI_FEA_XX.wav,1030,TSI,FEA,fear
1030_TSI_HAP_XX.wav,data/raw/CREMA-D/AudioWAV/1030_TSI_HAP_XX.wav,1030,TSI,HAP,happy
1030_TSI_NEU_XX.wav,data/raw/CREMA-D/AudioWAV/1030_TSI_NEU_XX.wav,1030,TSI,NEU,neutral
1030_TSI_SAD_XX.wav,data/raw/CREMA-D/AudioWAV/1030_TSI_SAD_XX.wav,1030,TSI,SAD,sad
1030_WSI_ANG_XX.wav,data/raw/CREMA-D/AudioWAV/1030_WSI_ANG_XX.wav,1030,WSI,ANG,angry
1030_WSI_DIS_XX.wav,data/raw/CREMA-D/AudioWAV/1030_WSI_DIS_XX.wav,1030,WSI,DIS,disgust
1030_WSI_FEA_XX.wav,data/raw/CREMA-D/AudioWAV/1030_WSI_FEA_XX.wav,1030,WSI,FEA,fear
1030_WSI_HAP_XX.wav,data/raw/CREMA-D/AudioWAV/1030_WSI_HAP_XX.wav,1030,WSI,HAP,happy
1030_WSI_NEU_XX.wav,data/raw/CREMA-D/AudioWAV/1030_WSI_NEU_XX.wav,1030,WSI,NEU,neutral
1030_WSI_SAD_XX.wav,data/raw/CREMA-D/AudioWAV/1030_WSI_SAD_XX.wav,1030,WSI,SAD,sad
1032_DFA_ANG_XX.wav,data/raw/CREMA-D/AudioWAV/1032_DFA_ANG_XX.wav,1032,DFA,ANG,angry
1032_DFA_DIS_XX.wav,data/raw/CREMA-D/AudioWAV/1032_DFA_DIS_XX.wav,1032,DFA,DIS,disgust
1032_DFA_FEA_XX.wav,data/raw/CREMA-D/AudioWAV/1032_DFA_FEA_XX.wav,1032,DFA,FEA,fear
1032_DFA_HAP_XX.wav,data/raw/CREMA-D/AudioWAV/1032_DFA_HAP_XX.wav,1032,DFA,HAP,happy
1032_DFA_NEU_XX.wav,data/raw/CREMA-D/AudioWAV/1032_DFA_NEU_XX.wav,1032,DFA,NEU,neutral
1032_DFA_SAD_XX.wav,data/raw/CREMA-D/AudioWAV/1032_DFA_SAD_XX.wav,1032,DFA,SAD,sad
1032_IEO_ANG_HI.wav,data/raw/CREMA-D/AudioWAV/1032_IEO_ANG_HI.wav,1032,IEO,ANG,angry
1032_IEO_ANG_LO.wav,data/raw/CREMA-D/AudioWAV/1032_IEO_ANG_LO.wav,1032,IEO,ANG,angry
1032_IEO_ANG_MD.wav,data/raw/CREMA-D/AudioWAV/1032_IEO_ANG_MD.wav,1032,IEO,ANG,angry
1032_IEO_DIS_HI.wav,data/raw/CREMA-D/AudioWAV/1032_IEO_DIS_HI.wav,1032,IEO,DIS,disgust
1032_IEO_DIS_LO.wav,data/raw/CREMA-D/AudioWAV/1032_IEO_DIS_LO.wav,1032,IEO,DIS,disgust
1032_IEO_DIS_MD.wav,data/raw/CREMA-D/AudioWAV/1032_IEO_DIS_MD.wav,1032,IEO,DIS,disgust
1032_IEO_FEA_HI.wav,data/raw/CREMA-D/AudioWAV/1032_IEO_FEA_HI.wav,1032,IEO,FEA,fear
1032_IEO_FEA_LO.wav,data/raw/CREMA-D/AudioWAV/1032_IEO_FEA_LO.wav,1032,IEO,FEA,fear
1032_IEO_FEA_MD.wav,data/raw/CREMA-D/AudioWAV/1032_IEO_FEA_MD.wav,1032,IEO,FEA,fear
1032_IEO_HAP_HI.wav,data/raw/CREMA-D/AudioWAV/1032_IEO_HAP_HI.wav,1032,IEO,HAP,happy
1032_IEO_HAP_LO.wav,data/raw/CREMA-D/AudioWAV/1032_IEO_HAP_LO.wav,1032,IEO,HAP,happy
1032_IEO_HAP_MD.wav,data/raw/CREMA-D/AudioWAV/1032_IEO_HAP_MD.wav,1032,IEO,HAP,happy
1032_IEO_NEU_XX.wav,data/raw/CREMA-D/AudioWAV/1032_IEO_NEU_XX.wav,1032,IEO,NEU,neutral
1032_IEO_SAD_HI.wav,data/raw/CREMA-D/AudioWAV/1032_IEO_SAD_HI.wav,1032,IEO,SAD,sad
1032_IEO_SAD_LO.wav,data/raw/CREMA-D/AudioWAV/1032_IEO_SAD_LO.wav,1032,IEO,SAD,sad
1032_IEO_SAD_MD.wav,data/raw/CREMA-D/AudioWAV/1032_IEO_SAD_MD.wav,1032,IEO,SAD,sad
1032_IOM_ANG_XX.wav,data/raw/CREMA-D/AudioWAV/1032_IOM_ANG_XX.wav,1032,IOM,ANG,angry
1032_IOM_DIS_XX.wav,data/raw/CREMA-D/AudioWAV/1032_IOM_DIS_XX.wav,1032,IOM,DIS,disgust
1032_IOM_FEA_XX.wav,data/raw/CREMA-D/AudioWAV/1032_IOM_FEA_XX.wav,1032,IOM,FEA,fear
1032_IOM_HAP_XX.wav,data/raw/CREMA-D/AudioWAV/1032_IOM_HAP_XX.wav,1032,IOM,HAP,happy
1032_IOM_NEU_XX.wav,data/raw/CREMA-D/AudioWAV/1032_IOM_NEU_XX.wav,1032,IOM,NEU,neutral
1032_IOM_SAD_XX.wav,data/raw/CREMA-D/AudioWAV/1032_IOM_SAD_XX.wav,1032,IOM,SAD,sad
1032_ITH_ANG_XX.wav,data/raw/CREMA-D/AudioWAV/1032_ITH_ANG_XX.wav,1032,ITH,ANG,angry
1032_ITH_DIS_XX.wav,data/raw/CREMA-D/AudioWAV/1032_ITH_DIS_XX.wav,1032,ITH,DIS,disgust
1032_ITH_FEA_XX.wav,data/raw/CREMA-D/AudioWAV/1032_ITH_FEA_XX.wav,1032,ITH,FEA,fear
1032_ITH_HAP_XX.wav,data/raw/CREMA-D/AudioWAV/1032_ITH_HAP_XX.wav,1032,ITH,HAP,happy
1032_ITH_NEU_XX.wav,data/raw/CREMA-D/AudioWAV/1032_ITH_NEU_XX.wav,1032,ITH,NEU,neutral
1032_ITH_SAD_XX.wav,data/raw/CREMA-D/AudioWAV/1032_ITH_SAD_XX.wav,1032,ITH,SAD,sad
1032_ITS_ANG_XX.wav,data/raw/CREMA-D/AudioWAV/1032_ITS_ANG_XX.wav,1032,ITS,ANG,angry
1032_ITS_DIS_XX.wav,data/raw/CREMA-D/AudioWAV/1032_ITS_DIS_XX.wav,1032,ITS,DIS,disgust
1032_ITS_FEA_XX.wav,data/raw/CREMA-D/AudioWAV/1032_ITS_FEA_XX.wav,1032,ITS,FEA,fear
1032_ITS_HAP_XX.wav,data/raw/CREMA-D/AudioWAV/1032_ITS_HAP_XX.wav,1032,ITS,HAP,happy
1032_ITS_NEU_XX.wav,data/raw/CREMA-D/AudioWAV/1032_ITS_NEU_XX.wav,1032,ITS,NEU,neutral
1032_ITS_SAD_XX.wav,data/raw/CREMA-D/AudioWAV/1032_ITS_SAD_XX.wav,1032,ITS,SAD,sad
1032_IWL_ANG_XX.wav,data/raw/CREMA-D/AudioWAV/1032_IWL_ANG_XX.wav,1032,IWL,ANG,angry
1032_IWL_DIS_XX.wav,data/raw/CREMA-D/AudioWAV/1032_IWL_DIS_XX.wav,1032,IWL,DIS,disgust
1032_IWL_FEA_XX.wav,data/raw/CREMA-D/AudioWAV/1032_IWL_FEA_XX.wav,1032,IWL,FEA,fear
1032_IWL_HAP_XX.wav,data/raw/CREMA-D/AudioWAV/1032_IWL_HAP_XX.wav,1032,IWL,HAP,happy
1032_IWL_NEU_XX.wav,data/raw/CREMA-D/AudioWAV/1032_IWL_NEU_XX.wav,1032,IWL,NEU,neutral
1032_IWL_SAD_XX.wav,data/raw/CREMA-D/AudioWAV/1032_IWL_SAD_XX.wav,1032,IWL,SAD,sad
1032_IWW_ANG_XX.wav,data/raw/CREMA-D/AudioWAV/1032_IWW_ANG_XX.wav,1032,IWW,ANG,angry
1032_IWW_DIS_XX.wav,data/raw/CREMA-D/AudioWAV/1032_IWW_DIS_XX.wav,1032,IWW,DIS,disgust
1032_IWW_FEA_XX.wav,data/raw/CREMA-D/AudioWAV/1032_IWW_FEA_XX.wav,1032,IWW,FEA,fear
1032_IWW_HAP_XX.wav,data/raw/CREMA-D/AudioWAV/1032_IWW_HAP_XX.wav,1032,IWW,HAP,happy
1032_IWW_NEU_XX.wav,data/raw/CREMA-D/AudioWAV/1032_IWW_NEU_XX.wav,1032,IWW,NEU,neutral
1032_IWW_SAD_XX.wav,data/raw/CREMA-D/AudioWAV/1032_IWW_SAD_XX.wav,1032,IWW,SAD,sad
1032_MTI_ANG_XX.wav,data/raw/CREMA-D/AudioWAV/1032_MTI_ANG_XX.wav,1032,MTI,ANG,angry
1032_MTI_DIS_XX.wav,data/raw/CREMA-D/AudioWAV/1032_MTI_DIS_XX.wav,1032,MTI,DIS,disgust
1032_MTI_FEA_XX.wav,data/raw/CREMA-D/AudioWAV/1032_MTI_FEA_XX.wav,1032,MTI,FEA,fear
1032_MTI_HAP_XX.wav,data/raw/CREMA-D/AudioWAV/1032_MTI_HAP_XX.wav,1032,MTI,HAP,happy
1032_MTI_NEU_XX.wav,data/raw/CREMA-D/AudioWAV/1032_MTI_NEU_XX.wav,1032,MTI,NEU,neutral
1032_MTI_SAD_XX.wav,data/raw/CREMA-D/AudioWAV/1032_MTI_SAD_XX.wav,1032,MTI,SAD,sad
1032_TAI_ANG_XX.wav,data/raw/CREMA-D/AudioWAV/1032_TAI_ANG_XX.wav,1032,TAI,ANG,angry
1032_TAI_DIS_XX.wav,data/raw/CREMA-D/AudioWAV/1032_TAI_DIS_XX.wav,1032,TAI,DIS,disgust
1032_TAI_FEA_XX.wav,data/raw/CREMA-D/AudioWAV/1032_TAI_FEA_XX.wav,1032,TAI,FEA,fear
1032_TAI_HAP_XX.wav,data/raw/CREMA-D/AudioWAV/1032_TAI_HAP_XX.wav,1032,TAI,HAP,happy
1032_TAI_NEU_XX.wav,data/raw/CREMA-D/AudioWAV/1032_TAI_NEU_XX.wav,1032,TAI,NEU,neutral
1032_TAI_SAD_XX.wav,data/raw/CREMA-D/AudioWAV/1032_TAI_SAD_XX.wav,1032,TAI,SAD,sad
1032_TIE_ANG_XX.wav,data/raw/CREMA-D/AudioWAV/1032_TIE_ANG_XX.wav,1032,TIE,ANG,angry
1032_TIE_DIS_XX.wav,data/raw/CREMA-D/AudioWAV/1032_TIE_DIS_XX.wav,1032,TIE,DIS,disgust
1032_TIE_FEA_XX.wav,data/raw/CREMA-D/AudioWAV/1032_TIE_FEA_XX.wav,1032,TIE,FEA,fear
1032_TIE_HAP_XX.wav,data/raw/CREMA-D/AudioWAV/1032_TIE_HAP_XX.wav,1032,TIE,HAP,happy
1032_TIE_NEU_XX.wav,data/raw/CREMA-D/AudioWAV/1032_TIE_NEU_XX.wav,1032,TIE,NEU,neutral
1032_TIE_SAD_XX.wav,data/raw/CREMA-D/AudioWAV/1032_TIE_SAD_XX.wav,1032,TIE,SAD,sad
1032_TSI_ANG_XX.wav,data/raw/CREMA-D/AudioWAV/1032_TSI_ANG_XX.wav,1032,TSI,ANG,angry
1032_TSI_DIS_XX.wav,data/raw/CREMA-D/AudioWAV/1032_TSI_DIS_XX.wav,1032,TSI,DIS,disgust
1032_TSI_FEA_XX.wav,data/raw/CREMA-D/AudioWAV/1032_TSI_FEA_XX.wav,1032,TSI,FEA,fear
1032_TSI_HAP_XX.wav,data/raw/CREMA-D/AudioWAV/1032_TSI_HAP_XX.wav,1032,TSI,HAP,happy
1032_TSI_NEU_XX.wav,data/raw/CREMA-D/AudioWAV/1032_TSI_NEU_XX.wav,1032,TSI,NEU,neutral
1032_TSI_SAD_XX.wav,data/raw/CREMA-D/AudioWAV/1032_TSI_SAD_XX.wav,1032,TSI,SAD,sad
1032_WSI_ANG_XX.wav,data/raw/CREMA-D/AudioWAV/1032_WSI_ANG_XX.wav,1032,WSI,ANG,angry
1032_WSI_DIS_XX.wav,data/raw/CREMA-D/AudioWAV/1032_WSI_DIS_XX.wav,1032,WSI,DIS,disgust
1032_WSI_FEA_XX.wav,data/raw/CREMA-D/AudioWAV/1032_WSI_FEA_XX.wav,1032,WSI,FEA,fear
1032_WSI_HAP_XX.wav,data/raw/CREMA-D/AudioWAV/1032_WSI_HAP_XX.wav,1032,WSI,HAP,happy
1032_WSI_NEU_XX.wav,data/raw/CREMA-D/AudioWAV/1032_WSI_NEU_XX.wav,1032,WSI,NEU,neutral
1032_WSI_SAD_XX.wav,data/raw/CREMA-D/AudioWAV/1032_WSI_SAD_XX.wav,1032,WSI,SAD,sad
1033_DFA_ANG_XX.wav,data/raw/CREMA-D/AudioWAV/1033_DFA_ANG_XX.wav,1033,DFA,ANG,angry
1033_DFA_DIS_XX.wav,data/raw/CREMA-D/AudioWAV/1033_DFA_DIS_XX.wav,1033,DFA,DIS,disgust
1033_DFA_FEA_XX.wav,data/raw/CREMA-D/AudioWAV/1033_DFA_FEA_XX.wav,1033,DFA,FEA,fear
1033_DFA_HAP_XX.wav,data/raw/CREMA-D/AudioWAV/1033_DFA_HAP_XX.wav,1033,DFA,HAP,happy
1033_DFA_NEU_XX.wav,data/raw/CREMA-D/AudioWAV/1033_DFA_NEU_XX.wav,1033,DFA,NEU,neutral
1033_DFA_SAD_XX.wav,data/raw/CREMA-D/AudioWAV/1033_DFA_SAD_XX.wav,1033,DFA,SAD,sad
1033_IEO_ANG_HI.wav,data/raw/CREMA-D/AudioWAV/1033_IEO_ANG_HI.wav,1033,IEO,ANG,angry
1033_IEO_ANG_LO.wav,data/raw/CREMA-D/AudioWAV/1033_IEO_ANG_LO.wav,1033,IEO,ANG,angry
1033_IEO_ANG_MD.wav,data/raw/CREMA-D/AudioWAV/1033_IEO_ANG_MD.wav,1033,IEO,ANG,angry
1033_IEO_DIS_HI.wav,data/raw/CREMA-D/AudioWAV/1033_IEO_DIS_HI.wav,1033,IEO,DIS,disgust
1033_IEO_DIS_LO.wav,data/raw/CREMA-D/AudioWAV/1033_IEO_DIS_LO.wav,1033,IEO,DIS,disgust
1033_IEO_DIS_MD.wav,data/raw/CREMA-D/AudioWAV/1033_IEO_DIS_MD.wav,1033,IEO,DIS,disgust
1033_IEO_FEA_HI.wav,data/raw/CREMA-D/AudioWAV/1033_IEO_FEA_HI.wav,1033,IEO,FEA,fear
1033_IEO_FEA_LO.wav,data/raw/CREMA-D/AudioWAV/1033_IEO_FEA_LO.wav,1033,IEO,FEA,fear
1033_IEO_FEA_MD.wav,data/raw/CREMA-D/AudioWAV/1033_IEO_FEA_MD.wav,1033,IEO,FEA,fear
1033_IEO_HAP_HI.wav,data/raw/CREMA-D/AudioWAV/1033_IEO_HAP_HI.wav,1033,IEO,HAP,happy
1033_IEO_HAP_LO.wav,data/raw/CREMA-D/AudioWAV/1033_IEO_HAP_LO.wav,1033,IEO,HAP,happy
1033_IEO_HAP_MD.wav,data/raw/CREMA-D/AudioWAV/1033_IEO_HAP_MD.wav,1033,IEO,HAP,happy
1033_IEO_NEU_XX.wav,data/raw/CREMA-D/AudioWAV/1033_IEO_NEU_XX.wav,1033,IEO,NEU,neutral
1033_IEO_SAD_HI.wav,data/raw/CREMA-D/AudioWAV/1033_IEO_SAD_HI.wav,1033,IEO,SAD,sad
1033_IEO_SAD_LO.wav,data/raw/CREMA-D/AudioWAV/1033_IEO_SAD_LO.wav,1033,IEO,SAD,sad
1033_IEO_SAD_MD.wav,data/raw/CREMA-D/AudioWAV/1033_IEO_SAD_MD.wav,1033,IEO,SAD,sad
1033_IOM_ANG_XX.wav,data/raw/CREMA-D/AudioWAV/1033_IOM_ANG_XX.wav,1033,IOM,ANG,angry
1033_IOM_DIS_XX.wav,data/raw/CREMA-D/AudioWAV/1033_IOM_DIS_XX.wav,1033,IOM,DIS,disgust
1033_IOM_FEA_XX.wav,data/raw/CREMA-D/AudioWAV/1033_IOM_FEA_XX.wav,1033,IOM,FEA,fear
1033_IOM_HAP_XX.wav,data/raw/CREMA-D/AudioWAV/1033_IOM_HAP_XX.wav,1033,IOM,HAP,happy
1033_IOM_NEU_XX.wav,data/raw/CREMA-D/AudioWAV/1033_IOM_NEU_XX.wav,1033,IOM,NEU,neutral
1033_IOM_SAD_XX.wav,data/raw/CREMA-D/AudioWAV/1033_IOM_SAD_XX.wav,1033,IOM,SAD,sad
1033_ITH_ANG_XX.wav,data/raw/CREMA-D/AudioWAV/1033_ITH_ANG_XX.wav,1033,ITH,ANG,angry
1033_ITH_DIS_XX.wav,data/raw/CREMA-D/AudioWAV/1033_ITH_DIS_XX.wav,1033,ITH,DIS,disgust
1033_ITH_FEA_XX.wav,data/raw/CREMA-D/AudioWAV/1033_ITH_FEA_XX.wav,1033,ITH,FEA,fear
1033_ITH_HAP_XX.wav,data/raw/CREMA-D/AudioWAV/1033_ITH_HAP_XX.wav,1033,ITH,HAP,happy
1033_ITH_NEU_XX.wav,data/raw/CREMA-D/AudioWAV/1033_ITH_NEU_XX.wav,1033,ITH,NEU,neutral
1033_ITH_SAD_XX.wav,data/raw/CREMA-D/AudioWAV/1033_ITH_SAD_XX.wav,1033,ITH,SAD,sad
1033_ITS_ANG_XX.wav,data/raw/CREMA-D/AudioWAV/1033_ITS_ANG_XX.wav,1033,ITS,ANG,angry
1033_ITS_DIS_XX.wav,data/raw/CREMA-D/AudioWAV/1033_ITS_DIS_XX.wav,1033,ITS,DIS,disgust
1033_ITS_FEA_XX.wav,data/raw/CREMA-D/AudioWAV/1033_ITS_FEA_XX.wav,1033,ITS,FEA,fear
1033_ITS_HAP_XX.wav,data/raw/CREMA-D/AudioWAV/1033_ITS_HAP_XX.wav,1033,ITS,HAP,happy
1033_ITS_NEU_XX.wav,data/raw/CREMA-D/AudioWAV/1033_ITS_NEU_XX.wav,1033,ITS,NEU,neutral
1033_ITS_SAD_XX.wav,data/raw/CREMA-D/AudioWAV/1033_ITS_SAD_XX.wav,1033,ITS,SAD,sad
1033_IWL_ANG_XX.wav,data/raw/CREMA-D/AudioWAV/1033_IWL_ANG_XX.wav,1033,IWL,ANG,angry
1033_IWL_DIS_XX.wav,data/raw/CREMA-D/AudioWAV/1033_IWL_DIS_XX.wav,1033,IWL,DIS,disgust
1033_IWL_FEA_XX.wav,data/raw/CREMA-D/AudioWAV/1033_IWL_FEA_XX.wav,1033,IWL,FEA,fear
1033_IWL_HAP_XX.wav,data/raw/CREMA-D/AudioWAV/1033_IWL_HAP_XX.wav,1033,IWL,HAP,happy
1033_IWL_NEU_XX.wav,data/raw/CREMA-D/AudioWAV/1033_IWL_NEU_XX.wav,1033,IWL,NEU,neutral
1033_IWL_SAD_XX.wav,data/raw/CREMA-D/AudioWAV/1033_IWL_SAD_XX.wav,1033,IWL,SAD,sad
1033_IWW_ANG_XX.wav,data/raw/CREMA-D/AudioWAV/1033_IWW_ANG_XX.wav,1033,IWW,ANG,angry
1033_IWW_DIS_XX.wav,data/raw/CREMA-D/AudioWAV/1033_IWW_DIS_XX.wav,1033,IWW,DIS,disgust
1033_IWW_FEA_XX.wav,data/raw/CREMA-D/AudioWAV/1033_IWW_FEA_XX.wav,1033,IWW,FEA,fear
1033_IWW_HAP_XX.wav,data/raw/CREMA-D/AudioWAV/1033_IWW_HAP_XX.wav,1033,IWW,HAP,happy
1033_IWW_NEU_XX.wav,data/raw/CREMA-D/AudioWAV/1033_IWW_NEU_XX.wav,1033,IWW,NEU,neutral
1033_IWW_SAD_XX.wav,data/raw/CREMA-D/AudioWAV/1033_IWW_SAD_XX.wav,1033,IWW,SAD,sad
1033_MTI_ANG_XX.wav,data/raw/CREMA-D/AudioWAV/1033_MTI_ANG_XX.wav,1033,MTI,ANG,angry
1033_MTI_DIS_XX.wav,data/raw/CREMA-D/AudioWAV/1033_MTI_DIS_XX.wav,1033,MTI,DIS,disgust
1033_MTI_FEA_XX.wav,data/raw/CREMA-D/AudioWAV/1033_MTI_FEA_XX.wav,1033,MTI,FEA,fear
1033_MTI_HAP_XX.wav,data/raw/CREMA-D/AudioWAV/1033_MTI_HAP_XX.wav,1033,MTI,HAP,happy
1033_MTI_NEU_XX.wav,data/raw/CREMA-D/AudioWAV/1033_MTI_NEU_XX.wav,1033,MTI,NEU,neutral
1033_MTI_SAD_XX.wav,data/raw/CREMA-D/AudioWAV/1033_MTI_SAD_XX.wav,1033,MTI,SAD,sad
1033_TAI_ANG_XX.wav,data/raw/CREMA-D/AudioWAV/1033_TAI_ANG_XX.wav,1033,TAI,ANG,angry
1033_TAI_DIS_XX.wav,data/raw/CREMA-D/AudioWAV/1033_TAI_DIS_XX.wav,1033,TAI,DIS,disgust
1033_TAI_FEA_XX.wav,data/raw/CREMA-D/AudioWAV/1033_TAI_FEA_XX.wav,1033,TAI,FEA,fear
1033_TAI_HAP_XX.wav,data/raw/CREMA-D/AudioWAV/1033_TAI_HAP_XX.wav,1033,TAI,HAP,happy
1033_TAI_NEU_XX.wav,data/raw/CREMA-D/AudioWAV/1033_TAI_NEU_XX.wav,1033,TAI,NEU,neutral
1033_TAI_SAD_XX.wav,data/raw/CREMA-D/AudioWAV/1033_TAI_SAD_XX.wav,1033,TAI,SAD,sad
1033_TIE_ANG_XX.wav,data/raw/CREMA-D/AudioWAV/1033_TIE_ANG_XX.wav,1033,TIE,ANG,angry
1033_TIE_DIS_XX.wav,data/raw/CREMA-D/AudioWAV/1033_TIE_DIS_XX.wav,1033,TIE,DIS,disgust
1033_TIE_FEA_XX.wav,data/raw/CREMA-D/AudioWAV/1033_TIE_FEA_XX.wav,1033,TIE,FEA,fear
1033_TIE_HAP_XX.wav,data/raw/CREMA-D/AudioWAV/1033_TIE_HAP_XX.wav,1033,TIE,HAP,happy
1033_TIE_NEU_XX.wav,data/raw/CREMA-D/AudioWAV/1033_TIE_NEU_XX.wav,1033,TIE,NEU,neutral
1033_TIE_SAD_XX.wav,data/raw/CREMA-D/AudioWAV/1033_TIE_SAD_XX.wav,1033,TIE,SAD,sad
1033_TSI_ANG_XX.wav,data/raw/CREMA-D/AudioWAV/1033_TSI_ANG_XX.wav,1033,TSI,ANG,angry
1033_TSI_DIS_XX.wav,data/raw/CREMA-D/AudioWAV/1033_TSI_DIS_XX.wav,1033,TSI,DIS,disgust
1033_TSI_FEA_XX.wav,data/raw/CREMA-D/AudioWAV/1033_TSI_FEA_XX.wav,1033,TSI,FEA,fear
1033_TSI_HAP_XX.wav,data/raw/CREMA-D/AudioWAV/1033_TSI_HAP_XX.wav,1033,TSI,HAP,happy
1033_TSI_NEU_XX.wav,data/raw/CREMA-D/AudioWAV/1033_TSI_NEU_XX.wav,1033,TSI,NEU,neutral
1033_TSI_SAD_XX.wav,data/raw/CREMA-D/AudioWAV/1033_TSI_SAD_XX.wav,1033,TSI,SAD,sad
1033_WSI_ANG_XX.wav,data/raw/CREMA-D/AudioWAV/1033_WSI_ANG_XX.wav,1033,WSI,ANG,angry
1033_WSI_DIS_XX.wav,data/raw/CREMA-D/AudioWAV/1033_WSI_DIS_XX.wav,1033,WSI,DIS,disgust
1033_WSI_FEA_XX.wav,data/raw/CREMA-D/AudioWAV/1033_WSI_FEA_XX.wav,1033,WSI,FEA,fear
1033_WSI_HAP_XX.wav,data/raw/CREMA-D/AudioWAV/1033_WSI_HAP_XX.wav,1033,WSI,HAP,happy
1033_WSI_NEU_XX.wav,data/raw/CREMA-D/AudioWAV/1033_WSI_NEU_XX.wav,1033,WSI,NEU,neutral
1033_WSI_SAD_XX.wav,data/raw/CREMA-D/AudioWAV/1033_WSI_SAD_XX.wav,1033,WSI,SAD,sad
1035_DFA_ANG_XX.wav,data/raw/CREMA-D/AudioWAV/1035_DFA_ANG_XX.wav,1035,DFA,ANG,angry
1035_DFA_DIS_XX.wav,data/raw/CREMA-D/AudioWAV/1035_DFA_DIS_XX.wav,1035,DFA,DIS,disgust
1035_DFA_FEA_XX.wav,data/raw/CREMA-D/AudioWAV/1035_DFA_FEA_XX.wav,1035,DFA,FEA,fear
1035_DFA_HAP_XX.wav,data/raw/CREMA-D/AudioWAV/1035_DFA_HAP_XX.wav,1035,DFA,HAP,happy
1035_DFA_NEU_XX.wav,data/raw/CREMA-D/AudioWAV/1035_DFA_NEU_XX.wav,1035,DFA,NEU,neutral
1035_DFA_SAD_XX.wav,data/raw/CREMA-D/AudioWAV/1035_DFA_SAD_XX.wav,1035,DFA,SAD,sad
1035_IEO_ANG_HI.wav,data/raw/CREMA-D/AudioWAV/1035_IEO_ANG_HI.wav,1035,IEO,ANG,angry
1035_IEO_ANG_LO.wav,data/raw/CREMA-D/AudioWAV/1035_IEO_ANG_LO.wav,1035,IEO,ANG,angry
1035_IEO_ANG_MD.wav,data/raw/CREMA-D/AudioWAV/1035_IEO_ANG_MD.wav,1035,IEO,ANG,angry
1035_IEO_DIS_HI.wav,data/raw/CREMA-D/AudioWAV/1035_IEO_DIS_HI.wav,1035,IEO,DIS,disgust
1035_IEO_DIS_LO.wav,data/raw/CREMA-D/AudioWAV/1035_IEO_DIS_LO.wav,1035,IEO,DIS,disgust
1035_IEO_DIS_MD.wav,data/raw/CREMA-D/AudioWAV/1035_IEO_DIS_MD.wav,1035,IEO,DIS,disgust
1035_IEO_FEA_HI.wav,data/raw/CREMA-D/AudioWAV/1035_IEO_FEA_HI.wav,1035,IEO,FEA,fear
1035_IEO_FEA_LO.wav,data/raw/CREMA-D/AudioWAV/1035_IEO_FEA_LO.wav,1035,IEO,FEA,fear
1035_IEO_FEA_MD.wav,data/raw/CREMA-D/AudioWAV/1035_IEO_FEA_MD.wav,1035,IEO,FEA,fear
1035_IEO_HAP_HI.wav,data/raw/CREMA-D/AudioWAV/1035_IEO_HAP_HI.wav,1035,IEO,HAP,happy
1035_IEO_HAP_LO.wav,data/raw/CREMA-D/AudioWAV/1035_IEO_HAP_LO.wav,1035,IEO,HAP,happy
1035_IEO_HAP_MD.wav,data/raw/CREMA-D/AudioWAV/1035_IEO_HAP_MD.wav,1035,IEO,HAP,happy
1035_IEO_NEU_XX.wav,data/raw/CREMA-D/AudioWAV/1035_IEO_NEU_XX.wav,1035,IEO,NEU,neutral
1035_IEO_SAD_HI.wav,data/raw/CREMA-D/AudioWAV/1035_IEO_SAD_HI.wav,1035,IEO,SAD,sad
1035_IEO_SAD_LO.wav,data/raw/CREMA-D/AudioWAV/1035_IEO_SAD_LO.wav,1035,IEO,SAD,sad
1035_IEO_SAD_MD.wav,data/raw/CREMA-D/AudioWAV/1035_IEO_SAD_MD.wav,1035,IEO,SAD,sad
1035_IOM_ANG_XX.wav,data/raw/CREMA-D/AudioWAV/1035_IOM_ANG_XX.wav,1035,IOM,ANG,angry
1035_IOM_DIS_XX.wav,data/raw/CREMA-D/AudioWAV/1035_IOM_DIS_XX.wav,1035,IOM,DIS,disgust
1035_IOM_FEA_XX.wav,data/raw/CREMA-D/AudioWAV/1035_IOM_FEA_XX.wav,1035,IOM,FEA,fear
1035_IOM_HAP_XX.wav,data/raw/CREMA-D/AudioWAV/1035_IOM_HAP_XX.wav,1035,IOM,HAP,happy
1035_IOM_NEU_XX.wav,data/raw/CREMA-D/AudioWAV/1035_IOM_NEU_XX.wav,1035,IOM,NEU,neutral
1035_IOM_SAD_XX.wav,data/raw/CREMA-D/AudioWAV/1035_IOM_SAD_XX.wav,1035,IOM,SAD,sad
1035_ITH_ANG_XX.wav,data/raw/CREMA-D/AudioWAV/1035_ITH_ANG_XX.wav,1035,ITH,ANG,angry
1035_ITH_DIS_XX.wav,data/raw/CREMA-D/AudioWAV/1035_ITH_DIS_XX.wav,1035,ITH,DIS,disgust
1035_ITH_FEA_XX.wav,data/raw/CREMA-D/AudioWAV/1035_ITH_FEA_XX.wav,1035,ITH,FEA,fear
1035_ITH_HAP_XX.wav,data/raw/CREMA-D/AudioWAV/1035_ITH_HAP_XX.wav,1035,ITH,HAP,happy
1035_ITH_NEU_XX.wav,data/raw/CREMA-D/AudioWAV/1035_ITH_NEU_XX.wav,1035,ITH,NEU,neutral
1035_ITH_SAD_XX.wav,data/raw/CREMA-D/AudioWAV/1035_ITH_SAD_XX.wav,1035,ITH,SAD,sad
1035_ITS_ANG_XX.wav,data/raw/CREMA-D/AudioWAV/1035_ITS_ANG_XX.wav,1035,ITS,ANG,angry
1035_ITS_DIS_XX.wav,data/raw/CREMA-D/AudioWAV/1035_ITS_DIS_XX.wav,1035,ITS,DIS,disgust
1035_ITS_FEA_XX.wav,data/raw/CREMA-D/AudioWAV/1035_ITS_FEA_XX.wav,1035,ITS,FEA,fear
1035_ITS_HAP_XX.wav,data/raw/CREMA-D/AudioWAV/1035_ITS_HAP_XX.wav,1035,ITS,HAP,happy
1035_ITS_NEU_XX.wav,data/raw/CREMA-D/AudioWAV/1035_ITS_NEU_XX.wav,1035,ITS,NEU,neutral
1035_ITS_SAD_XX.wav,data/raw/CREMA-D/AudioWAV/1035_ITS_SAD_XX.wav,1035,ITS,SAD,sad
1035_IWL_ANG_XX.wav,data/raw/CREMA-D/AudioWAV/1035_IWL_ANG_XX.wav,1035,IWL,ANG,angry
1035_IWL_DIS_XX.wav,data/raw/CREMA-D/AudioWAV/1035_IWL_DIS_XX.wav,1035,IWL,DIS,disgust
1035_IWL_FEA_XX.wav,data/raw/CREMA-D/AudioWAV/1035_IWL_FEA_XX.wav,1035,IWL,FEA,fear
1035_IWL_HAP_XX.wav,data/raw/CREMA-D/AudioWAV/1035_IWL_HAP_XX.wav,1035,IWL,HAP,happy
1035_IWL_NEU_XX.wav,data/raw/CREMA-D/AudioWAV/1035_IWL_NEU_XX.wav,1035,IWL,NEU,neutral
1035_IWL_SAD_XX.wav,data/raw/CREMA-D/AudioWAV/1035_IWL_SAD_XX.wav,1035,IWL,SAD,sad
1035_IWW_ANG_XX.wav,data/raw/CREMA-D/AudioWAV/1035_IWW_ANG_XX.wav,1035,IWW,ANG,angry
1035_IWW_DIS_XX.wav,data/raw/CREMA-D/AudioWAV/1035_IWW_DIS_XX.wav,1035,IWW,DIS,disgust
1035_IWW_FEA_XX.wav,data/raw/CREMA-D/AudioWAV/1035_IWW_FEA_XX.wav,1035,IWW,FEA,fear
1035_IWW_HAP_XX.wav,data/raw/CREMA-D/AudioWAV/1035_IWW_HAP_XX.wav,1035,IWW,HAP,happy
1035_IWW_NEU_XX.wav,data/raw/CREMA-D/AudioWAV/1035_IWW_NEU_XX.wav,1035,IWW,NEU,neutral
1035_IWW_SAD_XX.wav,data/raw/CREMA-D/AudioWAV/1035_IWW_SAD_XX.wav,1035,IWW,SAD,sad
1035_MTI_ANG_XX.wav,data/raw/CREMA-D/AudioWAV/1035_MTI_ANG_XX.wav,1035,MTI,ANG,angry
1035_MTI_DIS_XX.wav,data/raw/CREMA-D/AudioWAV/1035_MTI_DIS_XX.wav,1035,MTI,DIS,disgust
1035_MTI_FEA_XX.wav,data/raw/CREMA-D/AudioWAV/1035_MTI_FEA_XX.wav,1035,MTI,FEA,fear
1035_MTI_HAP_XX.wav,data/raw/CREMA-D/AudioWAV/1035_MTI_HAP_XX.wav,1035,MTI,HAP,happy
1035_MTI_NEU_XX.wav,data/raw/CREMA-D/AudioWAV/1035_MTI_NEU_XX.wav,1035,MTI,NEU,neutral
1035_MTI_SAD_XX.wav,data/raw/CREMA-D/AudioWAV/1035_MTI_SAD_XX.wav,1035,MTI,SAD,sad
1035_TAI_ANG_XX.wav,data/raw/CREMA-D/AudioWAV/1035_TAI_ANG_XX.wav,1035,TAI,ANG,angry
1035_TAI_DIS_XX.wav,data/raw/CREMA-D/AudioWAV/1035_TAI_DIS_XX.wav,1035,TAI,DIS,disgust
1035_TAI_FEA_XX.wav,data/raw/CREMA-D/AudioWAV/1035_TAI_FEA_XX.wav,1035,TAI,FEA,fear
1035_TAI_HAP_XX.wav,data/raw/CREMA-D/AudioWAV/1035_TAI_HAP_XX.wav,1035,TAI,HAP,happy
1035_TAI_NEU_XX.wav,data/raw/CREMA-D/AudioWAV/1035_TAI_NEU_XX.wav,1035,TAI,NEU,neutral
1035_TAI_SAD_XX.wav,data/raw/CREMA-D/AudioWAV/1035_TAI_SAD_XX.wav,1035,TAI,SAD,sad
1035_TIE_ANG_XX.wav,data/raw/CREMA-D/AudioWAV/1035_TIE_ANG_XX.wav,1035,TIE,ANG,angry
1035_TIE_DIS_XX.wav,data/raw/CREMA-D/AudioWAV/1035_TIE_DIS_XX.wav,1035,TIE,DIS,disgust
1035_TIE_FEA_XX.wav,data/raw/CREMA-D/AudioWAV/1035_TIE_FEA_XX.wav,1035,TIE,FEA,fear
1035_TIE_HAP_XX.wav,data/raw/CREMA-D/AudioWAV/1035_TIE_HAP_XX.wav,1035,TIE,HAP,happy
1035_TIE_NEU_XX.wav,data/raw/CREMA-D/AudioWAV/1035_TIE_NEU_XX.wav,1035,TIE,NEU,neutral
1035_TIE_SAD_XX.wav,data/raw/CREMA-D/AudioWAV/1035_TIE_SAD_XX.wav,1035,TIE,SAD,sad
1035_TSI_ANG_XX.wav,data/raw/CREMA-D/AudioWAV/1035_TSI_ANG_XX.wav,1035,TSI,ANG,angry
1035_TSI_DIS_XX.wav,data/raw/CREMA-D/AudioWAV/1035_TSI_DIS_XX.wav,1035,TSI,DIS,disgust
1035_TSI_FEA_XX.wav,data/raw/CREMA-D/AudioWAV/1035_TSI_FEA_XX.wav,1035,TSI,FEA,fear
1035_TSI_HAP_XX.wav,data/raw/CREMA-D/AudioWAV/1035_TSI_HAP_XX.wav,1035,TSI,HAP,happy
1035_TSI_NEU_XX.wav,data/raw/CREMA-D/AudioWAV/1035_TSI_NEU_XX.wav,1035,TSI,NEU,neutral
1035_TSI_SAD_XX.wav,data/raw/CREMA-D/AudioWAV/1035_TSI_SAD_XX.wav,1035,TSI,SAD,sad
1035_WSI_ANG_XX.wav,data/raw/CREMA-D/AudioWAV/1035_WSI_ANG_XX.wav,1035,WSI,ANG,angry
1035_WSI_DIS_XX.wav,data/raw/CREMA-D/AudioWAV/1035_WSI_DIS_XX.wav,1035,WSI,DIS,disgust
1035_WSI_FEA_XX.wav,data/raw/CREMA-D/AudioWAV/1035_WSI_FEA_XX.wav,1035,WSI,FEA,fear
1035_WSI_HAP_XX.wav,data/raw/CREMA-D/AudioWAV/1035_WSI_HAP_XX.wav,1035,WSI,HAP,happy
1035_WSI_NEU_XX.wav,data/raw/CREMA-D/AudioWAV/1035_WSI_NEU_XX.wav,1035,WSI,NEU,neutral
1035_WSI_SAD_XX.wav,data/raw/CREMA-D/AudioWAV/1035_WSI_SAD_XX.wav,1035,WSI,SAD,sad
1037_DFA_ANG_XX.wav,data/raw/CREMA-D/AudioWAV/1037_DFA_ANG_XX.wav,1037,DFA,ANG,angry
1037_DFA_DIS_XX.wav,data/raw/CREMA-D/AudioWAV/1037_DFA_DIS_XX.wav,1037,DFA,DIS,disgust
1037_DFA_FEA_XX.wav,data/raw/CREMA-D/AudioWAV/1037_DFA_FEA_XX.wav,1037,DFA,FEA,fear
1037_DFA_HAP_XX.wav,data/raw/CREMA-D/AudioWAV/1037_DFA_HAP_XX.wav,1037,DFA,HAP,happy
1037_DFA_NEU_XX.wav,data/raw/CREMA-D/AudioWAV/1037_DFA_NEU_XX.wav,1037,DFA,NEU,neutral
1037_DFA_SAD_XX.wav,data/raw/CREMA-D/AudioWAV/1037_DFA_SAD_XX.wav,1037,DFA,SAD,sad
1037_IEO_ANG_HI.wav,data/raw/CREMA-D/AudioWAV/1037_IEO_ANG_HI.wav,1037,IEO,ANG,angry
1037_IEO_ANG_LO.wav,data/raw/CREMA-D/AudioWAV/1037_IEO_ANG_LO.wav,1037,IEO,ANG,angry
1037_IEO_ANG_MD.wav,data/raw/CREMA-D/AudioWAV/1037_IEO_ANG_MD.wav,1037,IEO,ANG,angry
1037_IEO_DIS_HI.wav,data/raw/CREMA-D/AudioWAV/1037_IEO_DIS_HI.wav,1037,IEO,DIS,disgust
1037_IEO_DIS_LO.wav,data/raw/CREMA-D/AudioWAV/1037_IEO_DIS_LO.wav,1037,IEO,DIS,disgust
1037_IEO_DIS_MD.wav,data/raw/CREMA-D/AudioWAV/1037_IEO_DIS_MD.wav,1037,IEO,DIS,disgust
1037_IEO_FEA_HI.wav,data/raw/CREMA-D/AudioWAV/1037_IEO_FEA_HI.wav,1037,IEO,FEA,fear
1037_IEO_FEA_LO.wav,data/raw/CREMA-D/AudioWAV/1037_IEO_FEA_LO.wav,1037,IEO,FEA,fear
1037_IEO_FEA_MD.wav,data/raw/CREMA-D/AudioWAV/1037_IEO_FEA_MD.wav,1037,IEO,FEA,fear
1037_IEO_HAP_HI.wav,data/raw/CREMA-D/AudioWAV/1037_IEO_HAP_HI.wav,1037,IEO,HAP,happy
1037_IEO_HAP_LO.wav,data/raw/CREMA-D/AudioWAV/1037_IEO_HAP_LO.wav,1037,IEO,HAP,happy
1037_IEO_HAP_MD.wav,data/raw/CREMA-D/AudioWAV/1037_IEO_HAP_MD.wav,1037,IEO,HAP,happy
1037_IEO_NEU_XX.wav,data/raw/CREMA-D/AudioWAV/1037_IEO_NEU_XX.wav,1037,IEO,NEU,neutral
1037_IEO_SAD_HI.wav,data/raw/CREMA-D/AudioWAV/1037_IEO_SAD_HI.wav,1037,IEO,SAD,sad
1037_IEO_SAD_LO.wav,data/raw/CREMA-D/AudioWAV/1037_IEO_SAD_LO.wav,1037,IEO,SAD,sad
1037_IEO_SAD_MD.wav,data/raw/CREMA-D/AudioWAV/1037_IEO_SAD_MD.wav,1037,IEO,SAD,sad
1037_IOM_ANG_XX.wav,data/raw/CREMA-D/AudioWAV/1037_IOM_ANG_XX.wav,1037,IOM,ANG,angry
1037_IOM_DIS_XX.wav,data/raw/CREMA-D/AudioWAV/1037_IOM_DIS_XX.wav,1037,IOM,DIS,disgust
1037_IOM_FEA_XX.wav,data/raw/CREMA-D/AudioWAV/1037_IOM_FEA_XX.wav,1037,IOM,FEA,fear
1037_IOM_HAP_XX.wav,data/raw/CREMA-D/AudioWAV/1037_IOM_HAP_XX.wav,1037,IOM,HAP,happy
1037_IOM_NEU_XX.wav,data/raw/CREMA-D/AudioWAV/1037_IOM_NEU_XX.wav,1037,IOM,NEU,neutral
1037_IOM_SAD_XX.wav,data/raw/CREMA-D/AudioWAV/1037_IOM_SAD_XX.wav,1037,IOM,SAD,sad
1037_ITH_ANG_XX.wav,data/raw/CREMA-D/AudioWAV/1037_ITH_ANG_XX.wav,1037,ITH,ANG,angry
1037_ITH_DIS_XX.wav,data/raw/CREMA-D/AudioWAV/1037_ITH_DIS_XX.wav,1037,ITH,DIS,disgust
1037_ITH_FEA_XX.wav,data/raw/CREMA-D/AudioWAV/1037_ITH_FEA_XX.wav,1037,ITH,FEA,fear
1037_ITH_HAP_XX.wav,data/raw/CREMA-D/AudioWAV/1037_ITH_HAP_XX.wav,1037,ITH,HAP,happy
1037_ITH_NEU_XX.wav,data/raw/CREMA-D/AudioWAV/1037_ITH_NEU_XX.wav,1037,ITH,NEU,neutral
1037_ITH_SAD_XX.wav,data/raw/CREMA-D/AudioWAV/1037_ITH_SAD_XX.wav,1037,ITH,SAD,sad
1037_ITS_ANG_XX.wav,data/raw/CREMA-D/AudioWAV/1037_ITS_ANG_XX.wav,1037,ITS,ANG,angry
1037_ITS_DIS_XX.wav,data/raw/CREMA-D/AudioWAV/1037_ITS_DIS_XX.wav,1037,ITS,DIS,disgust
1037_ITS_FEA_XX.wav,data/raw/CREMA-D/AudioWAV/1037_ITS_FEA_XX.wav,1037,ITS,FEA,fear
1037_ITS_HAP_XX.wav,data/raw/CREMA-D/AudioWAV/1037_ITS_HAP_XX.wav,1037,ITS,HAP,happy
1037_ITS_NEU_XX.wav,data/raw/CREMA-D/AudioWAV/1037_ITS_NEU_XX.wav,1037,ITS,NEU,neutral
1037_ITS_SAD_XX.wav,data/raw/CREMA-D/AudioWAV/1037_ITS_SAD_XX.wav,1037,ITS,SAD,sad
1037_IWL_ANG_XX.wav,data/raw/CREMA-D/AudioWAV/1037_IWL_ANG_XX.wav,1037,IWL,ANG,angry
1037_IWL_DIS_XX.wav,data/raw/CREMA-D/AudioWAV/1037_IWL_DIS_XX.wav,1037,IWL,DIS,disgust
1037_IWL_FEA_XX.wav,data/raw/CREMA-D/AudioWAV/1037_IWL_FEA_XX.wav,1037,IWL,FEA,fear
1037_IWL_HAP_XX.wav,data/raw/CREMA-D/AudioWAV/1037_IWL_HAP_XX.wav,1037,IWL,HAP,happy
1037_IWL_NEU_XX.wav,data/raw/CREMA-D/AudioWAV/1037_IWL_NEU_XX.wav,1037,IWL,NEU,neutral
1037_IWL_SAD_XX.wav,data/raw/CREMA-D/AudioWAV/1037_IWL_SAD_XX.wav,1037,IWL,SAD,sad
1037_IWW_ANG_XX.wav,data/raw/CREMA-D/AudioWAV/1037_IWW_ANG_XX.wav,1037,IWW,ANG,angry
1037_IWW_DIS_XX.wav,data/raw/CREMA-D/AudioWAV/1037_IWW_DIS_XX.wav,1037,IWW,DIS,disgust
1037_IWW_FEA_XX.wav,data/raw/CREMA-D/AudioWAV/1037_IWW_FEA_XX.wav,1037,IWW,FEA,fear
1037_IWW_HAP_XX.wav,data/raw/CREMA-D/AudioWAV/1037_IWW_HAP_XX.wav,1037,IWW,HAP,happy
1037_IWW_NEU_XX.wav,data/raw/CREMA-D/AudioWAV/1037_IWW_NEU_XX.wav,1037,IWW,NEU,neutral
1037_IWW_SAD_XX.wav,data/raw/CREMA-D/AudioWAV/1037_IWW_SAD_XX.wav,1037,IWW,SAD,sad
1037_MTI_ANG_XX.wav,data/raw/CREMA-D/AudioWAV/1037_MTI_ANG_XX.wav,1037,MTI,ANG,angry
1037_MTI_DIS_XX.wav,data/raw/CREMA-D/AudioWAV/1037_MTI_DIS_XX.wav,1037,MTI,DIS,disgust
1037_MTI_FEA_XX.wav,data/raw/CREMA-D/AudioWAV/1037_MTI_FEA_XX.wav,1037,MTI,FEA,fear
1037_MTI_HAP_XX.wav,data/raw/CREMA-D/AudioWAV/1037_MTI_HAP_XX.wav,1037,MTI,HAP,happy
1037_MTI_NEU_XX.wav,data/raw/CREMA-D/AudioWAV/1037_MTI_NEU_XX.wav,1037,MTI,NEU,neutral
1037_MTI_SAD_XX.wav,data/raw/CREMA-D/AudioWAV/1037_MTI_SAD_XX.wav,1037,MTI,SAD,sad
1037_TAI_ANG_XX.wav,data/raw/CREMA-D/AudioWAV/1037_TAI_ANG_XX.wav,1037,TAI,ANG,angry
1037_TAI_DIS_XX.wav,data/raw/CREMA-D/AudioWAV/1037_TAI_DIS_XX.wav,1037,TAI,DIS,disgust
1037_TAI_FEA_XX.wav,data/raw/CREMA-D/AudioWAV/1037_TAI_FEA_XX.wav,1037,TAI,FEA,fear
1037_TAI_HAP_XX.wav,data/raw/CREMA-D/AudioWAV/1037_TAI_HAP_XX.wav,1037,TAI,HAP,happy
1037_TAI_NEU_XX.wav,data/raw/CREMA-D/AudioWAV/1037_TAI_NEU_XX.wav,1037,TAI,NEU,neutral
1037_TAI_SAD_XX.wav,data/raw/CREMA-D/AudioWAV/1037_TAI_SAD_XX.wav,1037,TAI,SAD,sad
1037_TIE_ANG_XX.wav,data/raw/CREMA-D/AudioWAV/1037_TIE_ANG_XX.wav,1037,TIE,ANG,angry
1037_TIE_DIS_XX.wav,data/raw/CREMA-D/AudioWAV/1037_TIE_DIS_XX.wav,1037,TIE,DIS,disgust
1037_TIE_FEA_XX.wav,data/raw/CREMA-D/AudioWAV/1037_TIE_FEA_XX.wav,1037,TIE,FEA,fear
1037_TIE_HAP_XX.wav,data/raw/CREMA-D/AudioWAV/1037_TIE_HAP_XX.wav,1037,TIE,HAP,happy
1037_TIE_NEU_XX.wav,data/raw/CREMA-D/AudioWAV/1037_TIE_NEU_XX.wav,1037,TIE,NEU,neutral
1037_TIE_SAD_XX.wav,data/raw/CREMA-D/AudioWAV/1037_TIE_SAD_XX.wav,1037,TIE,SAD,sad
1037_TSI_ANG_XX.wav,data/raw/CREMA-D/AudioWAV/1037_TSI_ANG_XX.wav,1037,TSI,ANG,angry
1037_TSI_DIS_XX.wav,data/raw/CREMA-D/AudioWAV/1037_TSI_DIS_XX.wav,1037,TSI,DIS,disgust
1037_TSI_FEA_XX.wav,data/raw/CREMA-D/AudioWAV/1037_TSI_FEA_XX.wav,1037,TSI,FEA,fear
1037_TSI_HAP_XX.wav,data/raw/CREMA-D/AudioWAV/1037_TSI_HAP_XX.wav,1037,TSI,HAP,happy
1037_TSI_NEU_XX.wav,data/raw/CREMA-D/AudioWAV/1037_TSI_NEU_XX.wav,1037,TSI,NEU,neutral
1037_TSI_SAD_XX.wav,data/raw/CREMA-D/AudioWAV/1037_TSI_SAD_XX.wav,1037,TSI,SAD,sad
1037_WSI_ANG_XX.wav,data/raw/CREMA-D/AudioWAV/1037_WSI_ANG_XX.wav,1037,WSI,ANG,angry
1037_WSI_DIS_XX.wav,data/raw/CREMA-D/AudioWAV/1037_WSI_DIS_XX.wav,1037,WSI,DIS,disgust
1037_WSI_FEA_XX.wav,data/raw/CREMA-D/AudioWAV/1037_WSI_FEA_XX.wav,1037,WSI,FEA,fear
1037_WSI_HAP_XX.wav,data/raw/CREMA-D/AudioWAV/1037_WSI_HAP_XX.wav,1037,WSI,HAP,happy
1037_WSI_NEU_XX.wav,data/raw/CREMA-D/AudioWAV/1037_WSI_NEU_XX.wav,1037,WSI,NEU,neutral
1037_WSI_SAD_XX.wav,data/raw/CREMA-D/AudioWAV/1037_WSI_SAD_XX.wav,1037,WSI,SAD,sad
1038_DFA_ANG_XX.wav,data/raw/CREMA-D/AudioWAV/1038_DFA_ANG_XX.wav,1038,DFA,ANG,angry
1038_DFA_DIS_XX.wav,data/raw/CREMA-D/AudioWAV/1038_DFA_DIS_XX.wav,1038,DFA,DIS,disgust
1038_DFA_FEA_XX.wav,data/raw/CREMA-D/AudioWAV/1038_DFA_FEA_XX.wav,1038,DFA,FEA,fear
1038_DFA_HAP_XX.wav,data/raw/CREMA-D/AudioWAV/1038_DFA_HAP_XX.wav,1038,DFA,HAP,happy
1038_DFA_NEU_XX.wav,data/raw/CREMA-D/AudioWAV/1038_DFA_NEU_XX.wav,1038,DFA,NEU,neutral
1038_DFA_SAD_XX.wav,data/raw/CREMA-D/AudioWAV/1038_DFA_SAD_XX.wav,1038,DFA,SAD,sad
1038_IEO_ANG_HI.wav,data/raw/CREMA-D/AudioWAV/1038_IEO_ANG_HI.wav,1038,IEO,ANG,angry
1038_IEO_ANG_LO.wav,data/raw/CREMA-D/AudioWAV/1038_IEO_ANG_LO.wav,1038,IEO,ANG,angry
1038_IEO_ANG_MD.wav,data/raw/CREMA-D/AudioWAV/1038_IEO_ANG_MD.wav,1038,IEO,ANG,angry
1038_IEO_DIS_HI.wav,data/raw/CREMA-D/AudioWAV/1038_IEO_DIS_HI.wav,1038,IEO,DIS,disgust
1038_IEO_DIS_LO.wav,data/raw/CREMA-D/AudioWAV/1038_IEO_DIS_LO.wav,1038,IEO,DIS,disgust
1038_IEO_DIS_MD.wav,data/raw/CREMA-D/AudioWAV/1038_IEO_DIS_MD.wav,1038,IEO,DIS,disgust
1038_IEO_FEA_HI.wav,data/raw/CREMA-D/AudioWAV/1038_IEO_FEA_HI.wav,1038,IEO,FEA,fear
1038_IEO_FEA_LO.wav,data/raw/CREMA-D/AudioWAV/1038_IEO_FEA_LO.wav,1038,IEO,FEA,fear
1038_IEO_FEA_MD.wav,data/raw/CREMA-D/AudioWAV/1038_IEO_FEA_MD.wav,1038,IEO,FEA,fear
1038_IEO_HAP_HI.wav,data/raw/CREMA-D/AudioWAV/1038_IEO_HAP_HI.wav,1038,IEO,HAP,happy
1038_IEO_HAP_LO.wav,data/raw/CREMA-D/AudioWAV/1038_IEO_HAP_LO.wav,1038,IEO,HAP,happy
1038_IEO_HAP_MD.wav,data/raw/CREMA-D/AudioWAV/1038_IEO_HAP_MD.wav,1038,IEO,HAP,happy
1038_IEO_NEU_XX.wav,data/raw/CREMA-D/AudioWAV/1038_IEO_NEU_XX.wav,1038,IEO,NEU,neutral
1038_IEO_SAD_HI.wav,data/raw/CREMA-D/AudioWAV/1038_IEO_SAD_HI.wav,1038,IEO,SAD,sad
1038_IEO_SAD_LO.wav,data/raw/CREMA-D/AudioWAV/1038_IEO_SAD_LO.wav,1038,IEO,SAD,sad
1038_IEO_SAD_MD.wav,data/raw/CREMA-D/AudioWAV/1038_IEO_SAD_MD.wav,1038,IEO,SAD,sad
1038_IOM_ANG_XX.wav,data/raw/CREMA-D/AudioWAV/1038_IOM_ANG_XX.wav,1038,IOM,ANG,angry
1038_IOM_DIS_XX.wav,data/raw/CREMA-D/AudioWAV/1038_IOM_DIS_XX.wav,1038,IOM,DIS,disgust
1038_IOM_FEA_XX.wav,data/raw/CREMA-D/AudioWAV/1038_IOM_FEA_XX.wav,1038,IOM,FEA,fear
1038_IOM_HAP_XX.wav,data/raw/CREMA-D/AudioWAV/1038_IOM_HAP_XX.wav,1038,IOM,HAP,happy
1038_IOM_NEU_XX.wav,data/raw/CREMA-D/AudioWAV/1038_IOM_NEU_XX.wav,1038,IOM,NEU,neutral
1038_IOM_SAD_XX.wav,data/raw/CREMA-D/AudioWAV/1038_IOM_SAD_XX.wav,1038,IOM,SAD,sad
1038_ITH_ANG_XX.wav,data/raw/CREMA-D/AudioWAV/1038_ITH_ANG_XX.wav,1038,ITH,ANG,angry
1038_ITH_DIS_XX.wav,data/raw/CREMA-D/AudioWAV/1038_ITH_DIS_XX.wav,1038,ITH,DIS,disgust
1038_ITH_FEA_XX.wav,data/raw/CREMA-D/AudioWAV/1038_ITH_FEA_XX.wav,1038,ITH,FEA,fear
1038_ITH_HAP_XX.wav,data/raw/CREMA-D/AudioWAV/1038_ITH_HAP_XX.wav,1038,ITH,HAP,happy
1038_ITH_NEU_XX.wav,data/raw/CREMA-D/AudioWAV/1038_ITH_NEU_XX.wav,1038,ITH,NEU,neutral
1038_ITH_SAD_XX.wav,data/raw/CREMA-D/AudioWAV/1038_ITH_SAD_XX.wav,1038,ITH,SAD,sad
1038_ITS_ANG_XX.wav,data/raw/CREMA-D/AudioWAV/1038_ITS_ANG_XX.wav,1038,ITS,ANG,angry
1038_ITS_DIS_XX.wav,data/raw/CREMA-D/AudioWAV/1038_ITS_DIS_XX.wav,1038,ITS,DIS,disgust
1038_ITS_FEA_XX.wav,data/raw/CREMA-D/AudioWAV/1038_ITS_FEA_XX.wav,1038,ITS,FEA,fear
1038_ITS_HAP_XX.wav,data/raw/CREMA-D/AudioWAV/1038_ITS_HAP_XX.wav,1038,ITS,HAP,happy
1038_ITS_NEU_XX.wav,data/raw/CREMA-D/AudioWAV/1038_ITS_NEU_XX.wav,1038,ITS,NEU,neutral
1038_ITS_SAD_XX.wav,data/raw/CREMA-D/AudioWAV/1038_ITS_SAD_XX.wav,1038,ITS,SAD,sad
1038_IWL_ANG_XX.wav,data/raw/CREMA-D/AudioWAV/1038_IWL_ANG_XX.wav,1038,IWL,ANG,angry
1038_IWL_DIS_XX.wav,data/raw/CREMA-D/AudioWAV/1038_IWL_DIS_XX.wav,1038,IWL,DIS,disgust
1038_IWL_FEA_XX.wav,data/raw/CREMA-D/AudioWAV/1038_IWL_FEA_XX.wav,1038,IWL,FEA,fear
1038_IWL_HAP_XX.wav,data/raw/CREMA-D/AudioWAV/1038_IWL_HAP_XX.wav,1038,IWL,HAP,happy
1038_IWL_NEU_XX.wav,data/raw/CREMA-D/AudioWAV/1038_IWL_NEU_XX.wav,1038,IWL,NEU,neutral
1038_IWL_SAD_XX.wav,data/raw/CREMA-D/AudioWAV/1038_IWL_SAD_XX.wav,1038,IWL,SAD,sad
1038_IWW_ANG_XX.wav,data/raw/CREMA-D/AudioWAV/1038_IWW_ANG_XX.wav,1038,IWW,ANG,angry
1038_IWW_DIS_XX.wav,data/raw/CREMA-D/AudioWAV/1038_IWW_DIS_XX.wav,1038,IWW,DIS,disgust
1038_IWW_FEA_XX.wav,data/raw/CREMA-D/AudioWAV/1038_IWW_FEA_XX.wav,1038,IWW,FEA,fear
1038_IWW_HAP_XX.wav,data/raw/CREMA-D/AudioWAV/1038_IWW_HAP_XX.wav,1038,IWW,HAP,happy
1038_IWW_NEU_XX.wav,data/raw/CREMA-D/AudioWAV/1038_IWW_NEU_XX.wav,1038,IWW,NEU,neutral
1038_IWW_SAD_XX.wav,data/raw/CREMA-D/AudioWAV/1038_IWW_SAD_XX.wav,1038,IWW,SAD,sad
1038_MTI_ANG_XX.wav,data/raw/CREMA-D/AudioWAV/1038_MTI_ANG_XX.wav,1038,MTI,ANG,angry
1038_MTI_DIS_XX.wav,data/raw/CREMA-D/AudioWAV/1038_MTI_DIS_XX.wav,1038,MTI,DIS,disgust
1038_MTI_FEA_XX.wav,data/raw/CREMA-D/AudioWAV/1038_MTI_FEA_XX.wav,1038,MTI,FEA,fear
1038_MTI_HAP_XX.wav,data/raw/CREMA-D/AudioWAV/1038_MTI_HAP_XX.wav,1038,MTI,HAP,happy
1038_MTI_NEU_XX.wav,data/raw/CREMA-D/AudioWAV/1038_MTI_NEU_XX.wav,1038,MTI,NEU,neutral
1038_MTI_SAD_XX.wav,data/raw/CREMA-D/AudioWAV/1038_MTI_SAD_XX.wav,1038,MTI,SAD,sad
1038_TAI_ANG_XX.wav,data/raw/CREMA-D/AudioWAV/1038_TAI_ANG_XX.wav,1038,TAI,ANG,angry
1038_TAI_DIS_XX.wav,data/raw/CREMA-D/AudioWAV/1038_TAI_DIS_XX.wav,1038,TAI,DIS,disgust
1038_TAI_FEA_XX.wav,data/raw/CREMA-D/AudioWAV/1038_TAI_FEA_XX.wav,1038,TAI,FEA,fear
1038_TAI_HAP_XX.wav,data/raw/CREMA-D/AudioWAV/1038_TAI_HAP_XX.wav,1038,TAI,HAP,happy
1038_TAI_NEU_XX.wav,data/raw/CREMA-D/AudioWAV/1038_TAI_NEU_XX.wav,1038,TAI,NEU,neutral
1038_TAI_SAD_XX.wav,data/raw/CREMA-D/AudioWAV/1038_TAI_SAD_XX.wav,1038,TAI,SAD,sad
1038_TIE_ANG_XX.wav,data/raw/CREMA-D/AudioWAV/1038_TIE_ANG_XX.wav,1038,TIE,ANG,angry
1038_TIE_DIS_XX.wav,data/raw/CREMA-D/AudioWAV/1038_TIE_DIS_XX.wav,1038,TIE,DIS,disgust
1038_TIE_FEA_XX.wav,data/raw/CREMA-D/AudioWAV/1038_TIE_FEA_XX.wav,1038,TIE,FEA,fear
1038_TIE_HAP_XX.wav,data/raw/CREMA-D/AudioWAV/1038_TIE_HAP_XX.wav,1038,TIE,HAP,happy
1038_TIE_NEU_XX.wav,data/raw/CREMA-D/AudioWAV/1038_TIE_NEU_XX.wav,1038,TIE,NEU,neutral
1038_TIE_SAD_XX.wav,data/raw/CREMA-D/AudioWAV/1038_TIE_SAD_XX.wav,1038,TIE,SAD,sad
1038_TSI_ANG_XX.wav,data/raw/CREMA-D/AudioWAV/1038_TSI_ANG_XX.wav,1038,TSI,ANG,angry
1038_TSI_DIS_XX.wav,data/raw/CREMA-D/AudioWAV/1038_TSI_DIS_XX.wav,1038,TSI,DIS,disgust
1038_TSI_FEA_XX.wav,data/raw/CREMA-D/AudioWAV/1038_TSI_FEA_XX.wav,1038,TSI,FEA,fear
1038_TSI_HAP_XX.wav,data/raw/CREMA-D/AudioWAV/1038_TSI_HAP_XX.wav,1038,TSI,HAP,happy
1038_TSI_NEU_XX.wav,data/raw/CREMA-D/AudioWAV/1038_TSI_NEU_XX.wav,1038,TSI,NEU,neutral
1038_TSI_SAD_XX.wav,data/raw/CREMA-D/AudioWAV/1038_TSI_SAD_XX.wav,1038,TSI,SAD,sad
1038_WSI_ANG_XX.wav,data/raw/CREMA-D/AudioWAV/1038_WSI_ANG_XX.wav,1038,WSI,ANG,angry
1038_WSI_DIS_XX.wav,data/raw/CREMA-D/AudioWAV/1038_WSI_DIS_XX.wav,1038,WSI,DIS,disgust
1038_WSI_FEA_XX.wav,data/raw/CREMA-D/AudioWAV/1038_WSI_FEA_XX.wav,1038,WSI,FEA,fear
1038_WSI_HAP_XX.wav,data/raw/CREMA-D/AudioWAV/1038_WSI_HAP_XX.wav,1038,WSI,HAP,happy
1038_WSI_NEU_XX.wav,data/raw/CREMA-D/AudioWAV/1038_WSI_NEU_XX.wav,1038,WSI,NEU,neutral
1038_WSI_SAD_XX.wav,data/raw/CREMA-D/AudioWAV/1038_WSI_SAD_XX.wav,1038,WSI,SAD,sad
1039_DFA_ANG_XX.wav,data/raw/CREMA-D/AudioWAV/1039_DFA_ANG_XX.wav,1039,DFA,ANG,angry
1039_DFA_DIS_XX.wav,data/raw/CREMA-D/AudioWAV/1039_DFA_DIS_XX.wav,1039,DFA,DIS,disgust
1039_DFA_FEA_XX.wav,data/raw/CREMA-D/AudioWAV/1039_DFA_FEA_XX.wav,1039,DFA,FEA,fear
1039_DFA_HAP_XX.wav,data/raw/CREMA-D/AudioWAV/1039_DFA_HAP_XX.wav,1039,DFA,HAP,happy
1039_DFA_NEU_XX.wav,data/raw/CREMA-D/AudioWAV/1039_DFA_NEU_XX.wav,1039,DFA,NEU,neutral
1039_DFA_SAD_XX.wav,data/raw/CREMA-D/AudioWAV/1039_DFA_SAD_XX.wav,1039,DFA,SAD,sad
1039_IEO_ANG_HI.wav,data/raw/CREMA-D/AudioWAV/1039_IEO_ANG_HI.wav,1039,IEO,ANG,angry
1039_IEO_ANG_LO.wav,data/raw/CREMA-D/AudioWAV/1039_IEO_ANG_LO.wav,1039,IEO,ANG,angry
1039_IEO_ANG_MD.wav,data/raw/CREMA-D/AudioWAV/1039_IEO_ANG_MD.wav,1039,IEO,ANG,angry
1039_IEO_DIS_HI.wav,data/raw/CREMA-D/AudioWAV/1039_IEO_DIS_HI.wav,1039,IEO,DIS,disgust
1039_IEO_DIS_LO.wav,data/raw/CREMA-D/AudioWAV/1039_IEO_DIS_LO.wav,1039,IEO,DIS,disgust
1039_IEO_DIS_MD.wav,data/raw/CREMA-D/AudioWAV/1039_IEO_DIS_MD.wav,1039,IEO,DIS,disgust
1039_IEO_FEA_HI.wav,data/raw/CREMA-D/AudioWAV/1039_IEO_FEA_HI.wav,1039,IEO,FEA,fear
1039_IEO_FEA_LO.wav,data/raw/CREMA-D/AudioWAV/1039_IEO_FEA_LO.wav,1039,IEO,FEA,fear
1039_IEO_FEA_MD.wav,data/raw/CREMA-D/AudioWAV/1039_IEO_FEA_MD.wav,1039,IEO,FEA,fear
1039_IEO_HAP_HI.wav,data/raw/CREMA-D/AudioWAV/1039_IEO_HAP_HI.wav,1039,IEO,HAP,happy
1039_IEO_HAP_LO.wav,data/raw/CREMA-D/AudioWAV/1039_IEO_HAP_LO.wav,1039,IEO,HAP,happy
1039_IEO_HAP_MD.wav,data/raw/CREMA-D/AudioWAV/1039_IEO_HAP_MD.wav,1039,IEO,HAP,happy
1039_IEO_NEU_XX.wav,data/raw/CREMA-D/AudioWAV/1039_IEO_NEU_XX.wav,1039,IEO,NEU,neutral
1039_IEO_SAD_HI.wav,data/raw/CREMA-D/AudioWAV/1039_IEO_SAD_HI.wav,1039,IEO,SAD,sad
1039_IEO_SAD_LO.wav,data/raw/CREMA-D/AudioWAV/1039_IEO_SAD_LO.wav,1039,IEO,SAD,sad
1039_IEO_SAD_MD.wav,data/raw/CREMA-D/AudioWAV/1039_IEO_SAD_MD.wav,1039,IEO,SAD,sad
1039_IOM_ANG_XX.wav,data/raw/CREMA-D/AudioWAV/1039_IOM_ANG_XX.wav,1039,IOM,ANG,angry
1039_IOM_DIS_XX.wav,data/raw/CREMA-D/AudioWAV/1039_IOM_DIS_XX.wav,1039,IOM,DIS,disgust
1039_IOM_FEA_XX.wav,data/raw/CREMA-D/AudioWAV/1039_IOM_FEA_XX.wav,1039,IOM,FEA,fear
1039_IOM_HAP_XX.wav,data/raw/CREMA-D/AudioWAV/1039_IOM_HAP_XX.wav,1039,IOM,HAP,happy
1039_IOM_NEU_XX.wav,data/raw/CREMA-D/AudioWAV/1039_IOM_NEU_XX.wav,1039,IOM,NEU,neutral
1039_IOM_SAD_XX.wav,data/raw/CREMA-D/AudioWAV/1039_IOM_SAD_XX.wav,1039,IOM,SAD,sad
1039_ITH_ANG_XX.wav,data/raw/CREMA-D/AudioWAV/1039_ITH_ANG_XX.wav,1039,ITH,ANG,angry
1039_ITH_DIS_XX.wav,data/raw/CREMA-D/AudioWAV/1039_ITH_DIS_XX.wav,1039,ITH,DIS,disgust
1039_ITH_FEA_XX.wav,data/raw/CREMA-D/AudioWAV/1039_ITH_FEA_XX.wav,1039,ITH,FEA,fear
1039_ITH_HAP_XX.wav,data/raw/CREMA-D/AudioWAV/1039_ITH_HAP_XX.wav,1039,ITH,HAP,happy
1039_ITH_NEU_XX.wav,data/raw/CREMA-D/AudioWAV/1039_ITH_NEU_XX.wav,1039,ITH,NEU,neutral
1039_ITH_SAD_XX.wav,data/raw/CREMA-D/AudioWAV/1039_ITH_SAD_XX.wav,1039,ITH,SAD,sad
1039_ITS_ANG_XX.wav,data/raw/CREMA-D/AudioWAV/1039_ITS_ANG_XX.wav,1039,ITS,ANG,angry
1039_ITS_DIS_XX.wav,data/raw/CREMA-D/AudioWAV/1039_ITS_DIS_XX.wav,1039,ITS,DIS,disgust
1039_ITS_FEA_XX.wav,data/raw/CREMA-D/AudioWAV/1039_ITS_FEA_XX.wav,1039,ITS,FEA,fear
1039_ITS_HAP_XX.wav,data/raw/CREMA-D/AudioWAV/1039_ITS_HAP_XX.wav,1039,ITS,HAP,happy
1039_ITS_NEU_XX.wav,data/raw/CREMA-D/AudioWAV/1039_ITS_NEU_XX.wav,1039,ITS,NEU,neutral
1039_ITS_SAD_XX.wav,data/raw/CREMA-D/AudioWAV/1039_ITS_SAD_XX.wav,1039,ITS,SAD,sad
1039_IWL_ANG_XX.wav,data/raw/CREMA-D/AudioWAV/1039_IWL_ANG_XX.wav,1039,IWL,ANG,angry
1039_IWL_DIS_XX.wav,data/raw/CREMA-D/AudioWAV/1039_IWL_DIS_XX.wav,1039,IWL,DIS,disgust
1039_IWL_FEA_XX.wav,data/raw/CREMA-D/AudioWAV/1039_IWL_FEA_XX.wav,1039,IWL,FEA,fear
1039_IWL_HAP_XX.wav,data/raw/CREMA-D/AudioWAV/1039_IWL_HAP_XX.wav,1039,IWL,HAP,happy
1039_IWL_NEU_XX.wav,data/raw/CREMA-D/AudioWAV/1039_IWL_NEU_XX.wav,1039,IWL,NEU,neutral
1039_IWL_SAD_XX.wav,data/raw/CREMA-D/AudioWAV/1039_IWL_SAD_XX.wav,1039,IWL,SAD,sad
1039_IWW_ANG_XX.wav,data/raw/CREMA-D/AudioWAV/1039_IWW_ANG_XX.wav,1039,IWW,ANG,angry
1039_IWW_DIS_XX.wav,data/raw/CREMA-D/AudioWAV/1039_IWW_DIS_XX.wav,1039,IWW,DIS,disgust
1039_IWW_FEA_XX.wav,data/raw/CREMA-D/AudioWAV/1039_IWW_FEA_XX.wav,1039,IWW,FEA,fear
1039_IWW_HAP_XX.wav,data/raw/CREMA-D/AudioWAV/1039_IWW_HAP_XX.wav,1039,IWW,HAP,happy
1039_IWW_NEU_XX.wav,data/raw/CREMA-D/AudioWAV/1039_IWW_NEU_XX.wav,1039,IWW,NEU,neutral
1039_IWW_SAD_XX.wav,data/raw/CREMA-D/AudioWAV/1039_IWW_SAD_XX.wav,1039,IWW,SAD,sad
1039_MTI_ANG_XX.wav,data/raw/CREMA-D/AudioWAV/1039_MTI_ANG_XX.wav,1039,MTI,ANG,angry
1039_MTI_DIS_XX.wav,data/raw/CREMA-D/AudioWAV/1039_MTI_DIS_XX.wav,1039,MTI,DIS,disgust
1039_MTI_FEA_XX.wav,data/raw/CREMA-D/AudioWAV/1039_MTI_FEA_XX.wav,1039,MTI,FEA,fear
1039_MTI_HAP_XX.wav,data/raw/CREMA-D/AudioWAV/1039_MTI_HAP_XX.wav,1039,MTI,HAP,happy
1039_MTI_NEU_XX.wav,data/raw/CREMA-D/AudioWAV/1039_MTI_NEU_XX.wav,1039,MTI,NEU,neutral
1039_MTI_SAD_XX.wav,data/raw/CREMA-D/AudioWAV/1039_MTI_SAD_XX.wav,1039,MTI,SAD,sad
1039_TAI_ANG_XX.wav,data/raw/CREMA-D/AudioWAV/1039_TAI_ANG_XX.wav,1039,TAI,ANG,angry
1039_TAI_DIS_XX.wav,data/raw/CREMA-D/AudioWAV/1039_TAI_DIS_XX.wav,1039,TAI,DIS,disgust
1039_TAI_FEA_XX.wav,data/raw/CREMA-D/AudioWAV/1039_TAI_FEA_XX.wav,1039,TAI,FEA,fear
1039_TAI_HAP_XX.wav,data/raw/CREMA-D/AudioWAV/1039_TAI_HAP_XX.wav,1039,TAI,HAP,happy
1039_TAI_NEU_XX.wav,data/raw/CREMA-D/AudioWAV/1039_TAI_NEU_XX.wav,1039,TAI,NEU,neutral
1039_TAI_SAD_XX.wav,data/raw/CREMA-D/AudioWAV/1039_TAI_SAD_XX.wav,1039,TAI,SAD,sad
1039_TIE_ANG_XX.wav,data/raw/CREMA-D/AudioWAV/1039_TIE_ANG_XX.wav,1039,TIE,ANG,angry
1039_TIE_DIS_XX.wav,data/raw/CREMA-D/AudioWAV/1039_TIE_DIS_XX.wav,1039,TIE,DIS,disgust
1039_TIE_FEA_XX.wav,data/raw/CREMA-D/AudioWAV/1039_TIE_FEA_XX.wav,1039,TIE,FEA,fear
1039_TIE_HAP_XX.wav,data/raw/CREMA-D/AudioWAV/1039_TIE_HAP_XX.wav,1039,TIE,HAP,happy
1039_TIE_NEU_XX.wav,data/raw/CREMA-D/AudioWAV/1039_TIE_NEU_XX.wav,1039,TIE,NEU,neutral
1039_TIE_SAD_XX.wav,data/raw/CREMA-D/AudioWAV/1039_TIE_SAD_XX.wav,1039,TIE,SAD,sad
1039_TSI_ANG_XX.wav,data/raw/CREMA-D/AudioWAV/1039_TSI_ANG_XX.wav,1039,TSI,ANG,angry
1039_TSI_DIS_XX.wav,data/raw/CREMA-D/AudioWAV/1039_TSI_DIS_XX.wav,1039,TSI,DIS,disgust
1039_TSI_FEA_XX.wav,data/raw/CREMA-D/AudioWAV/1039_TSI_FEA_XX.wav,1039,TSI,FEA,fear
1039_TSI_HAP_XX.wav,data/raw/CREMA-D/AudioWAV/1039_TSI_HAP_XX.wav,1039,TSI,HAP,happy
1039_TSI_NEU_XX.wav,data/raw/CREMA-D/AudioWAV/1039_TSI_NEU_XX.wav,1039,TSI,NEU,neutral
1039_TSI_SAD_XX.wav,data/raw/CREMA-D/AudioWAV/1039_TSI_SAD_XX.wav,1039,TSI,SAD,sad
1039_WSI_ANG_XX.wav,data/raw/CREMA-D/AudioWAV/1039_WSI_ANG_XX.wav,1039,WSI,ANG,angry
1039_WSI_DIS_XX.wav,data/raw/CREMA-D/AudioWAV/1039_WSI_DIS_XX.wav,1039,WSI,DIS,disgust
1039_WSI_FEA_XX.wav,data/raw/CREMA-D/AudioWAV/1039_WSI_FEA_XX.wav,1039,WSI,FEA,fear
1039_WSI_HAP_XX.wav,data/raw/CREMA-D/AudioWAV/1039_WSI_HAP_XX.wav,1039,WSI,HAP,happy
1039_WSI_NEU_XX.wav,data/raw/CREMA-D/AudioWAV/1039_WSI_NEU_XX.wav,1039,WSI,NEU,neutral
1039_WSI_SAD_XX.wav,data/raw/CREMA-D/AudioWAV/1039_WSI_SAD_XX.wav,1039,WSI,SAD,sad
1042_DFA_ANG_XX.wav,data/raw/CREMA-D/AudioWAV/1042_DFA_ANG_XX.wav,1042,DFA,ANG,angry
1042_DFA_DIS_XX.wav,data/raw/CREMA-D/AudioWAV/1042_DFA_DIS_XX.wav,1042,DFA,DIS,disgust
1042_DFA_FEA_XX.wav,data/raw/CREMA-D/AudioWAV/1042_DFA_FEA_XX.wav,1042,DFA,FEA,fear
1042_DFA_HAP_XX.wav,data/raw/CREMA-D/AudioWAV/1042_DFA_HAP_XX.wav,1042,DFA,HAP,happy
1042_DFA_NEU_XX.wav,data/raw/CREMA-D/AudioWAV/1042_DFA_NEU_XX.wav,1042,DFA,NEU,neutral
1042_DFA_SAD_XX.wav,data/raw/CREMA-D/AudioWAV/1042_DFA_SAD_XX.wav,1042,DFA,SAD,sad
1042_IEO_ANG_HI.wav,data/raw/CREMA-D/AudioWAV/1042_IEO_ANG_HI.wav,1042,IEO,ANG,angry
1042_IEO_ANG_LO.wav,data/raw/CREMA-D/AudioWAV/1042_IEO_ANG_LO.wav,1042,IEO,ANG,angry
1042_IEO_ANG_MD.wav,data/raw/CREMA-D/AudioWAV/1042_IEO_ANG_MD.wav,1042,IEO,ANG,angry
1042_IEO_DIS_HI.wav,data/raw/CREMA-D/AudioWAV/1042_IEO_DIS_HI.wav,1042,IEO,DIS,disgust
1042_IEO_DIS_LO.wav,data/raw/CREMA-D/AudioWAV/1042_IEO_DIS_LO.wav,1042,IEO,DIS,disgust
1042_IEO_DIS_MD.wav,data/raw/CREMA-D/AudioWAV/1042_IEO_DIS_MD.wav,1042,IEO,DIS,disgust
1042_IEO_FEA_HI.wav,data/raw/CREMA-D/AudioWAV/1042_IEO_FEA_HI.wav,1042,IEO,FEA,fear
1042_IEO_FEA_LO.wav,data/raw/CREMA-D/AudioWAV/1042_IEO_FEA_LO.wav,1042,IEO,FEA,fear
1042_IEO_FEA_MD.wav,data/raw/CREMA-D/AudioWAV/1042_IEO_FEA_MD.wav,1042,IEO,FEA,fear
1042_IEO_HAP_HI.wav,data/raw/CREMA-D/AudioWAV/1042_IEO_HAP_HI.wav,1042,IEO,HAP,happy
1042_IEO_HAP_LO.wav,data/raw/CREMA-D/AudioWAV/1042_IEO_HAP_LO.wav,1042,IEO,HAP,happy
1042_IEO_HAP_MD.wav,data/raw/CREMA-D/AudioWAV/1042_IEO_HAP_MD.wav,1042,IEO,HAP,happy
1042_IEO_NEU_XX.wav,data/raw/CREMA-D/AudioWAV/1042_IEO_NEU_XX.wav,1042,IEO,NEU,neutral
1042_IEO_SAD_HI.wav,data/raw/CREMA-D/AudioWAV/1042_IEO_SAD_HI.wav,1042,IEO,SAD,sad
1042_IEO_SAD_LO.wav,data/raw/CREMA-D/AudioWAV/1042_IEO_SAD_LO.wav,1042,IEO,SAD,sad
1042_IEO_SAD_MD.wav,data/raw/CREMA-D/AudioWAV/1042_IEO_SAD_MD.wav,1042,IEO,SAD,sad
1042_IOM_ANG_XX.wav,data/raw/CREMA-D/AudioWAV/1042_IOM_ANG_XX.wav,1042,IOM,ANG,angry
1042_IOM_DIS_XX.wav,data/raw/CREMA-D/AudioWAV/1042_IOM_DIS_XX.wav,1042,IOM,DIS,disgust
1042_IOM_FEA_XX.wav,data/raw/CREMA-D/AudioWAV/1042_IOM_FEA_XX.wav,1042,IOM,FEA,fear
1042_IOM_HAP_XX.wav,data/raw/CREMA-D/AudioWAV/1042_IOM_HAP_XX.wav,1042,IOM,HAP,happy
1042_IOM_NEU_XX.wav,data/raw/CREMA-D/AudioWAV/1042_IOM_NEU_XX.wav,1042,IOM,NEU,neutral
1042_IOM_SAD_XX.wav,data/raw/CREMA-D/AudioWAV/1042_IOM_SAD_XX.wav,1042,IOM,SAD,sad
1042_ITH_ANG_XX.wav,data/raw/CREMA-D/AudioWAV/1042_ITH_ANG_XX.wav,1042,ITH,ANG,angry
1042_ITH_DIS_XX.wav,data/raw/CREMA-D/AudioWAV/1042_ITH_DIS_XX.wav,1042,ITH,DIS,disgust
1042_ITH_FEA_XX.wav,data/raw/CREMA-D/AudioWAV/1042_ITH_FEA_XX.wav,1042,ITH,FEA,fear
1042_ITH_HAP_XX.wav,data/raw/CREMA-D/AudioWAV/1042_ITH_HAP_XX.wav,1042,ITH,HAP,happy
1042_ITH_NEU_XX.wav,data/raw/CREMA-D/AudioWAV/1042_ITH_NEU_XX.wav,1042,ITH,NEU,neutral
1042_ITH_SAD_XX.wav,data/raw/CREMA-D/AudioWAV/1042_ITH_SAD_XX.wav,1042,ITH,SAD,sad
1042_ITS_ANG_XX.wav,data/raw/CREMA-D/AudioWAV/1042_ITS_ANG_XX.wav,1042,ITS,ANG,angry
1042_ITS_DIS_XX.wav,data/raw/CREMA-D/AudioWAV/1042_ITS_DIS_XX.wav,1042,ITS,DIS,disgust
1042_ITS_FEA_XX.wav,data/raw/CREMA-D/AudioWAV/1042_ITS_FEA_XX.wav,1042,ITS,FEA,fear
1042_ITS_HAP_XX.wav,data/raw/CREMA-D/AudioWAV/1042_ITS_HAP_XX.wav,1042,ITS,HAP,happy
1042_ITS_NEU_XX.wav,data/raw/CREMA-D/AudioWAV/1042_ITS_NEU_XX.wav,1042,ITS,NEU,neutral
1042_ITS_SAD_XX.wav,data/raw/CREMA-D/AudioWAV/1042_ITS_SAD_XX.wav,1042,ITS,SAD,sad
1042_IWL_ANG_XX.wav,data/raw/CREMA-D/AudioWAV/1042_IWL_ANG_XX.wav,1042,IWL,ANG,angry
1042_IWL_DIS_XX.wav,data/raw/CREMA-D/AudioWAV/1042_IWL_DIS_XX.wav,1042,IWL,DIS,disgust
1042_IWL_FEA_XX.wav,data/raw/CREMA-D/AudioWAV/1042_IWL_FEA_XX.wav,1042,IWL,FEA,fear
1042_IWL_HAP_XX.wav,data/raw/CREMA-D/AudioWAV/1042_IWL_HAP_XX.wav,1042,IWL,HAP,happy
1042_IWL_NEU_XX.wav,data/raw/CREMA-D/AudioWAV/1042_IWL_NEU_XX.wav,1042,IWL,NEU,neutral
1042_IWL_SAD_XX.wav,data/raw/CREMA-D/AudioWAV/1042_IWL_SAD_XX.wav,1042,IWL,SAD,sad
1042_IWW_ANG_XX.wav,data/raw/CREMA-D/AudioWAV/1042_IWW_ANG_XX.wav,1042,IWW,ANG,angry
1042_IWW_DIS_XX.wav,data/raw/CREMA-D/AudioWAV/1042_IWW_DIS_XX.wav,1042,IWW,DIS,disgust
1042_IWW_FEA_XX.wav,data/raw/CREMA-D/AudioWAV/1042_IWW_FEA_XX.wav,1042,IWW,FEA,fear
1042_IWW_HAP_XX.wav,data/raw/CREMA-D/AudioWAV/1042_IWW_HAP_XX.wav,1042,IWW,HAP,happy
1042_IWW_NEU_XX.wav,data/raw/CREMA-D/AudioWAV/1042_IWW_NEU_XX.wav,1042,IWW,NEU,neutral
1042_IWW_SAD_XX.wav,data/raw/CREMA-D/AudioWAV/1042_IWW_SAD_XX.wav,1042,IWW,SAD,sad
1042_MTI_ANG_XX.wav,data/raw/CREMA-D/AudioWAV/1042_MTI_ANG_XX.wav,1042,MTI,ANG,angry
1042_MTI_DIS_XX.wav,data/raw/CREMA-D/AudioWAV/1042_MTI_DIS_XX.wav,1042,MTI,DIS,disgust
1042_MTI_FEA_XX.wav,data/raw/CREMA-D/AudioWAV/1042_MTI_FEA_XX.wav,1042,MTI,FEA,fear
1042_MTI_HAP_XX.wav,data/raw/CREMA-D/AudioWAV/1042_MTI_HAP_XX.wav,1042,MTI,HAP,happy
1042_MTI_NEU_XX.wav,data/raw/CREMA-D/AudioWAV/1042_MTI_NEU_XX.wav,1042,MTI,NEU,neutral
1042_MTI_SAD_XX.wav,data/raw/CREMA-D/AudioWAV/1042_MTI_SAD_XX.wav,1042,MTI,SAD,sad
1042_TAI_ANG_XX.wav,data/raw/CREMA-D/AudioWAV/1042_TAI_ANG_XX.wav,1042,TAI,ANG,angry
1042_TAI_DIS_XX.wav,data/raw/CREMA-D/AudioWAV/1042_TAI_DIS_XX.wav,1042,TAI,DIS,disgust
1042_TAI_FEA_XX.wav,data/raw/CREMA-D/AudioWAV/1042_TAI_FEA_XX.wav,1042,TAI,FEA,fear
1042_TAI_HAP_XX.wav,data/raw/CREMA-D/AudioWAV/1042_TAI_HAP_XX.wav,1042,TAI,HAP,happy
1042_TAI_NEU_XX.wav,data/raw/CREMA-D/AudioWAV/1042_TAI_NEU_XX.wav,1042,TAI,NEU,neutral
1042_TAI_SAD_XX.wav,data/raw/CREMA-D/AudioWAV/1042_TAI_SAD_XX.wav,1042,TAI,SAD,sad
1042_TIE_ANG_XX.wav,data/raw/CREMA-D/AudioWAV/1042_TIE_ANG_XX.wav,1042,TIE,ANG,angry
1042_TIE_DIS_XX.wav,data/raw/CREMA-D/AudioWAV/1042_TIE_DIS_XX.wav,1042,TIE,DIS,disgust
1042_TIE_FEA_XX.wav,data/raw/CREMA-D/AudioWAV/1042_TIE_FEA_XX.wav,1042,TIE,FEA,fear
1042_TIE_HAP_XX.wav,data/raw/CREMA-D/AudioWAV/1042_TIE_HAP_XX.wav,1042,TIE,HAP,happy
1042_TIE_NEU_XX.wav,data/raw/CREMA-D/AudioWAV/1042_TIE_NEU_XX.wav,1042,TIE,NEU,neutral
1042_TIE_SAD_XX.wav,data/raw/CREMA-D/AudioWAV/1042_TIE_SAD_XX.wav,1042,TIE,SAD,sad
1042_TSI_ANG_XX.wav,data/raw/CREMA-D/AudioWAV/1042_TSI_ANG_XX.wav,1042,TSI,ANG,angry
1042_TSI_DIS_XX.wav,data/raw/CREMA-D/AudioWAV/1042_TSI_DIS_XX.wav,1042,TSI,DIS,disgust
1042_TSI_FEA_XX.wav,data/raw/CREMA-D/AudioWAV/1042_TSI_FEA_XX.wav,1042,TSI,FEA,fear
1042_TSI_HAP_XX.wav,data/raw/CREMA-D/AudioWAV/1042_TSI_HAP_XX.wav,1042,TSI,HAP,happy
1042_TSI_NEU_XX.wav,data/raw/CREMA-D/AudioWAV/1042_TSI_NEU_XX.wav,1042,TSI,NEU,neutral
1042_TSI_SAD_XX.wav,data/raw/CREMA-D/AudioWAV/1042_TSI_SAD_XX.wav,1042,TSI,SAD,sad
1042_WSI_ANG_XX.wav,data/raw/CREMA-D/AudioWAV/1042_WSI_ANG_XX.wav,1042,WSI,ANG,angry
1042_WSI_DIS_XX.wav,data/raw/CREMA-D/AudioWAV/1042_WSI_DIS_XX.wav,1042,WSI,DIS,disgust
1042_WSI_FEA_XX.wav,data/raw/CREMA-D/AudioWAV/1042_WSI_FEA_XX.wav,1042,WSI,FEA,fear
1042_WSI_HAP_XX.wav,data/raw/CREMA-D/AudioWAV/1042_WSI_HAP_XX.wav,1042,WSI,HAP,happy
1042_WSI_NEU_XX.wav,data/raw/CREMA-D/AudioWAV/1042_WSI_NEU_XX.wav,1042,WSI,NEU,neutral
1042_WSI_SAD_XX.wav,data/raw/CREMA-D/AudioWAV/1042_WSI_SAD_XX.wav,1042,WSI,SAD,sad
1043_DFA_ANG_XX.wav,data/raw/CREMA-D/AudioWAV/1043_DFA_ANG_XX.wav,1043,DFA,ANG,angry
1043_DFA_DIS_XX.wav,data/raw/CREMA-D/AudioWAV/1043_DFA_DIS_XX.wav,1043,DFA,DIS,disgust
1043_DFA_FEA_XX.wav,data/raw/CREMA-D/AudioWAV/1043_DFA_FEA_XX.wav,1043,DFA,FEA,fear
1043_DFA_HAP_XX.wav,data/raw/CREMA-D/AudioWAV/1043_DFA_HAP_XX.wav,1043,DFA,HAP,happy
1043_DFA_NEU_XX.wav,data/raw/CREMA-D/AudioWAV/1043_DFA_NEU_XX.wav,1043,DFA,NEU,neutral
1043_DFA_SAD_XX.wav,data/raw/CREMA-D/AudioWAV/1043_DFA_SAD_XX.wav,1043,DFA,SAD,sad
1043_IEO_ANG_HI.wav,data/raw/CREMA-D/AudioWAV/1043_IEO_ANG_HI.wav,1043,IEO,ANG,angry
1043_IEO_ANG_LO.wav,data/raw/CREMA-D/AudioWAV/1043_IEO_ANG_LO.wav,1043,IEO,ANG,angry
1043_IEO_ANG_MD.wav,data/raw/CREMA-D/AudioWAV/1043_IEO_ANG_MD.wav,1043,IEO,ANG,angry
1043_IEO_DIS_HI.wav,data/raw/CREMA-D/AudioWAV/1043_IEO_DIS_HI.wav,1043,IEO,DIS,disgust
1043_IEO_DIS_LO.wav,data/raw/CREMA-D/AudioWAV/1043_IEO_DIS_LO.wav,1043,IEO,DIS,disgust
1043_IEO_DIS_MD.wav,data/raw/CREMA-D/AudioWAV/1043_IEO_DIS_MD.wav,1043,IEO,DIS,disgust
1043_IEO_FEA_HI.wav,data/raw/CREMA-D/AudioWAV/1043_IEO_FEA_HI.wav,1043,IEO,FEA,fear
1043_IEO_FEA_LO.wav,data/raw/CREMA-D/AudioWAV/1043_IEO_FEA_LO.wav,1043,IEO,FEA,fear
1043_IEO_FEA_MD.wav,data/raw/CREMA-D/AudioWAV/1043_IEO_FEA_MD.wav,1043,IEO,FEA,fear
1043_IEO_HAP_HI.wav,data/raw/CREMA-D/AudioWAV/1043_IEO_HAP_HI.wav,1043,IEO,HAP,happy
1043_IEO_HAP_LO.wav,data/raw/CREMA-D/AudioWAV/1043_IEO_HAP_LO.wav,1043,IEO,HAP,happy
1043_IEO_HAP_MD.wav,data/raw/CREMA-D/AudioWAV/1043_IEO_HAP_MD.wav,1043,IEO,HAP,happy
1043_IEO_NEU_XX.wav,data/raw/CREMA-D/AudioWAV/1043_IEO_NEU_XX.wav,1043,IEO,NEU,neutral
1043_IEO_SAD_HI.wav,data/raw/CREMA-D/AudioWAV/1043_IEO_SAD_HI.wav,1043,IEO,SAD,sad
1043_IEO_SAD_LO.wav,data/raw/CREMA-D/AudioWAV/1043_IEO_SAD_LO.wav,1043,IEO,SAD,sad
1043_IEO_SAD_MD.wav,data/raw/CREMA-D/AudioWAV/1043_IEO_SAD_MD.wav,1043,IEO,SAD,sad
1043_IOM_ANG_XX.wav,data/raw/CREMA-D/AudioWAV/1043_IOM_ANG_XX.wav,1043,IOM,ANG,angry
1043_IOM_DIS_XX.wav,data/raw/CREMA-D/AudioWAV/1043_IOM_DIS_XX.wav,1043,IOM,DIS,disgust
1043_IOM_FEA_XX.wav,data/raw/CREMA-D/AudioWAV/1043_IOM_FEA_XX.wav,1043,IOM,FEA,fear
1043_IOM_HAP_XX.wav,data/raw/CREMA-D/AudioWAV/1043_IOM_HAP_XX.wav,1043,IOM,HAP,happy
1043_IOM_NEU_XX.wav,data/raw/CREMA-D/AudioWAV/1043_IOM_NEU_XX.wav,1043,IOM,NEU,neutral
1043_IOM_SAD_XX.wav,data/raw/CREMA-D/AudioWAV/1043_IOM_SAD_XX.wav,1043,IOM,SAD,sad
1043_ITH_ANG_XX.wav,data/raw/CREMA-D/AudioWAV/1043_ITH_ANG_XX.wav,1043,ITH,ANG,angry
1043_ITH_DIS_XX.wav,data/raw/CREMA-D/AudioWAV/1043_ITH_DIS_XX.wav,1043,ITH,DIS,disgust
1043_ITH_FEA_XX.wav,data/raw/CREMA-D/AudioWAV/1043_ITH_FEA_XX.wav,1043,ITH,FEA,fear
1043_ITH_HAP_XX.wav,data/raw/CREMA-D/AudioWAV/1043_ITH_HAP_XX.wav,1043,ITH,HAP,happy
1043_ITH_NEU_XX.wav,data/raw/CREMA-D/AudioWAV/1043_ITH_NEU_XX.wav,1043,ITH,NEU,neutral
1043_ITH_SAD_XX.wav,data/raw/CREMA-D/AudioWAV/1043_ITH_SAD_XX.wav,1043,ITH,SAD,sad
1043_ITS_ANG_XX.wav,data/raw/CREMA-D/AudioWAV/1043_ITS_ANG_XX.wav,1043,ITS,ANG,angry
1043_ITS_DIS_XX.wav,data/raw/CREMA-D/AudioWAV/1043_ITS_DIS_XX.wav,1043,ITS,DIS,disgust
1043_ITS_FEA_XX.wav,data/raw/CREMA-D/AudioWAV/1043_ITS_FEA_XX.wav,1043,ITS,FEA,fear
1043_ITS_HAP_XX.wav,data/raw/CREMA-D/AudioWAV/1043_ITS_HAP_XX.wav,1043,ITS,HAP,happy
1043_ITS_NEU_XX.wav,data/raw/CREMA-D/AudioWAV/1043_ITS_NEU_XX.wav,1043,ITS,NEU,neutral
1043_ITS_SAD_XX.wav,data/raw/CREMA-D/AudioWAV/1043_ITS_SAD_XX.wav,1043,ITS,SAD,sad
1043_IWL_ANG_XX.wav,data/raw/CREMA-D/AudioWAV/1043_IWL_ANG_XX.wav,1043,IWL,ANG,angry
1043_IWL_DIS_XX.wav,data/raw/CREMA-D/AudioWAV/1043_IWL_DIS_XX.wav,1043,IWL,DIS,disgust
1043_IWL_FEA_XX.wav,data/raw/CREMA-D/AudioWAV/1043_IWL_FEA_XX.wav,1043,IWL,FEA,fear
1043_IWL_HAP_XX.wav,data/raw/CREMA-D/AudioWAV/1043_IWL_HAP_XX.wav,1043,IWL,HAP,happy
1043_IWL_NEU_XX.wav,data/raw/CREMA-D/AudioWAV/1043_IWL_NEU_XX.wav,1043,IWL,NEU,neutral
1043_IWL_SAD_XX.wav,data/raw/CREMA-D/AudioWAV/1043_IWL_SAD_XX.wav,1043,IWL,SAD,sad
1043_IWW_ANG_XX.wav,data/raw/CREMA-D/AudioWAV/1043_IWW_ANG_XX.wav,1043,IWW,ANG,angry
1043_IWW_DIS_XX.wav,data/raw/CREMA-D/AudioWAV/1043_IWW_DIS_XX.wav,1043,IWW,DIS,disgust
1043_IWW_FEA_XX.wav,data/raw/CREMA-D/AudioWAV/1043_IWW_FEA_XX.wav,1043,IWW,FEA,fear
1043_IWW_HAP_XX.wav,data/raw/CREMA-D/AudioWAV/1043_IWW_HAP_XX.wav,1043,IWW,HAP,happy
1043_IWW_NEU_XX.wav,data/raw/CREMA-D/AudioWAV/1043_IWW_NEU_XX.wav,1043,IWW,NEU,neutral
1043_IWW_SAD_XX.wav,data/raw/CREMA-D/AudioWAV/1043_IWW_SAD_XX.wav,1043,IWW,SAD,sad
1043_MTI_ANG_XX.wav,data/raw/CREMA-D/AudioWAV/1043_MTI_ANG_XX.wav,1043,MTI,ANG,angry
1043_MTI_DIS_XX.wav,data/raw/CREMA-D/AudioWAV/1043_MTI_DIS_XX.wav,1043,MTI,DIS,disgust
1043_MTI_FEA_XX.wav,data/raw/CREMA-D/AudioWAV/1043_MTI_FEA_XX.wav,1043,MTI,FEA,fear
1043_MTI_HAP_XX.wav,data/raw/CREMA-D/AudioWAV/1043_MTI_HAP_XX.wav,1043,MTI,HAP,happy
1043_MTI_NEU_XX.wav,data/raw/CREMA-D/AudioWAV/1043_MTI_NEU_XX.wav,1043,MTI,NEU,neutral
1043_MTI_SAD_XX.wav,data/raw/CREMA-D/AudioWAV/1043_MTI_SAD_XX.wav,1043,MTI,SAD,sad
1043_TAI_ANG_XX.wav,data/raw/CREMA-D/AudioWAV/1043_TAI_ANG_XX.wav,1043,TAI,ANG,angry
1043_TAI_DIS_XX.wav,data/raw/CREMA-D/AudioWAV/1043_TAI_DIS_XX.wav,1043,TAI,DIS,disgust
1043_TAI_FEA_XX.wav,data/raw/CREMA-D/AudioWAV/1043_TAI_FEA_XX.wav,1043,TAI,FEA,fear
1043_TAI_HAP_XX.wav,data/raw/CREMA-D/AudioWAV/1043_TAI_HAP_XX.wav,1043,TAI,HAP,happy
1043_TAI_NEU_XX.wav,data/raw/CREMA-D/AudioWAV/1043_TAI_NEU_XX.wav,1043,TAI,NEU,neutral
1043_TAI_SAD_XX.wav,data/raw/CREMA-D/AudioWAV/1043_TAI_SAD_XX.wav,1043,TAI,SAD,sad
1043_TIE_ANG_XX.wav,data/raw/CREMA-D/AudioWAV/1043_TIE_ANG_XX.wav,1043,TIE,ANG,angry
1043_TIE_DIS_XX.wav,data/raw/CREMA-D/AudioWAV/1043_TIE_DIS_XX.wav,1043,TIE,DIS,disgust
1043_TIE_FEA_XX.wav,data/raw/CREMA-D/AudioWAV/1043_TIE_FEA_XX.wav,1043,TIE,FEA,fear
1043_TIE_HAP_XX.wav,data/raw/CREMA-D/AudioWAV/1043_TIE_HAP_XX.wav,1043,TIE,HAP,happy
1043_TIE_NEU_XX.wav,data/raw/CREMA-D/AudioWAV/1043_TIE_NEU_XX.wav,1043,TIE,NEU,neutral
1043_TIE_SAD_XX.wav,data/raw/CREMA-D/AudioWAV/1043_TIE_SAD_XX.wav,1043,TIE,SAD,sad
1043_TSI_ANG_XX.wav,data/raw/CREMA-D/AudioWAV/1043_TSI_ANG_XX.wav,1043,TSI,ANG,angry
1043_TSI_DIS_XX.wav,data/raw/CREMA-D/AudioWAV/1043_TSI_DIS_XX.wav,1043,TSI,DIS,disgust
1043_TSI_FEA_XX.wav,data/raw/CREMA-D/AudioWAV/1043_TSI_FEA_XX.wav,1043,TSI,FEA,fear
1043_TSI_HAP_XX.wav,data/raw/CREMA-D/AudioWAV/1043_TSI_HAP_XX.wav,1043,TSI,HAP,happy
1043_TSI_NEU_XX.wav,data/raw/CREMA-D/AudioWAV/1043_TSI_NEU_XX.wav,1043,TSI,NEU,neutral
1043_TSI_SAD_XX.wav,data/raw/CREMA-D/AudioWAV/1043_TSI_SAD_XX.wav,1043,TSI,SAD,sad
1043_WSI_ANG_XX.wav,data/raw/CREMA-D/AudioWAV/1043_WSI_ANG_XX.wav,1043,WSI,ANG,angry
1043_WSI_DIS_XX.wav,data/raw/CREMA-D/AudioWAV/1043_WSI_DIS_XX.wav,1043,WSI,DIS,disgust
1043_WSI_FEA_XX.wav,data/raw/CREMA-D/AudioWAV/1043_WSI_FEA_XX.wav,1043,WSI,FEA,fear
1043_WSI_HAP_XX.wav,data/raw/CREMA-D/AudioWAV/1043_WSI_HAP_XX.wav,1043,WSI,HAP,happy
1043_WSI_NEU_XX.wav,data/raw/CREMA-D/AudioWAV/1043_WSI_NEU_XX.wav,1043,WSI,NEU,neutral
1043_WSI_SAD_XX.wav,data/raw/CREMA-D/AudioWAV/1043_WSI_SAD_XX.wav,1043,WSI,SAD,sad
1044_DFA_ANG_XX.wav,data/raw/CREMA-D/AudioWAV/1044_DFA_ANG_XX.wav,1044,DFA,ANG,angry
1044_DFA_DIS_XX.wav,data/raw/CREMA-D/AudioWAV/1044_DFA_DIS_XX.wav,1044,DFA,DIS,disgust
1044_DFA_FEA_XX.wav,data/raw/CREMA-D/AudioWAV/1044_DFA_FEA_XX.wav,1044,DFA,FEA,fear
1044_DFA_HAP_XX.wav,data/raw/CREMA-D/AudioWAV/1044_DFA_HAP_XX.wav,1044,DFA,HAP,happy
1044_DFA_NEU_XX.wav,data/raw/CREMA-D/AudioWAV/1044_DFA_NEU_XX.wav,1044,DFA,NEU,neutral
1044_DFA_SAD_XX.wav,data/raw/CREMA-D/AudioWAV/1044_DFA_SAD_XX.wav,1044,DFA,SAD,sad
1044_IEO_ANG_HI.wav,data/raw/CREMA-D/AudioWAV/1044_IEO_ANG_HI.wav,1044,IEO,ANG,angry
1044_IEO_ANG_LO.wav,data/raw/CREMA-D/AudioWAV/1044_IEO_ANG_LO.wav,1044,IEO,ANG,angry
1044_IEO_ANG_MD.wav,data/raw/CREMA-D/AudioWAV/1044_IEO_ANG_MD.wav,1044,IEO,ANG,angry
1044_IEO_DIS_HI.wav,data/raw/CREMA-D/AudioWAV/1044_IEO_DIS_HI.wav,1044,IEO,DIS,disgust
1044_IEO_DIS_LO.wav,data/raw/CREMA-D/AudioWAV/1044_IEO_DIS_LO.wav,1044,IEO,DIS,disgust
1044_IEO_DIS_MD.wav,data/raw/CREMA-D/AudioWAV/1044_IEO_DIS_MD.wav,1044,IEO,DIS,disgust
1044_IEO_FEA_HI.wav,data/raw/CREMA-D/AudioWAV/1044_IEO_FEA_HI.wav,1044,IEO,FEA,fear
1044_IEO_FEA_LO.wav,data/raw/CREMA-D/AudioWAV/1044_IEO_FEA_LO.wav,1044,IEO,FEA,fear
1044_IEO_FEA_MD.wav,data/raw/CREMA-D/AudioWAV/1044_IEO_FEA_MD.wav,1044,IEO,FEA,fear
1044_IEO_HAP_HI.wav,data/raw/CREMA-D/AudioWAV/1044_IEO_HAP_HI.wav,1044,IEO,HAP,happy
1044_IEO_HAP_LO.wav,data/raw/CREMA-D/AudioWAV/1044_IEO_HAP_LO.wav,1044,IEO,HAP,happy
1044_IEO_HAP_MD.wav,data/raw/CREMA-D/AudioWAV/1044_IEO_HAP_MD.wav,1044,IEO,HAP,happy
1044_IEO_NEU_XX.wav,data/raw/CREMA-D/AudioWAV/1044_IEO_NEU_XX.wav,1044,IEO,NEU,neutral
1044_IEO_SAD_HI.wav,data/raw/CREMA-D/AudioWAV/1044_IEO_SAD_HI.wav,1044,IEO,SAD,sad
1044_IEO_SAD_LO.wav,data/raw/CREMA-D/AudioWAV/1044_IEO_SAD_LO.wav,1044,IEO,SAD,sad
1044_IEO_SAD_MD.wav,data/raw/CREMA-D/AudioWAV/1044_IEO_SAD_MD.wav,1044,IEO,SAD,sad
1044_IOM_ANG_XX.wav,data/raw/CREMA-D/AudioWAV/1044_IOM_ANG_XX.wav,1044,IOM,ANG,angry
1044_IOM_DIS_XX.wav,data/raw/CREMA-D/AudioWAV/1044_IOM_DIS_XX.wav,1044,IOM,DIS,disgust
1044_IOM_FEA_XX.wav,data/raw/CREMA-D/AudioWAV/1044_IOM_FEA_XX.wav,1044,IOM,FEA,fear
1044_IOM_HAP_XX.wav,data/raw/CREMA-D/AudioWAV/1044_IOM_HAP_XX.wav,1044,IOM,HAP,happy
1044_IOM_NEU_XX.wav,data/raw/CREMA-D/AudioWAV/1044_IOM_NEU_XX.wav,1044,IOM,NEU,neutral
1044_IOM_SAD_XX.wav,data/raw/CREMA-D/AudioWAV/1044_IOM_SAD_XX.wav,1044,IOM,SAD,sad
1044_ITH_ANG_XX.wav,data/raw/CREMA-D/AudioWAV/1044_ITH_ANG_XX.wav,1044,ITH,ANG,angry
1044_ITH_DIS_XX.wav,data/raw/CREMA-D/AudioWAV/1044_ITH_DIS_XX.wav,1044,ITH,DIS,disgust
1044_ITH_FEA_XX.wav,data/raw/CREMA-D/AudioWAV/1044_ITH_FEA_XX.wav,1044,ITH,FEA,fear
1044_ITH_HAP_XX.wav,data/raw/CREMA-D/AudioWAV/1044_ITH_HAP_XX.wav,1044,ITH,HAP,happy
1044_ITH_NEU_XX.wav,data/raw/CREMA-D/AudioWAV/1044_ITH_NEU_XX.wav,1044,ITH,NEU,neutral
1044_ITH_SAD_XX.wav,data/raw/CREMA-D/AudioWAV/1044_ITH_SAD_XX.wav,1044,ITH,SAD,sad
1044_ITS_ANG_XX.wav,data/raw/CREMA-D/AudioWAV/1044_ITS_ANG_XX.wav,1044,ITS,ANG,angry
1044_ITS_DIS_XX.wav,data/raw/CREMA-D/AudioWAV/1044_ITS_DIS_XX.wav,1044,ITS,DIS,disgust
1044_ITS_FEA_XX.wav,data/raw/CREMA-D/AudioWAV/1044_ITS_FEA_XX.wav,1044,ITS,FEA,fear
1044_ITS_HAP_XX.wav,data/raw/CREMA-D/AudioWAV/1044_ITS_HAP_XX.wav,1044,ITS,HAP,happy
1044_ITS_NEU_XX.wav,data/raw/CREMA-D/AudioWAV/1044_ITS_NEU_XX.wav,1044,ITS,NEU,neutral
1044_ITS_SAD_XX.wav,data/raw/CREMA-D/AudioWAV/1044_ITS_SAD_XX.wav,1044,ITS,SAD,sad
1044_IWL_ANG_XX.wav,data/raw/CREMA-D/AudioWAV/1044_IWL_ANG_XX.wav,1044,IWL,ANG,angry
1044_IWL_DIS_XX.wav,data/raw/CREMA-D/AudioWAV/1044_IWL_DIS_XX.wav,1044,IWL,DIS,disgust
1044_IWL_FEA_XX.wav,data/raw/CREMA-D/AudioWAV/1044_IWL_FEA_XX.wav,1044,IWL,FEA,fear
1044_IWL_HAP_XX.wav,data/raw/CREMA-D/AudioWAV/1044_IWL_HAP_XX.wav,1044,IWL,HAP,happy
1044_IWL_NEU_XX.wav,data/raw/CREMA-D/AudioWAV/1044_IWL_NEU_XX.wav,1044,IWL,NEU,neutral
1044_IWL_SAD_XX.wav,data/raw/CREMA-D/AudioWAV/1044_IWL_SAD_XX.wav,1044,IWL,SAD,sad
1044_IWW_ANG_XX.wav,data/raw/CREMA-D/AudioWAV/1044_IWW_ANG_XX.wav,1044,IWW,ANG,angry
1044_IWW_DIS_XX.wav,data/raw/CREMA-D/AudioWAV/1044_IWW_DIS_XX.wav,1044,IWW,DIS,disgust
1044_IWW_FEA_XX.wav,data/raw/CREMA-D/AudioWAV/1044_IWW_FEA_XX.wav,1044,IWW,FEA,fear
1044_IWW_HAP_XX.wav,data/raw/CREMA-D/AudioWAV/1044_IWW_HAP_XX.wav,1044,IWW,HAP,happy
1044_IWW_NEU_XX.wav,data/raw/CREMA-D/AudioWAV/1044_IWW_NEU_XX.wav,1044,IWW,NEU,neutral
1044_IWW_SAD_XX.wav,data/raw/CREMA-D/AudioWAV/1044_IWW_SAD_XX.wav,1044,IWW,SAD,sad
1044_MTI_ANG_XX.wav,data/raw/CREMA-D/AudioWAV/1044_MTI_ANG_XX.wav,1044,MTI,ANG,angry
1044_MTI_DIS_XX.wav,data/raw/CREMA-D/AudioWAV/1044_MTI_DIS_XX.wav,1044,MTI,DIS,disgust
1044_MTI_FEA_XX.wav,data/raw/CREMA-D/AudioWAV/1044_MTI_FEA_XX.wav,1044,MTI,FEA,fear
1044_MTI_HAP_XX.wav,data/raw/CREMA-D/AudioWAV/1044_MTI_HAP_XX.wav,1044,MTI,HAP,happy
1044_MTI_NEU_XX.wav,data/raw/CREMA-D/AudioWAV/1044_MTI_NEU_XX.wav,1044,MTI,NEU,neutral
1044_MTI_SAD_XX.wav,data/raw/CREMA-D/AudioWAV/1044_MTI_SAD_XX.wav,1044,MTI,SAD,sad
1044_TAI_ANG_XX.wav,data/raw/CREMA-D/AudioWAV/1044_TAI_ANG_XX.wav,1044,TAI,ANG,angry
1044_TAI_DIS_XX.wav,data/raw/CREMA-D/AudioWAV/1044_TAI_DIS_XX.wav,1044,TAI,DIS,disgust
1044_TAI_FEA_XX.wav,data/raw/CREMA-D/AudioWAV/1044_TAI_FEA_XX.wav,1044,TAI,FEA,fear
1044_TAI_HAP_XX.wav,data/raw/CREMA-D/AudioWAV/1044_TAI_HAP_XX.wav,1044,TAI,HAP,happy
1044_TAI_NEU_XX.wav,data/raw/CREMA-D/AudioWAV/1044_TAI_NEU_XX.wav,1044,TAI,NEU,neutral
1044_TAI_SAD_XX.wav,data/raw/CREMA-D/AudioWAV/1044_TAI_SAD_XX.wav,1044,TAI,SAD,sad
1044_TIE_ANG_XX.wav,data/raw/CREMA-D/AudioWAV/1044_TIE_ANG_XX.wav,1044,TIE,ANG,angry
1044_TIE_DIS_XX.wav,data/raw/CREMA-D/AudioWAV/1044_TIE_DIS_XX.wav,1044,TIE,DIS,disgust
1044_TIE_FEA_XX.wav,data/raw/CREMA-D/AudioWAV/1044_TIE_FEA_XX.wav,1044,TIE,FEA,fear
1044_TIE_HAP_XX.wav,data/raw/CREMA-D/AudioWAV/1044_TIE_HAP_XX.wav,1044,TIE,HAP,happy
1044_TIE_NEU_XX.wav,data/raw/CREMA-D/AudioWAV/1044_TIE_NEU_XX.wav,1044,TIE,NEU,neutral
1044_TIE_SAD_XX.wav,data/raw/CREMA-D/AudioWAV/1044_TIE_SAD_XX.wav,1044,TIE,SAD,sad
1044_TSI_ANG_XX.wav,data/raw/CREMA-D/AudioWAV/1044_TSI_ANG_XX.wav,1044,TSI,ANG,angry
1044_TSI_DIS_XX.wav,data/raw/CREMA-D/AudioWAV/1044_TSI_DIS_XX.wav,1044,TSI,DIS,disgust
1044_TSI_FEA_XX.wav,data/raw/CREMA-D/AudioWAV/1044_TSI_FEA_XX.wav,1044,TSI,FEA,fear
1044_TSI_HAP_XX.wav,data/raw/CREMA-D/AudioWAV/1044_TSI_HAP_XX.wav,1044,TSI,HAP,happy
1044_TSI_NEU_XX.wav,data/raw/CREMA-D/AudioWAV/1044_TSI_NEU_XX.wav,1044,TSI,NEU,neutral
1044_TSI_SAD_XX.wav,data/raw/CREMA-D/AudioWAV/1044_TSI_SAD_XX.wav,1044,TSI,SAD,sad
1044_WSI_ANG_XX.wav,data/raw/CREMA-D/AudioWAV/1044_WSI_ANG_XX.wav,1044,WSI,ANG,angry
1044_WSI_DIS_XX.wav,data/raw/CREMA-D/AudioWAV/1044_WSI_DIS_XX.wav,1044,WSI,DIS,disgust
1044_WSI_FEA_XX.wav,data/raw/CREMA-D/AudioWAV/1044_WSI_FEA_XX.wav,1044,WSI,FEA,fear
1044_WSI_HAP_XX.wav,data/raw/CREMA-D/AudioWAV/1044_WSI_HAP_XX.wav,1044,WSI,HAP,happy
1044_WSI_NEU_XX.wav,data/raw/CREMA-D/AudioWAV/1044_WSI_NEU_XX.wav,1044,WSI,NEU,neutral
1044_WSI_SAD_XX.wav,data/raw/CREMA-D/AudioWAV/1044_WSI_SAD_XX.wav,1044,WSI,SAD,sad
1046_DFA_ANG_XX.wav,data/raw/CREMA-D/AudioWAV/1046_DFA_ANG_XX.wav,1046,DFA,ANG,angry
1046_DFA_DIS_XX.wav,data/raw/CREMA-D/AudioWAV/1046_DFA_DIS_XX.wav,1046,DFA,DIS,disgust
1046_DFA_FEA_XX.wav,data/raw/CREMA-D/AudioWAV/1046_DFA_FEA_XX.wav,1046,DFA,FEA,fear
1046_DFA_HAP_XX.wav,data/raw/CREMA-D/AudioWAV/1046_DFA_HAP_XX.wav,1046,DFA,HAP,happy
1046_DFA_NEU_XX.wav,data/raw/CREMA-D/AudioWAV/1046_DFA_NEU_XX.wav,1046,DFA,NEU,neutral
1046_DFA_SAD_XX.wav,data/raw/CREMA-D/AudioWAV/1046_DFA_SAD_XX.wav,1046,DFA,SAD,sad
1046_IEO_ANG_HI.wav,data/raw/CREMA-D/AudioWAV/1046_IEO_ANG_HI.wav,1046,IEO,ANG,angry
1046_IEO_ANG_LO.wav,data/raw/CREMA-D/AudioWAV/1046_IEO_ANG_LO.wav,1046,IEO,ANG,angry
1046_IEO_ANG_MD.wav,data/raw/CREMA-D/AudioWAV/1046_IEO_ANG_MD.wav,1046,IEO,ANG,angry
1046_IEO_DIS_HI.wav,data/raw/CREMA-D/AudioWAV/1046_IEO_DIS_HI.wav,1046,IEO,DIS,disgust
1046_IEO_DIS_LO.wav,data/raw/CREMA-D/AudioWAV/1046_IEO_DIS_LO.wav,1046,IEO,DIS,disgust
1046_IEO_DIS_MD.wav,data/raw/CREMA-D/AudioWAV/1046_IEO_DIS_MD.wav,1046,IEO,DIS,disgust
1046_IEO_FEA_HI.wav,data/raw/CREMA-D/AudioWAV/1046_IEO_FEA_HI.wav,1046,IEO,FEA,fear
1046_IEO_FEA_LO.wav,data/raw/CREMA-D/AudioWAV/1046_IEO_FEA_LO.wav,1046,IEO,FEA,fear
1046_IEO_FEA_MD.wav,data/raw/CREMA-D/AudioWAV/1046_IEO_FEA_MD.wav,1046,IEO,FEA,fear
1046_IEO_HAP_HI.wav,data/raw/CREMA-D/AudioWAV/1046_IEO_HAP_HI.wav,1046,IEO,HAP,happy
1046_IEO_HAP_LO.wav,data/raw/CREMA-D/AudioWAV/1046_IEO_HAP_LO.wav,1046,IEO,HAP,happy
1046_IEO_HAP_MD.wav,data/raw/CREMA-D/AudioWAV/1046_IEO_HAP_MD.wav,1046,IEO,HAP,happy
1046_IEO_NEU_XX.wav,data/raw/CREMA-D/AudioWAV/1046_IEO_NEU_XX.wav,1046,IEO,NEU,neutral
1046_IEO_SAD_HI.wav,data/raw/CREMA-D/AudioWAV/1046_IEO_SAD_HI.wav,1046,IEO,SAD,sad
1046_IEO_SAD_LO.wav,data/raw/CREMA-D/AudioWAV/1046_IEO_SAD_LO.wav,1046,IEO,SAD,sad
1046_IEO_SAD_MD.wav,data/raw/CREMA-D/AudioWAV/1046_IEO_SAD_MD.wav,1046,IEO,SAD,sad
1046_IOM_ANG_XX.wav,data/raw/CREMA-D/AudioWAV/1046_IOM_ANG_XX.wav,1046,IOM,ANG,angry
1046_IOM_DIS_XX.wav,data/raw/CREMA-D/AudioWAV/1046_IOM_DIS_XX.wav,1046,IOM,DIS,disgust
1046_IOM_FEA_XX.wav,data/raw/CREMA-D/AudioWAV/1046_IOM_FEA_XX.wav,1046,IOM,FEA,fear
1046_IOM_HAP_XX.wav,data/raw/CREMA-D/AudioWAV/1046_IOM_HAP_XX.wav,1046,IOM,HAP,happy
1046_IOM_NEU_XX.wav,data/raw/CREMA-D/AudioWAV/1046_IOM_NEU_XX.wav,1046,IOM,NEU,neutral
1046_IOM_SAD_XX.wav,data/raw/CREMA-D/AudioWAV/1046_IOM_SAD_XX.wav,1046,IOM,SAD,sad
1046_ITH_ANG_XX.wav,data/raw/CREMA-D/AudioWAV/1046_ITH_ANG_XX.wav,1046,ITH,ANG,angry
1046_ITH_DIS_XX.wav,data/raw/CREMA-D/AudioWAV/1046_ITH_DIS_XX.wav,1046,ITH,DIS,disgust
1046_ITH_FEA_XX.wav,data/raw/CREMA-D/AudioWAV/1046_ITH_FEA_XX.wav,1046,ITH,FEA,fear
1046_ITH_HAP_XX.wav,data/raw/CREMA-D/AudioWAV/1046_ITH_HAP_XX.wav,1046,ITH,HAP,happy
1046_ITH_NEU_XX.wav,data/raw/CREMA-D/AudioWAV/1046_ITH_NEU_XX.wav,1046,ITH,NEU,neutral
1046_ITH_SAD_XX.wav,data/raw/CREMA-D/AudioWAV/1046_ITH_SAD_XX.wav,1046,ITH,SAD,sad
1046_ITS_ANG_XX.wav,data/raw/CREMA-D/AudioWAV/1046_ITS_ANG_XX.wav,1046,ITS,ANG,angry
1046_ITS_DIS_XX.wav,data/raw/CREMA-D/AudioWAV/1046_ITS_DIS_XX.wav,1046,ITS,DIS,disgust
1046_ITS_FEA_XX.wav,data/raw/CREMA-D/AudioWAV/1046_ITS_FEA_XX.wav,1046,ITS,FEA,fear
1046_ITS_HAP_XX.wav,data/raw/CREMA-D/AudioWAV/1046_ITS_HAP_XX.wav,1046,ITS,HAP,happy
1046_ITS_NEU_XX.wav,data/raw/CREMA-D/AudioWAV/1046_ITS_NEU_XX.wav,1046,ITS,NEU,neutral
1046_ITS_SAD_XX.wav,data/raw/CREMA-D/AudioWAV/1046_ITS_SAD_XX.wav,1046,ITS,SAD,sad
1046_IWL_ANG_XX.wav,data/raw/CREMA-D/AudioWAV/1046_IWL_ANG_XX.wav,1046,IWL,ANG,angry
1046_IWL_DIS_XX.wav,data/raw/CREMA-D/AudioWAV/1046_IWL_DIS_XX.wav,1046,IWL,DIS,disgust
1046_IWL_FEA_XX.wav,data/raw/CREMA-D/AudioWAV/1046_IWL_FEA_XX.wav,1046,IWL,FEA,fear
1046_IWL_HAP_XX.wav,data/raw/CREMA-D/AudioWAV/1046_IWL_HAP_XX.wav,1046,IWL,HAP,happy
1046_IWL_NEU_XX.wav,data/raw/CREMA-D/AudioWAV/1046_IWL_NEU_XX.wav,1046,IWL,NEU,neutral
1046_IWL_SAD_XX.wav,data/raw/CREMA-D/AudioWAV/1046_IWL_SAD_XX.wav,1046,IWL,SAD,sad
1046_IWW_ANG_XX.wav,data/raw/CREMA-D/AudioWAV/1046_IWW_ANG_XX.wav,1046,IWW,ANG,angry
1046_IWW_DIS_XX.wav,data/raw/CREMA-D/AudioWAV/1046_IWW_DIS_XX.wav,1046,IWW,DIS,disgust
1046_IWW_FEA_XX.wav,data/raw/CREMA-D/AudioWAV/1046_IWW_FEA_XX.wav,1046,IWW,FEA,fear
1046_IWW_HAP_XX.wav,data/raw/CREMA-D/AudioWAV/1046_IWW_HAP_XX.wav,1046,IWW,HAP,happy
1046_IWW_NEU_XX.wav,data/raw/CREMA-D/AudioWAV/1046_IWW_NEU_XX.wav,1046,IWW,NEU,neutral
1046_IWW_SAD_XX.wav,data/raw/CREMA-D/AudioWAV/1046_IWW_SAD_XX.wav,1046,IWW,SAD,sad
1046_MTI_ANG_XX.wav,data/raw/CREMA-D/AudioWAV/1046_MTI_ANG_XX.wav,1046,MTI,ANG,angry
1046_MTI_DIS_XX.wav,data/raw/CREMA-D/AudioWAV/1046_MTI_DIS_XX.wav,1046,MTI,DIS,disgust
1046_MTI_FEA_XX.wav,data/raw/CREMA-D/AudioWAV/1046_MTI_FEA_XX.wav,1046,MTI,FEA,fear
1046_MTI_HAP_XX.wav,data/raw/CREMA-D/AudioWAV/1046_MTI_HAP_XX.wav,1046,MTI,HAP,happy
1046_MTI_NEU_XX.wav,data/raw/CREMA-D/AudioWAV/1046_MTI_NEU_XX.wav,1046,MTI,NEU,neutral
1046_MTI_SAD_XX.wav,data/raw/CREMA-D/AudioWAV/1046_MTI_SAD_XX.wav,1046,MTI,SAD,sad
1046_TAI_ANG_XX.wav,data/raw/CREMA-D/AudioWAV/1046_TAI_ANG_XX.wav,1046,TAI,ANG,angry
1046_TAI_DIS_XX.wav,data/raw/CREMA-D/AudioWAV/1046_TAI_DIS_XX.wav,1046,TAI,DIS,disgust
1046_TAI_FEA_XX.wav,data/raw/CREMA-D/AudioWAV/1046_TAI_FEA_XX.wav,1046,TAI,FEA,fear
1046_TAI_HAP_XX.wav,data/raw/CREMA-D/AudioWAV/1046_TAI_HAP_XX.wav,1046,TAI,HAP,happy
1046_TAI_NEU_XX.wav,data/raw/CREMA-D/AudioWAV/1046_TAI_NEU_XX.wav,1046,TAI,NEU,neutral
1046_TAI_SAD_XX.wav,data/raw/CREMA-D/AudioWAV/1046_TAI_SAD_XX.wav,1046,TAI,SAD,sad
1046_TIE_ANG_XX.wav,data/raw/CREMA-D/AudioWAV/1046_TIE_ANG_XX.wav,1046,TIE,ANG,angry
1046_TIE_DIS_XX.wav,data/raw/CREMA-D/AudioWAV/1046_TIE_DIS_XX.wav,1046,TIE,DIS,disgust
1046_TIE_FEA_XX.wav,data/raw/CREMA-D/AudioWAV/1046_TIE_FEA_XX.wav,1046,TIE,FEA,fear
1046_TIE_HAP_XX.wav,data/raw/CREMA-D/AudioWAV/1046_TIE_HAP_XX.wav,1046,TIE,HAP,happy
1046_TIE_NEU_XX.wav,data/raw/CREMA-D/AudioWAV/1046_TIE_NEU_XX.wav,1046,TIE,NEU,neutral
1046_TIE_SAD_XX.wav,data/raw/CREMA-D/AudioWAV/1046_TIE_SAD_XX.wav,1046,TIE,SAD,sad
1046_TSI_ANG_XX.wav,data/raw/CREMA-D/AudioWAV/1046_TSI_ANG_XX.wav,1046,TSI,ANG,angry
1046_TSI_DIS_XX.wav,data/raw/CREMA-D/AudioWAV/1046_TSI_DIS_XX.wav,1046,TSI,DIS,disgust
1046_TSI_FEA_XX.wav,data/raw/CREMA-D/AudioWAV/1046_TSI_FEA_XX.wav,1046,TSI,FEA,fear
1046_TSI_HAP_XX.wav,data/raw/CREMA-D/AudioWAV/1046_TSI_HAP_XX.wav,1046,TSI,HAP,happy
1046_TSI_NEU_XX.wav,data/raw/CREMA-D/AudioWAV/1046_TSI_NEU_XX.wav,1046,TSI,NEU,neutral
1046_TSI_SAD_XX.wav,data/raw/CREMA-D/AudioWAV/1046_TSI_SAD_XX.wav,1046,TSI,SAD,sad
1046_WSI_ANG_XX.wav,data/raw/CREMA-D/AudioWAV/1046_WSI_ANG_XX.wav,1046,WSI,ANG,angry
1046_WSI_DIS_XX.wav,data/raw/CREMA-D/AudioWAV/1046_WSI_DIS_XX.wav,1046,WSI,DIS,disgust
1046_WSI_FEA_XX.wav,data/raw/CREMA-D/AudioWAV/1046_WSI_FEA_XX.wav,1046,WSI,FEA,fear
1046_WSI_HAP_XX.wav,data/raw/CREMA-D/AudioWAV/1046_WSI_HAP_XX.wav,1046,WSI,HAP,happy
1046_WSI_NEU_XX.wav,data/raw/CREMA-D/AudioWAV/1046_WSI_NEU_XX.wav,1046,WSI,NEU,neutral
1046_WSI_SAD_XX.wav,data/raw/CREMA-D/AudioWAV/1046_WSI_SAD_XX.wav,1046,WSI,SAD,sad
1047_DFA_ANG_XX.wav,data/raw/CREMA-D/AudioWAV/1047_DFA_ANG_XX.wav,1047,DFA,ANG,angry
1047_DFA_DIS_XX.wav,data/raw/CREMA-D/AudioWAV/1047_DFA_DIS_XX.wav,1047,DFA,DIS,disgust
1047_DFA_FEA_XX.wav,data/raw/CREMA-D/AudioWAV/1047_DFA_FEA_XX.wav,1047,DFA,FEA,fear
1047_DFA_HAP_XX.wav,data/raw/CREMA-D/AudioWAV/1047_DFA_HAP_XX.wav,1047,DFA,HAP,happy
1047_DFA_NEU_XX.wav,data/raw/CREMA-D/AudioWAV/1047_DFA_NEU_XX.wav,1047,DFA,NEU,neutral
1047_DFA_SAD_XX.wav,data/raw/CREMA-D/AudioWAV/1047_DFA_SAD_XX.wav,1047,DFA,SAD,sad
1047_IEO_ANG_HI.wav,data/raw/CREMA-D/AudioWAV/1047_IEO_ANG_HI.wav,1047,IEO,ANG,angry
1047_IEO_ANG_LO.wav,data/raw/CREMA-D/AudioWAV/1047_IEO_ANG_LO.wav,1047,IEO,ANG,angry
1047_IEO_ANG_MD.wav,data/raw/CREMA-D/AudioWAV/1047_IEO_ANG_MD.wav,1047,IEO,ANG,angry
1047_IEO_DIS_HI.wav,data/raw/CREMA-D/AudioWAV/1047_IEO_DIS_HI.wav,1047,IEO,DIS,disgust
1047_IEO_DIS_LO.wav,data/raw/CREMA-D/AudioWAV/1047_IEO_DIS_LO.wav,1047,IEO,DIS,disgust
1047_IEO_DIS_MD.wav,data/raw/CREMA-D/AudioWAV/1047_IEO_DIS_MD.wav,1047,IEO,DIS,disgust
1047_IEO_FEA_HI.wav,data/raw/CREMA-D/AudioWAV/1047_IEO_FEA_HI.wav,1047,IEO,FEA,fear
1047_IEO_FEA_LO.wav,data/raw/CREMA-D/AudioWAV/1047_IEO_FEA_LO.wav,1047,IEO,FEA,fear
1047_IEO_FEA_MD.wav,data/raw/CREMA-D/AudioWAV/1047_IEO_FEA_MD.wav,1047,IEO,FEA,fear
1047_IEO_HAP_HI.wav,data/raw/CREMA-D/AudioWAV/1047_IEO_HAP_HI.wav,1047,IEO,HAP,happy
1047_IEO_HAP_LO.wav,data/raw/CREMA-D/AudioWAV/1047_IEO_HAP_LO.wav,1047,IEO,HAP,happy
1047_IEO_HAP_MD.wav,data/raw/CREMA-D/AudioWAV/1047_IEO_HAP_MD.wav,1047,IEO,HAP,happy
1047_IEO_NEU_XX.wav,data/raw/CREMA-D/AudioWAV/1047_IEO_NEU_XX.wav,1047,IEO,NEU,neutral
1047_IEO_SAD_HI.wav,data/raw/CREMA-D/AudioWAV/1047_IEO_SAD_HI.wav,1047,IEO,SAD,sad
1047_IEO_SAD_LO.wav,data/raw/CREMA-D/AudioWAV/1047_IEO_SAD_LO.wav,1047,IEO,SAD,sad
1047_IEO_SAD_MD.wav,data/raw/CREMA-D/AudioWAV/1047_IEO_SAD_MD.wav,1047,IEO,SAD,sad
1047_IOM_ANG_XX.wav,data/raw/CREMA-D/AudioWAV/1047_IOM_ANG_XX.wav,1047,IOM,ANG,angry
1047_IOM_DIS_XX.wav,data/raw/CREMA-D/AudioWAV/1047_IOM_DIS_XX.wav,1047,IOM,DIS,disgust
1047_IOM_FEA_XX.wav,data/raw/CREMA-D/AudioWAV/1047_IOM_FEA_XX.wav,1047,IOM,FEA,fear
1047_IOM_HAP_XX.wav,data/raw/CREMA-D/AudioWAV/1047_IOM_HAP_XX.wav,1047,IOM,HAP,happy
1047_IOM_NEU_XX.wav,data/raw/CREMA-D/AudioWAV/1047_IOM_NEU_XX.wav,1047,IOM,NEU,neutral
1047_IOM_SAD_XX.wav,data/raw/CREMA-D/AudioWAV/1047_IOM_SAD_XX.wav,1047,IOM,SAD,sad
1047_ITH_ANG_XX.wav,data/raw/CREMA-D/AudioWAV/1047_ITH_ANG_XX.wav,1047,ITH,ANG,angry
1047_ITH_DIS_XX.wav,data/raw/CREMA-D/AudioWAV/1047_ITH_DIS_XX.wav,1047,ITH,DIS,disgust
1047_ITH_FEA_XX.wav,data/raw/CREMA-D/AudioWAV/1047_ITH_FEA_XX.wav,1047,ITH,FEA,fear
1047_ITH_HAP_XX.wav,data/raw/CREMA-D/AudioWAV/1047_ITH_HAP_XX.wav,1047,ITH,HAP,happy
1047_ITH_NEU_XX.wav,data/raw/CREMA-D/AudioWAV/1047_ITH_NEU_XX.wav,1047,ITH,NEU,neutral
1047_ITH_SAD_XX.wav,data/raw/CREMA-D/AudioWAV/1047_ITH_SAD_XX.wav,1047,ITH,SAD,sad
1047_ITS_ANG_XX.wav,data/raw/CREMA-D/AudioWAV/1047_ITS_ANG_XX.wav,1047,ITS,ANG,angry
1047_ITS_DIS_XX.wav,data/raw/CREMA-D/AudioWAV/1047_ITS_DIS_XX.wav,1047,ITS,DIS,disgust
1047_ITS_FEA_XX.wav,data/raw/CREMA-D/AudioWAV/1047_ITS_FEA_XX.wav,1047,ITS,FEA,fear
1047_ITS_HAP_XX.wav,data/raw/CREMA-D/AudioWAV/1047_ITS_HAP_XX.wav,1047,ITS,HAP,happy
1047_ITS_NEU_XX.wav,data/raw/CREMA-D/AudioWAV/1047_ITS_NEU_XX.wav,1047,ITS,NEU,neutral
1047_ITS_SAD_XX.wav,data/raw/CREMA-D/AudioWAV/1047_ITS_SAD_XX.wav,1047,ITS,SAD,sad
1047_IWL_ANG_XX.wav,data/raw/CREMA-D/AudioWAV/1047_IWL_ANG_XX.wav,1047,IWL,ANG,angry
1047_IWL_DIS_XX.wav,data/raw/CREMA-D/AudioWAV/1047_IWL_DIS_XX.wav,1047,IWL,DIS,disgust
1047_IWL_FEA_XX.wav,data/raw/CREMA-D/AudioWAV/1047_IWL_FEA_XX.wav,1047,IWL,FEA,fear
1047_IWL_HAP_XX.wav,data/raw/CREMA-D/AudioWAV/1047_IWL_HAP_XX.wav,1047,IWL,HAP,happy
1047_IWL_NEU_XX.wav,data/raw/CREMA-D/AudioWAV/1047_IWL_NEU_XX.wav,1047,IWL,NEU,neutral
1047_IWL_SAD_XX.wav,data/raw/CREMA-D/AudioWAV/1047_IWL_SAD_XX.wav,1047,IWL,SAD,sad
1047_IWW_ANG_XX.wav,data/raw/CREMA-D/AudioWAV/1047_IWW_ANG_XX.wav,1047,IWW,ANG,angry
1047_IWW_DIS_XX.wav,data/raw/CREMA-D/AudioWAV/1047_IWW_DIS_XX.wav,1047,IWW,DIS,disgust
1047_IWW_FEA_XX.wav,data/raw/CREMA-D/AudioWAV/1047_IWW_FEA_XX.wav,1047,IWW,FEA,fear
1047_IWW_HAP_XX.wav,data/raw/CREMA-D/AudioWAV/1047_IWW_HAP_XX.wav,1047,IWW,HAP,happy
1047_IWW_NEU_XX.wav,data/raw/CREMA-D/AudioWAV/1047_IWW_NEU_XX.wav,1047,IWW,NEU,neutral
1047_IWW_SAD_XX.wav,data/raw/CREMA-D/AudioWAV/1047_IWW_SAD_XX.wav,1047,IWW,SAD,sad
1047_MTI_ANG_XX.wav,data/raw/CREMA-D/AudioWAV/1047_MTI_ANG_XX.wav,1047,MTI,ANG,angry
1047_MTI_DIS_XX.wav,data/raw/CREMA-D/AudioWAV/1047_MTI_DIS_XX.wav,1047,MTI,DIS,disgust
1047_MTI_FEA_XX.wav,data/raw/CREMA-D/AudioWAV/1047_MTI_FEA_XX.wav,1047,MTI,FEA,fear
1047_MTI_HAP_XX.wav,data/raw/CREMA-D/AudioWAV/1047_MTI_HAP_XX.wav,1047,MTI,HAP,happy
1047_MTI_NEU_XX.wav,data/raw/CREMA-D/AudioWAV/1047_MTI_NEU_XX.wav,1047,MTI,NEU,neutral
1047_MTI_SAD_XX.wav,data/raw/CREMA-D/AudioWAV/1047_MTI_SAD_XX.wav,1047,MTI,SAD,sad
1047_TAI_ANG_XX.wav,data/raw/CREMA-D/AudioWAV/1047_TAI_ANG_XX.wav,1047,TAI,ANG,angry
1047_TAI_DIS_XX.wav,data/raw/CREMA-D/AudioWAV/1047_TAI_DIS_XX.wav,1047,TAI,DIS,disgust
1047_TAI_FEA_XX.wav,data/raw/CREMA-D/AudioWAV/1047_TAI_FEA_XX.wav,1047,TAI,FEA,fear
1047_TAI_HAP_XX.wav,data/raw/CREMA-D/AudioWAV/1047_TAI_HAP_XX.wav,1047,TAI,HAP,happy
1047_TAI_NEU_XX.wav,data/raw/CREMA-D/AudioWAV/1047_TAI_NEU_XX.wav,1047,TAI,NEU,neutral
1047_TAI_SAD_XX.wav,data/raw/CREMA-D/AudioWAV/1047_TAI_SAD_XX.wav,1047,TAI,SAD,sad
1047_TIE_ANG_XX.wav,data/raw/CREMA-D/AudioWAV/1047_TIE_ANG_XX.wav,1047,TIE,ANG,angry
1047_TIE_DIS_XX.wav,data/raw/CREMA-D/AudioWAV/1047_TIE_DIS_XX.wav,1047,TIE,DIS,disgust
1047_TIE_FEA_XX.wav,data/raw/CREMA-D/AudioWAV/1047_TIE_FEA_XX.wav,1047,TIE,FEA,fear
1047_TIE_HAP_XX.wav,data/raw/CREMA-D/AudioWAV/1047_TIE_HAP_XX.wav,1047,TIE,HAP,happy
1047_TIE_NEU_XX.wav,data/raw/CREMA-D/AudioWAV/1047_TIE_NEU_XX.wav,1047,TIE,NEU,neutral
1047_TIE_SAD_XX.wav,data/raw/CREMA-D/AudioWAV/1047_TIE_SAD_XX.wav,1047,TIE,SAD,sad
1047_TSI_ANG_XX.wav,data/raw/CREMA-D/AudioWAV/1047_TSI_ANG_XX.wav,1047,TSI,ANG,angry
1047_TSI_DIS_XX.wav,data/raw/CREMA-D/AudioWAV/1047_TSI_DIS_XX.wav,1047,TSI,DIS,disgust
1047_TSI_FEA_XX.wav,data/raw/CREMA-D/AudioWAV/1047_TSI_FEA_XX.wav,1047,TSI,FEA,fear
1047_TSI_HAP_XX.wav,data/raw/CREMA-D/AudioWAV/1047_TSI_HAP_XX.wav,1047,TSI,HAP,happy
1047_TSI_NEU_XX.wav,data/raw/CREMA-D/AudioWAV/1047_TSI_NEU_XX.wav,1047,TSI,NEU,neutral
1047_TSI_SAD_XX.wav,data/raw/CREMA-D/AudioWAV/1047_TSI_SAD_XX.wav,1047,TSI,SAD,sad
1047_WSI_ANG_XX.wav,data/raw/CREMA-D/AudioWAV/1047_WSI_ANG_XX.wav,1047,WSI,ANG,angry
1047_WSI_DIS_XX.wav,data/raw/CREMA-D/AudioWAV/1047_WSI_DIS_XX.wav,1047,WSI,DIS,disgust
1047_WSI_FEA_XX.wav,data/raw/CREMA-D/AudioWAV/1047_WSI_FEA_XX.wav,1047,WSI,FEA,fear
1047_WSI_HAP_XX.wav,data/raw/CREMA-D/AudioWAV/1047_WSI_HAP_XX.wav,1047,WSI,HAP,happy
1047_WSI_NEU_XX.wav,data/raw/CREMA-D/AudioWAV/1047_WSI_NEU_XX.wav,1047,WSI,NEU,neutral
1047_WSI_SAD_XX.wav,data/raw/CREMA-D/AudioWAV/1047_WSI_SAD_XX.wav,1047,WSI,SAD,sad
1048_DFA_ANG_XX.wav,data/raw/CREMA-D/AudioWAV/1048_DFA_ANG_XX.wav,1048,DFA,ANG,angry
1048_DFA_DIS_XX.wav,data/raw/CREMA-D/AudioWAV/1048_DFA_DIS_XX.wav,1048,DFA,DIS,disgust
1048_DFA_FEA_XX.wav,data/raw/CREMA-D/AudioWAV/1048_DFA_FEA_XX.wav,1048,DFA,FEA,fear
1048_DFA_HAP_XX.wav,data/raw/CREMA-D/AudioWAV/1048_DFA_HAP_XX.wav,1048,DFA,HAP,happy
1048_DFA_NEU_XX.wav,data/raw/CREMA-D/AudioWAV/1048_DFA_NEU_XX.wav,1048,DFA,NEU,neutral
1048_DFA_SAD_XX.wav,data/raw/CREMA-D/AudioWAV/1048_DFA_SAD_XX.wav,1048,DFA,SAD,sad
1048_IEO_ANG_HI.wav,data/raw/CREMA-D/AudioWAV/1048_IEO_ANG_HI.wav,1048,IEO,ANG,angry
1048_IEO_ANG_LO.wav,data/raw/CREMA-D/AudioWAV/1048_IEO_ANG_LO.wav,1048,IEO,ANG,angry
1048_IEO_ANG_MD.wav,data/raw/CREMA-D/AudioWAV/1048_IEO_ANG_MD.wav,1048,IEO,ANG,angry
1048_IEO_DIS_HI.wav,data/raw/CREMA-D/AudioWAV/1048_IEO_DIS_HI.wav,1048,IEO,DIS,disgust
1048_IEO_DIS_LO.wav,data/raw/CREMA-D/AudioWAV/1048_IEO_DIS_LO.wav,1048,IEO,DIS,disgust
1048_IEO_DIS_MD.wav,data/raw/CREMA-D/AudioWAV/1048_IEO_DIS_MD.wav,1048,IEO,DIS,disgust
1048_IEO_FEA_HI.wav,data/raw/CREMA-D/AudioWAV/1048_IEO_FEA_HI.wav,1048,IEO,FEA,fear
1048_IEO_FEA_LO.wav,data/raw/CREMA-D/AudioWAV/1048_IEO_FEA_LO.wav,1048,IEO,FEA,fear
1048_IEO_FEA_MD.wav,data/raw/CREMA-D/AudioWAV/1048_IEO_FEA_MD.wav,1048,IEO,FEA,fear
1048_IEO_HAP_HI.wav,data/raw/CREMA-D/AudioWAV/1048_IEO_HAP_HI.wav,1048,IEO,HAP,happy
1048_IEO_HAP_LO.wav,data/raw/CREMA-D/AudioWAV/1048_IEO_HAP_LO.wav,1048,IEO,HAP,happy
1048_IEO_HAP_MD.wav,data/raw/CREMA-D/AudioWAV/1048_IEO_HAP_MD.wav,1048,IEO,HAP,happy
1048_IEO_NEU_XX.wav,data/raw/CREMA-D/AudioWAV/1048_IEO_NEU_XX.wav,1048,IEO,NEU,neutral
1048_IEO_SAD_HI.wav,data/raw/CREMA-D/AudioWAV/1048_IEO_SAD_HI.wav,1048,IEO,SAD,sad
1048_IEO_SAD_LO.wav,data/raw/CREMA-D/AudioWAV/1048_IEO_SAD_LO.wav,1048,IEO,SAD,sad
1048_IEO_SAD_MD.wav,data/raw/CREMA-D/AudioWAV/1048_IEO_SAD_MD.wav,1048,IEO,SAD,sad
1048_IOM_ANG_XX.wav,data/raw/CREMA-D/AudioWAV/1048_IOM_ANG_XX.wav,1048,IOM,ANG,angry
1048_IOM_DIS_XX.wav,data/raw/CREMA-D/AudioWAV/1048_IOM_DIS_XX.wav,1048,IOM,DIS,disgust
1048_IOM_FEA_XX.wav,data/raw/CREMA-D/AudioWAV/1048_IOM_FEA_XX.wav,1048,IOM,FEA,fear
1048_IOM_HAP_XX.wav,data/raw/CREMA-D/AudioWAV/1048_IOM_HAP_XX.wav,1048,IOM,HAP,happy
1048_IOM_NEU_XX.wav,data/raw/CREMA-D/AudioWAV/1048_IOM_NEU_XX.wav,1048,IOM,NEU,neutral
1048_IOM_SAD_XX.wav,data/raw/CREMA-D/AudioWAV/1048_IOM_SAD_XX.wav,1048,IOM,SAD,sad
1048_ITH_ANG_XX.wav,data/raw/CREMA-D/AudioWAV/1048_ITH_ANG_XX.wav,1048,ITH,ANG,angry
1048_ITH_DIS_XX.wav,data/raw/CREMA-D/AudioWAV/1048_ITH_DIS_XX.wav,1048,ITH,DIS,disgust
1048_ITH_FEA_XX.wav,data/raw/CREMA-D/AudioWAV/1048_ITH_FEA_XX.wav,1048,ITH,FEA,fear
1048_ITH_HAP_XX.wav,data/raw/CREMA-D/AudioWAV/1048_ITH_HAP_XX.wav,1048,ITH,HAP,happy
1048_ITH_NEU_XX.wav,data/raw/CREMA-D/AudioWAV/1048_ITH_NEU_XX.wav,1048,ITH,NEU,neutral
1048_ITH_SAD_XX.wav,data/raw/CREMA-D/AudioWAV/1048_ITH_SAD_XX.wav,1048,ITH,SAD,sad
1048_ITS_ANG_XX.wav,data/raw/CREMA-D/AudioWAV/1048_ITS_ANG_XX.wav,1048,ITS,ANG,angry
1048_ITS_DIS_XX.wav,data/raw/CREMA-D/AudioWAV/1048_ITS_DIS_XX.wav,1048,ITS,DIS,disgust
1048_ITS_FEA_XX.wav,data/raw/CREMA-D/AudioWAV/1048_ITS_FEA_XX.wav,1048,ITS,FEA,fear
1048_ITS_HAP_XX.wav,data/raw/CREMA-D/AudioWAV/1048_ITS_HAP_XX.wav,1048,ITS,HAP,happy
1048_ITS_NEU_XX.wav,data/raw/CREMA-D/AudioWAV/1048_ITS_NEU_XX.wav,1048,ITS,NEU,neutral
1048_ITS_SAD_XX.wav,data/raw/CREMA-D/AudioWAV/1048_ITS_SAD_XX.wav,1048,ITS,SAD,sad
1048_IWL_ANG_XX.wav,data/raw/CREMA-D/AudioWAV/1048_IWL_ANG_XX.wav,1048,IWL,ANG,angry
1048_IWL_DIS_XX.wav,data/raw/CREMA-D/AudioWAV/1048_IWL_DIS_XX.wav,1048,IWL,DIS,disgust
1048_IWL_FEA_XX.wav,data/raw/CREMA-D/AudioWAV/1048_IWL_FEA_XX.wav,1048,IWL,FEA,fear
1048_IWL_HAP_XX.wav,data/raw/CREMA-D/AudioWAV/1048_IWL_HAP_XX.wav,1048,IWL,HAP,happy
1048_IWL_NEU_XX.wav,data/raw/CREMA-D/AudioWAV/1048_IWL_NEU_XX.wav,1048,IWL,NEU,neutral
1048_IWL_SAD_XX.wav,data/raw/CREMA-D/AudioWAV/1048_IWL_SAD_XX.wav,1048,IWL,SAD,sad
1048_IWW_ANG_XX.wav,data/raw/CREMA-D/AudioWAV/1048_IWW_ANG_XX.wav,1048,IWW,ANG,angry
1048_IWW_DIS_XX.wav,data/raw/CREMA-D/AudioWAV/1048_IWW_DIS_XX.wav,1048,IWW,DIS,disgust
1048_IWW_FEA_XX.wav,data/raw/CREMA-D/AudioWAV/1048_IWW_FEA_XX.wav,1048,IWW,FEA,fear
1048_IWW_HAP_XX.wav,data/raw/CREMA-D/AudioWAV/1048_IWW_HAP_XX.wav,1048,IWW,HAP,happy
1048_IWW_NEU_XX.wav,data/raw/CREMA-D/AudioWAV/1048_IWW_NEU_XX.wav,1048,IWW,NEU,neutral
1048_IWW_SAD_XX.wav,data/raw/CREMA-D/AudioWAV/1048_IWW_SAD_XX.wav,1048,IWW,SAD,sad
1048_MTI_ANG_XX.wav,data/raw/CREMA-D/AudioWAV/1048_MTI_ANG_XX.wav,1048,MTI,ANG,angry
1048_MTI_DIS_XX.wav,data/raw/CREMA-D/AudioWAV/1048_MTI_DIS_XX.wav,1048,MTI,DIS,disgust
1048_MTI_FEA_XX.wav,data/raw/CREMA-D/AudioWAV/1048_MTI_FEA_XX.wav,1048,MTI,FEA,fear
1048_MTI_HAP_XX.wav,data/raw/CREMA-D/AudioWAV/1048_MTI_HAP_XX.wav,1048,MTI,HAP,happy
1048_MTI_NEU_XX.wav,data/raw/CREMA-D/AudioWAV/1048_MTI_NEU_XX.wav,1048,MTI,NEU,neutral
1048_MTI_SAD_XX.wav,data/raw/CREMA-D/AudioWAV/1048_MTI_SAD_XX.wav,1048,MTI,SAD,sad
1048_TAI_ANG_XX.wav,data/raw/CREMA-D/AudioWAV/1048_TAI_ANG_XX.wav,1048,TAI,ANG,angry
1048_TAI_DIS_XX.wav,data/raw/CREMA-D/AudioWAV/1048_TAI_DIS_XX.wav,1048,TAI,DIS,disgust
1048_TAI_FEA_XX.wav,data/raw/CREMA-D/AudioWAV/1048_TAI_FEA_XX.wav,1048,TAI,FEA,fear
1048_TAI_HAP_XX.wav,data/raw/CREMA-D/AudioWAV/1048_TAI_HAP_XX.wav,1048,TAI,HAP,happy
1048_TAI_NEU_XX.wav,data/raw/CREMA-D/AudioWAV/1048_TAI_NEU_XX.wav,1048,TAI,NEU,neutral
1048_TAI_SAD_XX.wav,data/raw/CREMA-D/AudioWAV/1048_TAI_SAD_XX.wav,1048,TAI,SAD,sad
1048_TIE_ANG_XX.wav,data/raw/CREMA-D/AudioWAV/1048_TIE_ANG_XX.wav,1048,TIE,ANG,angry
1048_TIE_DIS_XX.wav,data/raw/CREMA-D/AudioWAV/1048_TIE_DIS_XX.wav,1048,TIE,DIS,disgust
1048_TIE_FEA_XX.wav,data/raw/CREMA-D/AudioWAV/1048_TIE_FEA_XX.wav,1048,TIE,FEA,fear
1048_TIE_HAP_XX.wav,data/raw/CREMA-D/AudioWAV/1048_TIE_HAP_XX.wav,1048,TIE,HAP,happy
1048_TIE_NEU_XX.wav,data/raw/CREMA-D/AudioWAV/1048_TIE_NEU_XX.wav,1048,TIE,NEU,neutral
1048_TIE_SAD_XX.wav,data/raw/CREMA-D/AudioWAV/1048_TIE_SAD_XX.wav,1048,TIE,SAD,sad
1048_TSI_ANG_XX.wav,data/raw/CREMA-D/AudioWAV/1048_TSI_ANG_XX.wav,1048,TSI,ANG,angry
1048_TSI_DIS_XX.wav,data/raw/CREMA-D/AudioWAV/1048_TSI_DIS_XX.wav,1048,TSI,DIS,disgust
1048_TSI_FEA_XX.wav,data/raw/CREMA-D/AudioWAV/1048_TSI_FEA_XX.wav,1048,TSI,FEA,fear
1048_TSI_HAP_XX.wav,data/raw/CREMA-D/AudioWAV/1048_TSI_HAP_XX.wav,1048,TSI,HAP,happy
1048_TSI_NEU_XX.wav,data/raw/CREMA-D/AudioWAV/1048_TSI_NEU_XX.wav,1048,TSI,NEU,neutral
1048_TSI_SAD_XX.wav,data/raw/CREMA-D/AudioWAV/1048_TSI_SAD_XX.wav,1048,TSI,SAD,sad
1048_WSI_ANG_XX.wav,data/raw/CREMA-D/AudioWAV/1048_WSI_ANG_XX.wav,1048,WSI,ANG,angry
1048_WSI_DIS_XX.wav,data/raw/CREMA-D/AudioWAV/1048_WSI_DIS_XX.wav,1048,WSI,DIS,disgust
1048_WSI_FEA_XX.wav,data/raw/CREMA-D/AudioWAV/1048_WSI_FEA_XX.wav,1048,WSI,FEA,fear
1048_WSI_HAP_XX.wav,data/raw/CREMA-D/AudioWAV/1048_WSI_HAP_XX.wav,1048,WSI,HAP,happy
1048_WSI_NEU_XX.wav,data/raw/CREMA-D/AudioWAV/1048_WSI_NEU_XX.wav,1048,WSI,NEU,neutral
1048_WSI_SAD_XX.wav,data/raw/CREMA-D/AudioWAV/1048_WSI_SAD_XX.wav,1048,WSI,SAD,sad
1049_DFA_ANG_XX.wav,data/raw/CREMA-D/AudioWAV/1049_DFA_ANG_XX.wav,1049,DFA,ANG,angry
1049_DFA_DIS_XX.wav,data/raw/CREMA-D/AudioWAV/1049_DFA_DIS_XX.wav,1049,DFA,DIS,disgust
1049_DFA_FEA_XX.wav,data/raw/CREMA-D/AudioWAV/1049_DFA_FEA_XX.wav,1049,DFA,FEA,fear
1049_DFA_HAP_XX.wav,data/raw/CREMA-D/AudioWAV/1049_DFA_HAP_XX.wav,1049,DFA,HAP,happy
1049_DFA_NEU_XX.wav,data/raw/CREMA-D/AudioWAV/1049_DFA_NEU_XX.wav,1049,DFA,NEU,neutral
1049_DFA_SAD_XX.wav,data/raw/CREMA-D/AudioWAV/1049_DFA_SAD_XX.wav,1049,DFA,SAD,sad
1049_IEO_ANG_HI.wav,data/raw/CREMA-D/AudioWAV/1049_IEO_ANG_HI.wav,1049,IEO,ANG,angry
1049_IEO_ANG_LO.wav,data/raw/CREMA-D/AudioWAV/1049_IEO_ANG_LO.wav,1049,IEO,ANG,angry
1049_IEO_ANG_MD.wav,data/raw/CREMA-D/AudioWAV/1049_IEO_ANG_MD.wav,1049,IEO,ANG,angry
1049_IEO_DIS_HI.wav,data/raw/CREMA-D/AudioWAV/1049_IEO_DIS_HI.wav,1049,IEO,DIS,disgust
1049_IEO_DIS_LO.wav,data/raw/CREMA-D/AudioWAV/1049_IEO_DIS_LO.wav,1049,IEO,DIS,disgust
1049_IEO_DIS_MD.wav,data/raw/CREMA-D/AudioWAV/1049_IEO_DIS_MD.wav,1049,IEO,DIS,disgust
1049_IEO_FEA_HI.wav,data/raw/CREMA-D/AudioWAV/1049_IEO_FEA_HI.wav,1049,IEO,FEA,fear
1049_IEO_FEA_LO.wav,data/raw/CREMA-D/AudioWAV/1049_IEO_FEA_LO.wav,1049,IEO,FEA,fear
1049_IEO_FEA_MD.wav,data/raw/CREMA-D/AudioWAV/1049_IEO_FEA_MD.wav,1049,IEO,FEA,fear
1049_IEO_HAP_HI.wav,data/raw/CREMA-D/AudioWAV/1049_IEO_HAP_HI.wav,1049,IEO,HAP,happy
1049_IEO_HAP_LO.wav,data/raw/CREMA-D/AudioWAV/1049_IEO_HAP_LO.wav,1049,IEO,HAP,happy
1049_IEO_HAP_MD.wav,data/raw/CREMA-D/AudioWAV/1049_IEO_HAP_MD.wav,1049,IEO,HAP,happy
1049_IEO_NEU_XX.wav,data/raw/CREMA-D/AudioWAV/1049_IEO_NEU_XX.wav,1049,IEO,NEU,neutral
1049_IEO_SAD_HI.wav,data/raw/CREMA-D/AudioWAV/1049_IEO_SAD_HI.wav,1049,IEO,SAD,sad
1049_IEO_SAD_LO.wav,data/raw/CREMA-D/AudioWAV/1049_IEO_SAD_LO.wav,1049,IEO,SAD,sad
1049_IEO_SAD_MD.wav,data/raw/CREMA-D/AudioWAV/1049_IEO_SAD_MD.wav,1049,IEO,SAD,sad
1049_IOM_ANG_XX.wav,data/raw/CREMA-D/AudioWAV/1049_IOM_ANG_XX.wav,1049,IOM,ANG,angry
1049_IOM_DIS_XX.wav,data/raw/CREMA-D/AudioWAV/1049_IOM_DIS_XX.wav,1049,IOM,DIS,disgust
1049_IOM_FEA_XX.wav,data/raw/CREMA-D/AudioWAV/1049_IOM_FEA_XX.wav,1049,IOM,FEA,fear
1049_IOM_HAP_XX.wav,data/raw/CREMA-D/AudioWAV/1049_IOM_HAP_XX.wav,1049,IOM,HAP,happy
1049_IOM_NEU_XX.wav,data/raw/CREMA-D/AudioWAV/1049_IOM_NEU_XX.wav,1049,IOM,NEU,neutral
1049_IOM_SAD_XX.wav,data/raw/CREMA-D/AudioWAV/1049_IOM_SAD_XX.wav,1049,IOM,SAD,sad
1049_ITH_ANG_XX.wav,data/raw/CREMA-D/AudioWAV/1049_ITH_ANG_XX.wav,1049,ITH,ANG,angry
1049_ITH_DIS_XX.wav,data/raw/CREMA-D/AudioWAV/1049_ITH_DIS_XX.wav,1049,ITH,DIS,disgust
1049_ITH_FEA_XX.wav,data/raw/CREMA-D/AudioWAV/1049_ITH_FEA_XX.wav,1049,ITH,FEA,fear
1049_ITH_HAP_XX.wav,data/raw/CREMA-D/AudioWAV/1049_ITH_HAP_XX.wav,1049,ITH,HAP,happy
1049_ITH_NEU_XX.wav,data/raw/CREMA-D/AudioWAV/1049_ITH_NEU_XX.wav,1049,ITH,NEU,neutral
1049_ITH_SAD_XX.wav,data/raw/CREMA-D/AudioWAV/1049_ITH_SAD_XX.wav,1049,ITH,SAD,sad
1049_ITS_ANG_XX.wav,data/raw/CREMA-D/AudioWAV/1049_ITS_ANG_XX.wav,1049,ITS,ANG,angry
1049_ITS_DIS_XX.wav,data/raw/CREMA-D/AudioWAV/1049_ITS_DIS_XX.wav,1049,ITS,DIS,disgust
1049_ITS_FEA_XX.wav,data/raw/CREMA-D/AudioWAV/1049_ITS_FEA_XX.wav,1049,ITS,FEA,fear
1049_ITS_HAP_XX.wav,data/raw/CREMA-D/AudioWAV/1049_ITS_HAP_XX.wav,1049,ITS,HAP,happy
1049_ITS_NEU_XX.wav,data/raw/CREMA-D/AudioWAV/1049_ITS_NEU_XX.wav,1049,ITS,NEU,neutral
1049_ITS_SAD_XX.wav,data/raw/CREMA-D/AudioWAV/1049_ITS_SAD_XX.wav,1049,ITS,SAD,sad
1049_IWL_ANG_XX.wav,data/raw/CREMA-D/AudioWAV/1049_IWL_ANG_XX.wav,1049,IWL,ANG,angry
1049_IWL_DIS_XX.wav,data/raw/CREMA-D/AudioWAV/1049_IWL_DIS_XX.wav,1049,IWL,DIS,disgust
1049_IWL_FEA_XX.wav,data/raw/CREMA-D/AudioWAV/1049_IWL_FEA_XX.wav,1049,IWL,FEA,fear
1049_IWL_HAP_XX.wav,data/raw/CREMA-D/AudioWAV/1049_IWL_HAP_XX.wav,1049,IWL,HAP,happy
1049_IWL_NEU_XX.wav,data/raw/CREMA-D/AudioWAV/1049_IWL_NEU_XX.wav,1049,IWL,NEU,neutral
1049_IWL_SAD_XX.wav,data/raw/CREMA-D/AudioWAV/1049_IWL_SAD_XX.wav,1049,IWL,SAD,sad
1049_IWW_ANG_XX.wav,data/raw/CREMA-D/AudioWAV/1049_IWW_ANG_XX.wav,1049,IWW,ANG,angry
1049_IWW_DIS_XX.wav,data/raw/CREMA-D/AudioWAV/1049_IWW_DIS_XX.wav,1049,IWW,DIS,disgust
1049_IWW_FEA_XX.wav,data/raw/CREMA-D/AudioWAV/1049_IWW_FEA_XX.wav,1049,IWW,FEA,fear
1049_IWW_HAP_XX.wav,data/raw/CREMA-D/AudioWAV/1049_IWW_HAP_XX.wav,1049,IWW,HAP,happy
1049_IWW_NEU_XX.wav,data/raw/CREMA-D/AudioWAV/1049_IWW_NEU_XX.wav,1049,IWW,NEU,neutral
1049_IWW_SAD_XX.wav,data/raw/CREMA-D/AudioWAV/1049_IWW_SAD_XX.wav,1049,IWW,SAD,sad
1049_MTI_ANG_XX.wav,data/raw/CREMA-D/AudioWAV/1049_MTI_ANG_XX.wav,1049,MTI,ANG,angry
1049_MTI_DIS_XX.wav,data/raw/CREMA-D/AudioWAV/1049_MTI_DIS_XX.wav,1049,MTI,DIS,disgust
1049_MTI_FEA_XX.wav,data/raw/CREMA-D/AudioWAV/1049_MTI_FEA_XX.wav,1049,MTI,FEA,fear
1049_MTI_HAP_XX.wav,data/raw/CREMA-D/AudioWAV/1049_MTI_HAP_XX.wav,1049,MTI,HAP,happy
1049_MTI_NEU_XX.wav,data/raw/CREMA-D/AudioWAV/1049_MTI_NEU_XX.wav,1049,MTI,NEU,neutral
1049_MTI_SAD_XX.wav,data/raw/CREMA-D/AudioWAV/1049_MTI_SAD_XX.wav,1049,MTI,SAD,sad
1049_TAI_ANG_XX.wav,data/raw/CREMA-D/AudioWAV/1049_TAI_ANG_XX.wav,1049,TAI,ANG,angry
1049_TAI_DIS_XX.wav,data/raw/CREMA-D/AudioWAV/1049_TAI_DIS_XX.wav,1049,TAI,DIS,disgust
1049_TAI_FEA_XX.wav,data/raw/CREMA-D/AudioWAV/1049_TAI_FEA_XX.wav,1049,TAI,FEA,fear
1049_TAI_HAP_XX.wav,data/raw/CREMA-D/AudioWAV/1049_TAI_HAP_XX.wav,1049,TAI,HAP,happy
1049_TAI_NEU_XX.wav,data/raw/CREMA-D/AudioWAV/1049_TAI_NEU_XX.wav,1049,TAI,NEU,neutral
1049_TAI_SAD_XX.wav,data/raw/CREMA-D/AudioWAV/1049_TAI_SAD_XX.wav,1049,TAI,SAD,sad
1049_TIE_ANG_XX.wav,data/raw/CREMA-D/AudioWAV/1049_TIE_ANG_XX.wav,1049,TIE,ANG,angry
1049_TIE_DIS_XX.wav,data/raw/CREMA-D/AudioWAV/1049_TIE_DIS_XX.wav,1049,TIE,DIS,disgust
1049_TIE_FEA_XX.wav,data/raw/CREMA-D/AudioWAV/1049_TIE_FEA_XX.wav,1049,TIE,FEA,fear
1049_TIE_HAP_XX.wav,data/raw/CREMA-D/AudioWAV/1049_TIE_HAP_XX.wav,1049,TIE,HAP,happy
1049_TIE_NEU_XX.wav,data/raw/CREMA-D/AudioWAV/1049_TIE_NEU_XX.wav,1049,TIE,NEU,neutral
1049_TIE_SAD_XX.wav,data/raw/CREMA-D/AudioWAV/1049_TIE_SAD_XX.wav,1049,TIE,SAD,sad
1049_TSI_ANG_XX.wav,data/raw/CREMA-D/AudioWAV/1049_TSI_ANG_XX.wav,1049,TSI,ANG,angry
1049_TSI_DIS_XX.wav,data/raw/CREMA-D/AudioWAV/1049_TSI_DIS_XX.wav,1049,TSI,DIS,disgust
1049_TSI_FEA_XX.wav,data/raw/CREMA-D/AudioWAV/1049_TSI_FEA_XX.wav,1049,TSI,FEA,fear
1049_TSI_HAP_XX.wav,data/raw/CREMA-D/AudioWAV/1049_TSI_HAP_XX.wav,1049,TSI,HAP,happy
1049_TSI_NEU_XX.wav,data/raw/CREMA-D/AudioWAV/1049_TSI_NEU_XX.wav,1049,TSI,NEU,neutral
1049_TSI_SAD_XX.wav,data/raw/CREMA-D/AudioWAV/1049_TSI_SAD_XX.wav,1049,TSI,SAD,sad
1049_WSI_ANG_XX.wav,data/raw/CREMA-D/AudioWAV/1049_WSI_ANG_XX.wav,1049,WSI,ANG,angry
1049_WSI_DIS_XX.wav,data/raw/CREMA-D/AudioWAV/1049_WSI_DIS_XX.wav,1049,WSI,DIS,disgust
1049_WSI_FEA_XX.wav,data/raw/CREMA-D/AudioWAV/1049_WSI_FEA_XX.wav,1049,WSI,FEA,fear
1049_WSI_HAP_XX.wav,data/raw/CREMA-D/AudioWAV/1049_WSI_HAP_XX.wav,1049,WSI,HAP,happy
1049_WSI_NEU_XX.wav,data/raw/CREMA-D/AudioWAV/1049_WSI_NEU_XX.wav,1049,WSI,NEU,neutral
1049_WSI_SAD_XX.wav,data/raw/CREMA-D/AudioWAV/1049_WSI_SAD_XX.wav,1049,WSI,SAD,sad
1051_DFA_ANG_XX.wav,data/raw/CREMA-D/AudioWAV/1051_DFA_ANG_XX.wav,1051,DFA,ANG,angry
1051_DFA_DIS_XX.wav,data/raw/CREMA-D/AudioWAV/1051_DFA_DIS_XX.wav,1051,DFA,DIS,disgust
1051_DFA_FEA_XX.wav,data/raw/CREMA-D/AudioWAV/1051_DFA_FEA_XX.wav,1051,DFA,FEA,fear
1051_DFA_HAP_XX.wav,data/raw/CREMA-D/AudioWAV/1051_DFA_HAP_XX.wav,1051,DFA,HAP,happy
1051_DFA_NEU_XX.wav,data/raw/CREMA-D/AudioWAV/1051_DFA_NEU_XX.wav,1051,DFA,NEU,neutral
1051_DFA_SAD_XX.wav,data/raw/CREMA-D/AudioWAV/1051_DFA_SAD_XX.wav,1051,DFA,SAD,sad
1051_IEO_ANG_HI.wav,data/raw/CREMA-D/AudioWAV/1051_IEO_ANG_HI.wav,1051,IEO,ANG,angry
1051_IEO_ANG_LO.wav,data/raw/CREMA-D/AudioWAV/1051_IEO_ANG_LO.wav,1051,IEO,ANG,angry
1051_IEO_ANG_MD.wav,data/raw/CREMA-D/AudioWAV/1051_IEO_ANG_MD.wav,1051,IEO,ANG,angry
1051_IEO_DIS_HI.wav,data/raw/CREMA-D/AudioWAV/1051_IEO_DIS_HI.wav,1051,IEO,DIS,disgust
1051_IEO_DIS_LO.wav,data/raw/CREMA-D/AudioWAV/1051_IEO_DIS_LO.wav,1051,IEO,DIS,disgust
1051_IEO_DIS_MD.wav,data/raw/CREMA-D/AudioWAV/1051_IEO_DIS_MD.wav,1051,IEO,DIS,disgust
1051_IEO_FEA_HI.wav,data/raw/CREMA-D/AudioWAV/1051_IEO_FEA_HI.wav,1051,IEO,FEA,fear
1051_IEO_FEA_LO.wav,data/raw/CREMA-D/AudioWAV/1051_IEO_FEA_LO.wav,1051,IEO,FEA,fear
1051_IEO_FEA_MD.wav,data/raw/CREMA-D/AudioWAV/1051_IEO_FEA_MD.wav,1051,IEO,FEA,fear
1051_IEO_HAP_HI.wav,data/raw/CREMA-D/AudioWAV/1051_IEO_HAP_HI.wav,1051,IEO,HAP,happy
1051_IEO_HAP_LO.wav,data/raw/CREMA-D/AudioWAV/1051_IEO_HAP_LO.wav,1051,IEO,HAP,happy
1051_IEO_HAP_MD.wav,data/raw/CREMA-D/AudioWAV/1051_IEO_HAP_MD.wav,1051,IEO,HAP,happy
1051_IEO_NEU_XX.wav,data/raw/CREMA-D/AudioWAV/1051_IEO_NEU_XX.wav,1051,IEO,NEU,neutral
1051_IEO_SAD_HI.wav,data/raw/CREMA-D/AudioWAV/1051_IEO_SAD_HI.wav,1051,IEO,SAD,sad
1051_IEO_SAD_LO.wav,data/raw/CREMA-D/AudioWAV/1051_IEO_SAD_LO.wav,1051,IEO,SAD,sad
1051_IEO_SAD_MD.wav,data/raw/CREMA-D/AudioWAV/1051_IEO_SAD_MD.wav,1051,IEO,SAD,sad
1051_IOM_ANG_XX.wav,data/raw/CREMA-D/AudioWAV/1051_IOM_ANG_XX.wav,1051,IOM,ANG,angry
1051_IOM_DIS_XX.wav,data/raw/CREMA-D/AudioWAV/1051_IOM_DIS_XX.wav,1051,IOM,DIS,disgust
1051_IOM_FEA_XX.wav,data/raw/CREMA-D/AudioWAV/1051_IOM_FEA_XX.wav,1051,IOM,FEA,fear
1051_IOM_HAP_XX.wav,data/raw/CREMA-D/AudioWAV/1051_IOM_HAP_XX.wav,1051,IOM,HAP,happy
1051_IOM_NEU_XX.wav,data/raw/CREMA-D/AudioWAV/1051_IOM_NEU_XX.wav,1051,IOM,NEU,neutral
1051_IOM_SAD_XX.wav,data/raw/CREMA-D/AudioWAV/1051_IOM_SAD_XX.wav,1051,IOM,SAD,sad
1051_ITH_ANG_XX.wav,data/raw/CREMA-D/AudioWAV/1051_ITH_ANG_XX.wav,1051,ITH,ANG,angry
1051_ITH_DIS_XX.wav,data/raw/CREMA-D/AudioWAV/1051_ITH_DIS_XX.wav,1051,ITH,DIS,disgust
1051_ITH_FEA_XX.wav,data/raw/CREMA-D/AudioWAV/1051_ITH_FEA_XX.wav,1051,ITH,FEA,fear
1051_ITH_HAP_XX.wav,data/raw/CREMA-D/AudioWAV/1051_ITH_HAP_XX.wav,1051,ITH,HAP,happy
1051_ITH_NEU_XX.wav,data/raw/CREMA-D/AudioWAV/1051_ITH_NEU_XX.wav,1051,ITH,NEU,neutral
1051_ITH_SAD_XX.wav,data/raw/CREMA-D/AudioWAV/1051_ITH_SAD_XX.wav,1051,ITH,SAD,sad
1051_ITS_ANG_XX.wav,data/raw/CREMA-D/AudioWAV/1051_ITS_ANG_XX.wav,1051,ITS,ANG,angry
1051_ITS_DIS_XX.wav,data/raw/CREMA-D/AudioWAV/1051_ITS_DIS_XX.wav,1051,ITS,DIS,disgust
1051_ITS_FEA_XX.wav,data/raw/CREMA-D/AudioWAV/1051_ITS_FEA_XX.wav,1051,ITS,FEA,fear
1051_ITS_HAP_XX.wav,data/raw/CREMA-D/AudioWAV/1051_ITS_HAP_XX.wav,1051,ITS,HAP,happy
1051_ITS_NEU_XX.wav,data/raw/CREMA-D/AudioWAV/1051_ITS_NEU_XX.wav,1051,ITS,NEU,neutral
1051_ITS_SAD_XX.wav,data/raw/CREMA-D/AudioWAV/1051_ITS_SAD_XX.wav,1051,ITS,SAD,sad
1051_IWL_ANG_XX.wav,data/raw/CREMA-D/AudioWAV/1051_IWL_ANG_XX.wav,1051,IWL,ANG,angry
1051_IWL_DIS_XX.wav,data/raw/CREMA-D/AudioWAV/1051_IWL_DIS_XX.wav,1051,IWL,DIS,disgust
1051_IWL_FEA_XX.wav,data/raw/CREMA-D/AudioWAV/1051_IWL_FEA_XX.wav,1051,IWL,FEA,fear
1051_IWL_HAP_XX.wav,data/raw/CREMA-D/AudioWAV/1051_IWL_HAP_XX.wav,1051,IWL,HAP,happy
1051_IWL_NEU_XX.wav,data/raw/CREMA-D/AudioWAV/1051_IWL_NEU_XX.wav,1051,IWL,NEU,neutral
1051_IWL_SAD_XX.wav,data/raw/CREMA-D/AudioWAV/1051_IWL_SAD_XX.wav,1051,IWL,SAD,sad
1051_IWW_ANG_XX.wav,data/raw/CREMA-D/AudioWAV/1051_IWW_ANG_XX.wav,1051,IWW,ANG,angry
1051_IWW_DIS_XX.wav,data/raw/CREMA-D/AudioWAV/1051_IWW_DIS_XX.wav,1051,IWW,DIS,disgust
1051_IWW_FEA_XX.wav,data/raw/CREMA-D/AudioWAV/1051_IWW_FEA_XX.wav,1051,IWW,FEA,fear
1051_IWW_HAP_XX.wav,data/raw/CREMA-D/AudioWAV/1051_IWW_HAP_XX.wav,1051,IWW,HAP,happy
1051_IWW_NEU_XX.wav,data/raw/CREMA-D/AudioWAV/1051_IWW_NEU_XX.wav,1051,IWW,NEU,neutral
1051_IWW_SAD_XX.wav,data/raw/CREMA-D/AudioWAV/1051_IWW_SAD_XX.wav,1051,IWW,SAD,sad
1051_MTI_ANG_XX.wav,data/raw/CREMA-D/AudioWAV/1051_MTI_ANG_XX.wav,1051,MTI,ANG,angry
1051_MTI_DIS_XX.wav,data/raw/CREMA-D/AudioWAV/1051_MTI_DIS_XX.wav,1051,MTI,DIS,disgust
1051_MTI_FEA_XX.wav,data/raw/CREMA-D/AudioWAV/1051_MTI_FEA_XX.wav,1051,MTI,FEA,fear
1051_MTI_HAP_XX.wav,data/raw/CREMA-D/AudioWAV/1051_MTI_HAP_XX.wav,1051,MTI,HAP,happy
1051_MTI_NEU_XX.wav,data/raw/CREMA-D/AudioWAV/1051_MTI_NEU_XX.wav,1051,MTI,NEU,neutral
1051_MTI_SAD_XX.wav,data/raw/CREMA-D/AudioWAV/1051_MTI_SAD_XX.wav,1051,MTI,SAD,sad
1051_TAI_ANG_XX.wav,data/raw/CREMA-D/AudioWAV/1051_TAI_ANG_XX.wav,1051,TAI,ANG,angry
1051_TAI_DIS_XX.wav,data/raw/CREMA-D/AudioWAV/1051_TAI_DIS_XX.wav,1051,TAI,DIS,disgust
1051_TAI_FEA_XX.wav,data/raw/CREMA-D/AudioWAV/1051_TAI_FEA_XX.wav,1051,TAI,FEA,fear
1051_TAI_HAP_XX.wav,data/raw/CREMA-D/AudioWAV/1051_TAI_HAP_XX.wav,1051,TAI,HAP,happy
1051_TAI_NEU_XX.wav,data/raw/CREMA-D/AudioWAV/1051_TAI_NEU_XX.wav,1051,TAI,NEU,neutral
1051_TAI_SAD_XX.wav,data/raw/CREMA-D/AudioWAV/1051_TAI_SAD_XX.wav,1051,TAI,SAD,sad
1051_TIE_ANG_XX.wav,data/raw/CREMA-D/AudioWAV/1051_TIE_ANG_XX.wav,1051,TIE,ANG,angry
1051_TIE_DIS_XX.wav,data/raw/CREMA-D/AudioWAV/1051_TIE_DIS_XX.wav,1051,TIE,DIS,disgust
1051_TIE_FEA_XX.wav,data/raw/CREMA-D/AudioWAV/1051_TIE_FEA_XX.wav,1051,TIE,FEA,fear
1051_TIE_HAP_XX.wav,data/raw/CREMA-D/AudioWAV/1051_TIE_HAP_XX.wav,1051,TIE,HAP,happy
1051_TIE_NEU_XX.wav,data/raw/CREMA-D/AudioWAV/1051_TIE_NEU_XX.wav,1051,TIE,NEU,neutral
1051_TIE_SAD_XX.wav,data/raw/CREMA-D/AudioWAV/1051_TIE_SAD_XX.wav,1051,TIE,SAD,sad
1051_TSI_ANG_XX.wav,data/raw/CREMA-D/AudioWAV/1051_TSI_ANG_XX.wav,1051,TSI,ANG,angry
1051_TSI_DIS_XX.wav,data/raw/CREMA-D/AudioWAV/1051_TSI_DIS_XX.wav,1051,TSI,DIS,disgust
1051_TSI_FEA_XX.wav,data/raw/CREMA-D/AudioWAV/1051_TSI_FEA_XX.wav,1051,TSI,FEA,fear
1051_TSI_HAP_XX.wav,data/raw/CREMA-D/AudioWAV/1051_TSI_HAP_XX.wav,1051,TSI,HAP,happy
1051_TSI_NEU_XX.wav,data/raw/CREMA-D/AudioWAV/1051_TSI_NEU_XX.wav,1051,TSI,NEU,neutral
1051_TSI_SAD_XX.wav,data/raw/CREMA-D/AudioWAV/1051_TSI_SAD_XX.wav,1051,TSI,SAD,sad
1051_WSI_ANG_XX.wav,data/raw/CREMA-D/AudioWAV/1051_WSI_ANG_XX.wav,1051,WSI,ANG,angry
1051_WSI_DIS_XX.wav,data/raw/CREMA-D/AudioWAV/1051_WSI_DIS_XX.wav,1051,WSI,DIS,disgust
1051_WSI_FEA_XX.wav,data/raw/CREMA-D/AudioWAV/1051_WSI_FEA_XX.wav,1051,WSI,FEA,fear
1051_WSI_HAP_XX.wav,data/raw/CREMA-D/AudioWAV/1051_WSI_HAP_XX.wav,1051,WSI,HAP,happy
1051_WSI_NEU_XX.wav,data/raw/CREMA-D/AudioWAV/1051_WSI_NEU_XX.wav,1051,WSI,NEU,neutral
1051_WSI_SAD_XX.wav,data/raw/CREMA-D/AudioWAV/1051_WSI_SAD_XX.wav,1051,WSI,SAD,sad
1052_DFA_ANG_XX.wav,data/raw/CREMA-D/AudioWAV/1052_DFA_ANG_XX.wav,1052,DFA,ANG,angry
1052_DFA_DIS_XX.wav,data/raw/CREMA-D/AudioWAV/1052_DFA_DIS_XX.wav,1052,DFA,DIS,disgust
1052_DFA_FEA_XX.wav,data/raw/CREMA-D/AudioWAV/1052_DFA_FEA_XX.wav,1052,DFA,FEA,fear
1052_DFA_HAP_XX.wav,data/raw/CREMA-D/AudioWAV/1052_DFA_HAP_XX.wav,1052,DFA,HAP,happy
1052_DFA_NEU_XX.wav,data/raw/CREMA-D/AudioWAV/1052_DFA_NEU_XX.wav,1052,DFA,NEU,neutral
1052_DFA_SAD_XX.wav,data/raw/CREMA-D/AudioWAV/1052_DFA_SAD_XX.wav,1052,DFA,SAD,sad
1052_IEO_ANG_HI.wav,data/raw/CREMA-D/AudioWAV/1052_IEO_ANG_HI.wav,1052,IEO,ANG,angry
1052_IEO_ANG_LO.wav,data/raw/CREMA-D/AudioWAV/1052_IEO_ANG_LO.wav,1052,IEO,ANG,angry
1052_IEO_ANG_MD.wav,data/raw/CREMA-D/AudioWAV/1052_IEO_ANG_MD.wav,1052,IEO,ANG,angry
1052_IEO_DIS_HI.wav,data/raw/CREMA-D/AudioWAV/1052_IEO_DIS_HI.wav,1052,IEO,DIS,disgust
1052_IEO_DIS_LO.wav,data/raw/CREMA-D/AudioWAV/1052_IEO_DIS_LO.wav,1052,IEO,DIS,disgust
1052_IEO_DIS_MD.wav,data/raw/CREMA-D/AudioWAV/1052_IEO_DIS_MD.wav,1052,IEO,DIS,disgust
1052_IEO_FEA_HI.wav,data/raw/CREMA-D/AudioWAV/1052_IEO_FEA_HI.wav,1052,IEO,FEA,fear
1052_IEO_FEA_LO.wav,data/raw/CREMA-D/AudioWAV/1052_IEO_FEA_LO.wav,1052,IEO,FEA,fear
1052_IEO_FEA_MD.wav,data/raw/CREMA-D/AudioWAV/1052_IEO_FEA_MD.wav,1052,IEO,FEA,fear
1052_IEO_HAP_HI.wav,data/raw/CREMA-D/AudioWAV/1052_IEO_HAP_HI.wav,1052,IEO,HAP,happy
1052_IEO_HAP_LO.wav,data/raw/CREMA-D/AudioWAV/1052_IEO_HAP_LO.wav,1052,IEO,HAP,happy
1052_IEO_HAP_MD.wav,data/raw/CREMA-D/AudioWAV/1052_IEO_HAP_MD.wav,1052,IEO,HAP,happy
1052_IEO_NEU_XX.wav,data/raw/CREMA-D/AudioWAV/1052_IEO_NEU_XX.wav,1052,IEO,NEU,neutral
1052_IEO_SAD_HI.wav,data/raw/CREMA-D/AudioWAV/1052_IEO_SAD_HI.wav,1052,IEO,SAD,sad
1052_IEO_SAD_LO.wav,data/raw/CREMA-D/AudioWAV/1052_IEO_SAD_LO.wav,1052,IEO,SAD,sad
1052_IEO_SAD_MD.wav,data/raw/CREMA-D/AudioWAV/1052_IEO_SAD_MD.wav,1052,IEO,SAD,sad
1052_IOM_ANG_XX.wav,data/raw/CREMA-D/AudioWAV/1052_IOM_ANG_XX.wav,1052,IOM,ANG,angry
1052_IOM_DIS_XX.wav,data/raw/CREMA-D/AudioWAV/1052_IOM_DIS_XX.wav,1052,IOM,DIS,disgust
1052_IOM_FEA_XX.wav,data/raw/CREMA-D/AudioWAV/1052_IOM_FEA_XX.wav,1052,IOM,FEA,fear
1052_IOM_HAP_XX.wav,data/raw/CREMA-D/AudioWAV/1052_IOM_HAP_XX.wav,1052,IOM,HAP,happy
1052_IOM_NEU_XX.wav,data/raw/CREMA-D/AudioWAV/1052_IOM_NEU_XX.wav,1052,IOM,NEU,neutral
1052_IOM_SAD_XX.wav,data/raw/CREMA-D/AudioWAV/1052_IOM_SAD_XX.wav,1052,IOM,SAD,sad
1052_ITH_ANG_XX.wav,data/raw/CREMA-D/AudioWAV/1052_ITH_ANG_XX.wav,1052,ITH,ANG,angry
1052_ITH_DIS_XX.wav,data/raw/CREMA-D/AudioWAV/1052_ITH_DIS_XX.wav,1052,ITH,DIS,disgust
1052_ITH_FEA_XX.wav,data/raw/CREMA-D/AudioWAV/1052_ITH_FEA_XX.wav,1052,ITH,FEA,fear
1052_ITH_HAP_XX.wav,data/raw/CREMA-D/AudioWAV/1052_ITH_HAP_XX.wav,1052,ITH,HAP,happy
1052_ITH_NEU_XX.wav,data/raw/CREMA-D/AudioWAV/1052_ITH_NEU_XX.wav,1052,ITH,NEU,neutral
1052_ITH_SAD_XX.wav,data/raw/CREMA-D/AudioWAV/1052_ITH_SAD_XX.wav,1052,ITH,SAD,sad
1052_ITS_ANG_XX.wav,data/raw/CREMA-D/AudioWAV/1052_ITS_ANG_XX.wav,1052,ITS,ANG,angry
1052_ITS_DIS_XX.wav,data/raw/CREMA-D/AudioWAV/1052_ITS_DIS_XX.wav,1052,ITS,DIS,disgust
1052_ITS_FEA_XX.wav,data/raw/CREMA-D/AudioWAV/1052_ITS_FEA_XX.wav,1052,ITS,FEA,fear
1052_ITS_HAP_XX.wav,data/raw/CREMA-D/AudioWAV/1052_ITS_HAP_XX.wav,1052,ITS,HAP,happy
1052_ITS_NEU_XX.wav,data/raw/CREMA-D/AudioWAV/1052_ITS_NEU_XX.wav,1052,ITS,NEU,neutral
1052_ITS_SAD_XX.wav,data/raw/CREMA-D/AudioWAV/1052_ITS_SAD_XX.wav,1052,ITS,SAD,sad
1052_IWL_ANG_XX.wav,data/raw/CREMA-D/AudioWAV/1052_IWL_ANG_XX.wav,1052,IWL,ANG,angry
1052_IWL_DIS_XX.wav,data/raw/CREMA-D/AudioWAV/1052_IWL_DIS_XX.wav,1052,IWL,DIS,disgust
1052_IWL_FEA_XX.wav,data/raw/CREMA-D/AudioWAV/1052_IWL_FEA_XX.wav,1052,IWL,FEA,fear
1052_IWL_HAP_XX.wav,data/raw/CREMA-D/AudioWAV/1052_IWL_HAP_XX.wav,1052,IWL,HAP,happy
1052_IWL_NEU_XX.wav,data/raw/CREMA-D/AudioWAV/1052_IWL_NEU_XX.wav,1052,IWL,NEU,neutral
1052_IWL_SAD_XX.wav,data/raw/CREMA-D/AudioWAV/1052_IWL_SAD_XX.wav,1052,IWL,SAD,sad
1052_IWW_ANG_XX.wav,data/raw/CREMA-D/AudioWAV/1052_IWW_ANG_XX.wav,1052,IWW,ANG,angry
1052_IWW_DIS_XX.wav,data/raw/CREMA-D/AudioWAV/1052_IWW_DIS_XX.wav,1052,IWW,DIS,disgust
1052_IWW_FEA_XX.wav,data/raw/CREMA-D/AudioWAV/1052_IWW_FEA_XX.wav,1052,IWW,FEA,fear
1052_IWW_HAP_XX.wav,data/raw/CREMA-D/AudioWAV/1052_IWW_HAP_XX.wav,1052,IWW,HAP,happy
1052_IWW_NEU_XX.wav,data/raw/CREMA-D/AudioWAV/1052_IWW_NEU_XX.wav,1052,IWW,NEU,neutral
1052_IWW_SAD_XX.wav,data/raw/CREMA-D/AudioWAV/1052_IWW_SAD_XX.wav,1052,IWW,SAD,sad
1052_MTI_ANG_XX.wav,data/raw/CREMA-D/AudioWAV/1052_MTI_ANG_XX.wav,1052,MTI,ANG,angry
1052_MTI_DIS_XX.wav,data/raw/CREMA-D/AudioWAV/1052_MTI_DIS_XX.wav,1052,MTI,DIS,disgust
1052_MTI_FEA_XX.wav,data/raw/CREMA-D/AudioWAV/1052_MTI_FEA_XX.wav,1052,MTI,FEA,fear
1052_MTI_HAP_XX.wav,data/raw/CREMA-D/AudioWAV/1052_MTI_HAP_XX.wav,1052,MTI,HAP,happy
1052_MTI_NEU_XX.wav,data/raw/CREMA-D/AudioWAV/1052_MTI_NEU_XX.wav,1052,MTI,NEU,neutral
1052_MTI_SAD_XX.wav,data/raw/CREMA-D/AudioWAV/1052_MTI_SAD_XX.wav,1052,MTI,SAD,sad
1052_TAI_ANG_XX.wav,data/raw/CREMA-D/AudioWAV/1052_TAI_ANG_XX.wav,1052,TAI,ANG,angry
1052_TAI_DIS_XX.wav,data/raw/CREMA-D/AudioWAV/1052_TAI_DIS_XX.wav,1052,TAI,DIS,disgust
1052_TAI_FEA_XX.wav,data/raw/CREMA-D/AudioWAV/1052_TAI_FEA_XX.wav,1052,TAI,FEA,fear
1052_TAI_HAP_XX.wav,data/raw/CREMA-D/AudioWAV/1052_TAI_HAP_XX.wav,1052,TAI,HAP,happy
1052_TAI_NEU_XX.wav,data/raw/CREMA-D/AudioWAV/1052_TAI_NEU_XX.wav,1052,TAI,NEU,neutral
1052_TAI_SAD_XX.wav,data/raw/CREMA-D/AudioWAV/1052_TAI_SAD_XX.wav,1052,TAI,SAD,sad
1052_TIE_ANG_XX.wav,data/raw/CREMA-D/AudioWAV/1052_TIE_ANG_XX.wav,1052,TIE,ANG,angry
1052_TIE_DIS_XX.wav,data/raw/CREMA-D/AudioWAV/1052_TIE_DIS_XX.wav,1052,TIE,DIS,disgust
1052_TIE_FEA_XX.wav,data/raw/CREMA-D/AudioWAV/1052_TIE_FEA_XX.wav,1052,TIE,FEA,fear
1052_TIE_HAP_XX.wav,data/raw/CREMA-D/AudioWAV/1052_TIE_HAP_XX.wav,1052,TIE,HAP,happy
1052_TIE_NEU_XX.wav,data/raw/CREMA-D/AudioWAV/1052_TIE_NEU_XX.wav,1052,TIE,NEU,neutral
1052_TIE_SAD_XX.wav,data/raw/CREMA-D/AudioWAV/1052_TIE_SAD_XX.wav,1052,TIE,SAD,sad
1052_TSI_ANG_XX.wav,data/raw/CREMA-D/AudioWAV/1052_TSI_ANG_XX.wav,1052,TSI,ANG,angry
1052_TSI_DIS_XX.wav,data/raw/CREMA-D/AudioWAV/1052_TSI_DIS_XX.wav,1052,TSI,DIS,disgust
1052_TSI_FEA_XX.wav,data/raw/CREMA-D/AudioWAV/1052_TSI_FEA_XX.wav,1052,TSI,FEA,fear
1052_TSI_HAP_XX.wav,data/raw/CREMA-D/AudioWAV/1052_TSI_HAP_XX.wav,1052,TSI,HAP,happy
1052_TSI_NEU_XX.wav,data/raw/CREMA-D/AudioWAV/1052_TSI_NEU_XX.wav,1052,TSI,NEU,neutral
1052_TSI_SAD_XX.wav,data/raw/CREMA-D/AudioWAV/1052_TSI_SAD_XX.wav,1052,TSI,SAD,sad
1052_WSI_ANG_XX.wav,data/raw/CREMA-D/AudioWAV/1052_WSI_ANG_XX.wav,1052,WSI,ANG,angry
1052_WSI_DIS_XX.wav,data/raw/CREMA-D/AudioWAV/1052_WSI_DIS_XX.wav,1052,WSI,DIS,disgust
1052_WSI_FEA_XX.wav,data/raw/CREMA-D/AudioWAV/1052_WSI_FEA_XX.wav,1052,WSI,FEA,fear
1052_WSI_HAP_XX.wav,data/raw/CREMA-D/AudioWAV/1052_WSI_HAP_XX.wav,1052,WSI,HAP,happy
1052_WSI_NEU_XX.wav,data/raw/CREMA-D/AudioWAV/1052_WSI_NEU_XX.wav,1052,WSI,NEU,neutral
1052_WSI_SAD_XX.wav,data/raw/CREMA-D/AudioWAV/1052_WSI_SAD_XX.wav,1052,WSI,SAD,sad
1053_DFA_ANG_XX.wav,data/raw/CREMA-D/AudioWAV/1053_DFA_ANG_XX.wav,1053,DFA,ANG,angry
1053_DFA_DIS_XX.wav,data/raw/CREMA-D/AudioWAV/1053_DFA_DIS_XX.wav,1053,DFA,DIS,disgust
1053_DFA_FEA_XX.wav,data/raw/CREMA-D/AudioWAV/1053_DFA_FEA_XX.wav,1053,DFA,FEA,fear
1053_DFA_HAP_XX.wav,data/raw/CREMA-D/AudioWAV/1053_DFA_HAP_XX.wav,1053,DFA,HAP,happy
1053_DFA_NEU_XX.wav,data/raw/CREMA-D/AudioWAV/1053_DFA_NEU_XX.wav,1053,DFA,NEU,neutral
1053_DFA_SAD_XX.wav,data/raw/CREMA-D/AudioWAV/1053_DFA_SAD_XX.wav,1053,DFA,SAD,sad
1053_IEO_ANG_HI.wav,data/raw/CREMA-D/AudioWAV/1053_IEO_ANG_HI.wav,1053,IEO,ANG,angry
1053_IEO_ANG_LO.wav,data/raw/CREMA-D/AudioWAV/1053_IEO_ANG_LO.wav,1053,IEO,ANG,angry
1053_IEO_ANG_MD.wav,data/raw/CREMA-D/AudioWAV/1053_IEO_ANG_MD.wav,1053,IEO,ANG,angry
1053_IEO_DIS_HI.wav,data/raw/CREMA-D/AudioWAV/1053_IEO_DIS_HI.wav,1053,IEO,DIS,disgust
1053_IEO_DIS_LO.wav,data/raw/CREMA-D/AudioWAV/1053_IEO_DIS_LO.wav,1053,IEO,DIS,disgust
1053_IEO_DIS_MD.wav,data/raw/CREMA-D/AudioWAV/1053_IEO_DIS_MD.wav,1053,IEO,DIS,disgust
1053_IEO_FEA_HI.wav,data/raw/CREMA-D/AudioWAV/1053_IEO_FEA_HI.wav,1053,IEO,FEA,fear
1053_IEO_FEA_LO.wav,data/raw/CREMA-D/AudioWAV/1053_IEO_FEA_LO.wav,1053,IEO,FEA,fear
1053_IEO_FEA_MD.wav,data/raw/CREMA-D/AudioWAV/1053_IEO_FEA_MD.wav,1053,IEO,FEA,fear
1053_IEO_HAP_HI.wav,data/raw/CREMA-D/AudioWAV/1053_IEO_HAP_HI.wav,1053,IEO,HAP,happy
1053_IEO_HAP_LO.wav,data/raw/CREMA-D/AudioWAV/1053_IEO_HAP_LO.wav,1053,IEO,HAP,happy
1053_IEO_HAP_MD.wav,data/raw/CREMA-D/AudioWAV/1053_IEO_HAP_MD.wav,1053,IEO,HAP,happy
1053_IEO_NEU_XX.wav,data/raw/CREMA-D/AudioWAV/1053_IEO_NEU_XX.wav,1053,IEO,NEU,neutral
1053_IEO_SAD_HI.wav,data/raw/CREMA-D/AudioWAV/1053_IEO_SAD_HI.wav,1053,IEO,SAD,sad
1053_IEO_SAD_LO.wav,data/raw/CREMA-D/AudioWAV/1053_IEO_SAD_LO.wav,1053,IEO,SAD,sad
1053_IEO_SAD_MD.wav,data/raw/CREMA-D/AudioWAV/1053_IEO_SAD_MD.wav,1053,IEO,SAD,sad
1053_IOM_ANG_XX.wav,data/raw/CREMA-D/AudioWAV/1053_IOM_ANG_XX.wav,1053,IOM,ANG,angry
1053_IOM_DIS_XX.wav,data/raw/CREMA-D/AudioWAV/1053_IOM_DIS_XX.wav,1053,IOM,DIS,disgust
1053_IOM_FEA_XX.wav,data/raw/CREMA-D/AudioWAV/1053_IOM_FEA_XX.wav,1053,IOM,FEA,fear
1053_IOM_HAP_XX.wav,data/raw/CREMA-D/AudioWAV/1053_IOM_HAP_XX.wav,1053,IOM,HAP,happy
1053_IOM_NEU_XX.wav,data/raw/CREMA-D/AudioWAV/1053_IOM_NEU_XX.wav,1053,IOM,NEU,neutral
1053_IOM_SAD_XX.wav,data/raw/CREMA-D/AudioWAV/1053_IOM_SAD_XX.wav,1053,IOM,SAD,sad
1053_ITH_ANG_XX.wav,data/raw/CREMA-D/AudioWAV/1053_ITH_ANG_XX.wav,1053,ITH,ANG,angry
1053_ITH_DIS_XX.wav,data/raw/CREMA-D/AudioWAV/1053_ITH_DIS_XX.wav,1053,ITH,DIS,disgust
1053_ITH_FEA_XX.wav,data/raw/CREMA-D/AudioWAV/1053_ITH_FEA_XX.wav,1053,ITH,FEA,fear
1053_ITH_HAP_XX.wav,data/raw/CREMA-D/AudioWAV/1053_ITH_HAP_XX.wav,1053,ITH,HAP,happy
1053_ITH_NEU_XX.wav,data/raw/CREMA-D/AudioWAV/1053_ITH_NEU_XX.wav,1053,ITH,NEU,neutral
1053_ITH_SAD_XX.wav,data/raw/CREMA-D/AudioWAV/1053_ITH_SAD_XX.wav,1053,ITH,SAD,sad
1053_ITS_ANG_XX.wav,data/raw/CREMA-D/AudioWAV/1053_ITS_ANG_XX.wav,1053,ITS,ANG,angry
1053_ITS_DIS_XX.wav,data/raw/CREMA-D/AudioWAV/1053_ITS_DIS_XX.wav,1053,ITS,DIS,disgust
1053_ITS_FEA_XX.wav,data/raw/CREMA-D/AudioWAV/1053_ITS_FEA_XX.wav,1053,ITS,FEA,fear
1053_ITS_HAP_XX.wav,data/raw/CREMA-D/AudioWAV/1053_ITS_HAP_XX.wav,1053,ITS,HAP,happy
1053_ITS_NEU_XX.wav,data/raw/CREMA-D/AudioWAV/1053_ITS_NEU_XX.wav,1053,ITS,NEU,neutral
1053_ITS_SAD_XX.wav,data/raw/CREMA-D/AudioWAV/1053_ITS_SAD_XX.wav,1053,ITS,SAD,sad
1053_IWL_ANG_XX.wav,data/raw/CREMA-D/AudioWAV/1053_IWL_ANG_XX.wav,1053,IWL,ANG,angry
1053_IWL_DIS_XX.wav,data/raw/CREMA-D/AudioWAV/1053_IWL_DIS_XX.wav,1053,IWL,DIS,disgust
1053_IWL_FEA_XX.wav,data/raw/CREMA-D/AudioWAV/1053_IWL_FEA_XX.wav,1053,IWL,FEA,fear
1053_IWL_HAP_XX.wav,data/raw/CREMA-D/AudioWAV/1053_IWL_HAP_XX.wav,1053,IWL,HAP,happy
1053_IWL_NEU_XX.wav,data/raw/CREMA-D/AudioWAV/1053_IWL_NEU_XX.wav,1053,IWL,NEU,neutral
1053_IWL_SAD_XX.wav,data/raw/CREMA-D/AudioWAV/1053_IWL_SAD_XX.wav,1053,IWL,SAD,sad
1053_IWW_ANG_XX.wav,data/raw/CREMA-D/AudioWAV/1053_IWW_ANG_XX.wav,1053,IWW,ANG,angry
1053_IWW_DIS_XX.wav,data/raw/CREMA-D/AudioWAV/1053_IWW_DIS_XX.wav,1053,IWW,DIS,disgust
1053_IWW_FEA_XX.wav,data/raw/CREMA-D/AudioWAV/1053_IWW_FEA_XX.wav,1053,IWW,FEA,fear
1053_IWW_HAP_XX.wav,data/raw/CREMA-D/AudioWAV/1053_IWW_HAP_XX.wav,1053,IWW,HAP,happy
1053_IWW_NEU_XX.wav,data/raw/CREMA-D/AudioWAV/1053_IWW_NEU_XX.wav,1053,IWW,NEU,neutral
1053_IWW_SAD_XX.wav,data/raw/CREMA-D/AudioWAV/1053_IWW_SAD_XX.wav,1053,IWW,SAD,sad
1053_MTI_ANG_XX.wav,data/raw/CREMA-D/AudioWAV/1053_MTI_ANG_XX.wav,1053,MTI,ANG,angry
1053_MTI_DIS_XX.wav,data/raw/CREMA-D/AudioWAV/1053_MTI_DIS_XX.wav,1053,MTI,DIS,disgust
1053_MTI_FEA_XX.wav,data/raw/CREMA-D/AudioWAV/1053_MTI_FEA_XX.wav,1053,MTI,FEA,fear
1053_MTI_HAP_XX.wav,data/raw/CREMA-D/AudioWAV/1053_MTI_HAP_XX.wav,1053,MTI,HAP,happy
1053_MTI_NEU_XX.wav,data/raw/CREMA-D/AudioWAV/1053_MTI_NEU_XX.wav,1053,MTI,NEU,neutral
1053_MTI_SAD_XX.wav,data/raw/CREMA-D/AudioWAV/1053_MTI_SAD_XX.wav,1053,MTI,SAD,sad
1053_TAI_ANG_XX.wav,data/raw/CREMA-D/AudioWAV/1053_TAI_ANG_XX.wav,1053,TAI,ANG,angry
1053_TAI_DIS_XX.wav,data/raw/CREMA-D/AudioWAV/1053_TAI_DIS_XX.wav,1053,TAI,DIS,disgust
1053_TAI_FEA_XX.wav,data/raw/CREMA-D/AudioWAV/1053_TAI_FEA_XX.wav,1053,TAI,FEA,fear
1053_TAI_HAP_XX.wav,data/raw/CREMA-D/AudioWAV/1053_TAI_HAP_XX.wav,1053,TAI,HAP,happy
1053_TAI_NEU_XX.wav,data/raw/CREMA-D/AudioWAV/1053_TAI_NEU_XX.wav,1053,TAI,NEU,neutral
1053_TAI_SAD_XX.wav,data/raw/CREMA-D/AudioWAV/1053_TAI_SAD_XX.wav,1053,TAI,SAD,sad
1053_TIE_ANG_XX.wav,data/raw/CREMA-D/AudioWAV/1053_TIE_ANG_XX.wav,1053,TIE,ANG,angry
1053_TIE_DIS_XX.wav,data/raw/CREMA-D/AudioWAV/1053_TIE_DIS_XX.wav,1053,TIE,DIS,disgust
1053_TIE_FEA_XX.wav,data/raw/CREMA-D/AudioWAV/1053_TIE_FEA_XX.wav,1053,TIE,FEA,fear
1053_TIE_HAP_XX.wav,data/raw/CREMA-D/AudioWAV/1053_TIE_HAP_XX.wav,1053,TIE,HAP,happy
1053_TIE_NEU_XX.wav,data/raw/CREMA-D/AudioWAV/1053_TIE_NEU_XX.wav,1053,TIE,NEU,neutral
1053_TIE_SAD_XX.wav,data/raw/CREMA-D/AudioWAV/1053_TIE_SAD_XX.wav,1053,TIE,SAD,sad
1053_TSI_ANG_XX.wav,data/raw/CREMA-D/AudioWAV/1053_TSI_ANG_XX.wav,1053,TSI,ANG,angry
1053_TSI_DIS_XX.wav,data/raw/CREMA-D/AudioWAV/1053_TSI_DIS_XX.wav,1053,TSI,DIS,disgust
1053_TSI_FEA_XX.wav,data/raw/CREMA-D/AudioWAV/1053_TSI_FEA_XX.wav,1053,TSI,FEA,fear
1053_TSI_HAP_XX.wav,data/raw/CREMA-D/AudioWAV/1053_TSI_HAP_XX.wav,1053,TSI,HAP,happy
1053_TSI_NEU_XX.wav,data/raw/CREMA-D/AudioWAV/1053_TSI_NEU_XX.wav,1053,TSI,NEU,neutral
1053_TSI_SAD_XX.wav,data/raw/CREMA-D/AudioWAV/1053_TSI_SAD_XX.wav,1053,TSI,SAD,sad
1053_WSI_ANG_XX.wav,data/raw/CREMA-D/AudioWAV/1053_WSI_ANG_XX.wav,1053,WSI,ANG,angry
1053_WSI_DIS_XX.wav,data/raw/CREMA-D/AudioWAV/1053_WSI_DIS_XX.wav,1053,WSI,DIS,disgust
1053_WSI_FEA_XX.wav,data/raw/CREMA-D/AudioWAV/1053_WSI_FEA_XX.wav,1053,WSI,FEA,fear
1053_WSI_HAP_XX.wav,data/raw/CREMA-D/AudioWAV/1053_WSI_HAP_XX.wav,1053,WSI,HAP,happy
1053_WSI_NEU_XX.wav,data/raw/CREMA-D/AudioWAV/1053_WSI_NEU_XX.wav,1053,WSI,NEU,neutral
1053_WSI_SAD_XX.wav,data/raw/CREMA-D/AudioWAV/1053_WSI_SAD_XX.wav,1053,WSI,SAD,sad
1054_DFA_ANG_XX.wav,data/raw/CREMA-D/AudioWAV/1054_DFA_ANG_XX.wav,1054,DFA,ANG,angry
1054_DFA_DIS_XX.wav,data/raw/CREMA-D/AudioWAV/1054_DFA_DIS_XX.wav,1054,DFA,DIS,disgust
1054_DFA_FEA_XX.wav,data/raw/CREMA-D/AudioWAV/1054_DFA_FEA_XX.wav,1054,DFA,FEA,fear
1054_DFA_HAP_XX.wav,data/raw/CREMA-D/AudioWAV/1054_DFA_HAP_XX.wav,1054,DFA,HAP,happy
1054_DFA_NEU_XX.wav,data/raw/CREMA-D/AudioWAV/1054_DFA_NEU_XX.wav,1054,DFA,NEU,neutral
1054_DFA_SAD_XX.wav,data/raw/CREMA-D/AudioWAV/1054_DFA_SAD_XX.wav,1054,DFA,SAD,sad
1054_IEO_ANG_HI.wav,data/raw/CREMA-D/AudioWAV/1054_IEO_ANG_HI.wav,1054,IEO,ANG,angry
1054_IEO_ANG_LO.wav,data/raw/CREMA-D/AudioWAV/1054_IEO_ANG_LO.wav,1054,IEO,ANG,angry
1054_IEO_ANG_MD.wav,data/raw/CREMA-D/AudioWAV/1054_IEO_ANG_MD.wav,1054,IEO,ANG,angry
1054_IEO_DIS_HI.wav,data/raw/CREMA-D/AudioWAV/1054_IEO_DIS_HI.wav,1054,IEO,DIS,disgust
1054_IEO_DIS_LO.wav,data/raw/CREMA-D/AudioWAV/1054_IEO_DIS_LO.wav,1054,IEO,DIS,disgust
1054_IEO_DIS_MD.wav,data/raw/CREMA-D/AudioWAV/1054_IEO_DIS_MD.wav,1054,IEO,DIS,disgust
1054_IEO_FEA_HI.wav,data/raw/CREMA-D/AudioWAV/1054_IEO_FEA_HI.wav,1054,IEO,FEA,fear
1054_IEO_FEA_LO.wav,data/raw/CREMA-D/AudioWAV/1054_IEO_FEA_LO.wav,1054,IEO,FEA,fear
1054_IEO_FEA_MD.wav,data/raw/CREMA-D/AudioWAV/1054_IEO_FEA_MD.wav,1054,IEO,FEA,fear
1054_IEO_HAP_HI.wav,data/raw/CREMA-D/AudioWAV/1054_IEO_HAP_HI.wav,1054,IEO,HAP,happy
1054_IEO_HAP_LO.wav,data/raw/CREMA-D/AudioWAV/1054_IEO_HAP_LO.wav,1054,IEO,HAP,happy
1054_IEO_HAP_MD.wav,data/raw/CREMA-D/AudioWAV/1054_IEO_HAP_MD.wav,1054,IEO,HAP,happy
1054_IEO_NEU_XX.wav,data/raw/CREMA-D/AudioWAV/1054_IEO_NEU_XX.wav,1054,IEO,NEU,neutral
1054_IEO_SAD_HI.wav,data/raw/CREMA-D/AudioWAV/1054_IEO_SAD_HI.wav,1054,IEO,SAD,sad
1054_IEO_SAD_LO.wav,data/raw/CREMA-D/AudioWAV/1054_IEO_SAD_LO.wav,1054,IEO,SAD,sad
1054_IEO_SAD_MD.wav,data/raw/CREMA-D/AudioWAV/1054_IEO_SAD_MD.wav,1054,IEO,SAD,sad
1054_IOM_ANG_XX.wav,data/raw/CREMA-D/AudioWAV/1054_IOM_ANG_XX.wav,1054,IOM,ANG,angry
1054_IOM_DIS_XX.wav,data/raw/CREMA-D/AudioWAV/1054_IOM_DIS_XX.wav,1054,IOM,DIS,disgust
1054_IOM_FEA_XX.wav,data/raw/CREMA-D/AudioWAV/1054_IOM_FEA_XX.wav,1054,IOM,FEA,fear
1054_IOM_HAP_XX.wav,data/raw/CREMA-D/AudioWAV/1054_IOM_HAP_XX.wav,1054,IOM,HAP,happy
1054_IOM_NEU_XX.wav,data/raw/CREMA-D/AudioWAV/1054_IOM_NEU_XX.wav,1054,IOM,NEU,neutral
1054_IOM_SAD_XX.wav,data/raw/CREMA-D/AudioWAV/1054_IOM_SAD_XX.wav,1054,IOM,SAD,sad
1054_ITH_ANG_XX.wav,data/raw/CREMA-D/AudioWAV/1054_ITH_ANG_XX.wav,1054,ITH,ANG,angry
1054_ITH_DIS_XX.wav,data/raw/CREMA-D/AudioWAV/1054_ITH_DIS_XX.wav,1054,ITH,DIS,disgust
1054_ITH_FEA_XX.wav,data/raw/CREMA-D/AudioWAV/1054_ITH_FEA_XX.wav,1054,ITH,FEA,fear
1054_ITH_HAP_XX.wav,data/raw/CREMA-D/AudioWAV/1054_ITH_HAP_XX.wav,1054,ITH,HAP,happy
1054_ITH_NEU_XX.wav,data/raw/CREMA-D/AudioWAV/1054_ITH_NEU_XX.wav,1054,ITH,NEU,neutral
1054_ITH_SAD_XX.wav,data/raw/CREMA-D/AudioWAV/1054_ITH_SAD_XX.wav,1054,ITH,SAD,sad
1054_ITS_ANG_XX.wav,data/raw/CREMA-D/AudioWAV/1054_ITS_ANG_XX.wav,1054,ITS,ANG,angry
1054_ITS_DIS_XX.wav,data/raw/CREMA-D/AudioWAV/1054_ITS_DIS_XX.wav,1054,ITS,DIS,disgust
1054_ITS_FEA_XX.wav,data/raw/CREMA-D/AudioWAV/1054_ITS_FEA_XX.wav,1054,ITS,FEA,fear
1054_ITS_HAP_XX.wav,data/raw/CREMA-D/AudioWAV/1054_ITS_HAP_XX.wav,1054,ITS,HAP,happy
1054_ITS_NEU_XX.wav,data/raw/CREMA-D/AudioWAV/1054_ITS_NEU_XX.wav,1054,ITS,NEU,neutral
1054_ITS_SAD_XX.wav,data/raw/CREMA-D/AudioWAV/1054_ITS_SAD_XX.wav,1054,ITS,SAD,sad
1054_IWL_ANG_XX.wav,data/raw/CREMA-D/AudioWAV/1054_IWL_ANG_XX.wav,1054,IWL,ANG,angry
1054_IWL_DIS_XX.wav,data/raw/CREMA-D/AudioWAV/1054_IWL_DIS_XX.wav,1054,IWL,DIS,disgust
1054_IWL_FEA_XX.wav,data/raw/CREMA-D/AudioWAV/1054_IWL_FEA_XX.wav,1054,IWL,FEA,fear
1054_IWL_HAP_XX.wav,data/raw/CREMA-D/AudioWAV/1054_IWL_HAP_XX.wav,1054,IWL,HAP,happy
1054_IWL_NEU_XX.wav,data/raw/CREMA-D/AudioWAV/1054_IWL_NEU_XX.wav,1054,IWL,NEU,neutral
1054_IWL_SAD_XX.wav,data/raw/CREMA-D/AudioWAV/1054_IWL_SAD_XX.wav,1054,IWL,SAD,sad
1054_IWW_ANG_XX.wav,data/raw/CREMA-D/AudioWAV/1054_IWW_ANG_XX.wav,1054,IWW,ANG,angry
1054_IWW_DIS_XX.wav,data/raw/CREMA-D/AudioWAV/1054_IWW_DIS_XX.wav,1054,IWW,DIS,disgust
1054_IWW_FEA_XX.wav,data/raw/CREMA-D/AudioWAV/1054_IWW_FEA_XX.wav,1054,IWW,FEA,fear
1054_IWW_HAP_XX.wav,data/raw/CREMA-D/AudioWAV/1054_IWW_HAP_XX.wav,1054,IWW,HAP,happy
1054_IWW_NEU_XX.wav,data/raw/CREMA-D/AudioWAV/1054_IWW_NEU_XX.wav,1054,IWW,NEU,neutral
1054_IWW_SAD_XX.wav,data/raw/CREMA-D/AudioWAV/1054_IWW_SAD_XX.wav,1054,IWW,SAD,sad
1054_MTI_ANG_XX.wav,data/raw/CREMA-D/AudioWAV/1054_MTI_ANG_XX.wav,1054,MTI,ANG,angry
1054_MTI_DIS_XX.wav,data/raw/CREMA-D/AudioWAV/1054_MTI_DIS_XX.wav,1054,MTI,DIS,disgust
1054_MTI_FEA_XX.wav,data/raw/CREMA-D/AudioWAV/1054_MTI_FEA_XX.wav,1054,MTI,FEA,fear
1054_MTI_HAP_XX.wav,data/raw/CREMA-D/AudioWAV/1054_MTI_HAP_XX.wav,1054,MTI,HAP,happy
1054_MTI_NEU_XX.wav,data/raw/CREMA-D/AudioWAV/1054_MTI_NEU_XX.wav,1054,MTI,NEU,neutral
1054_MTI_SAD_XX.wav,data/raw/CREMA-D/AudioWAV/1054_MTI_SAD_XX.wav,1054,MTI,SAD,sad
1054_TAI_ANG_XX.wav,data/raw/CREMA-D/AudioWAV/1054_TAI_ANG_XX.wav,1054,TAI,ANG,angry
1054_TAI_DIS_XX.wav,data/raw/CREMA-D/AudioWAV/1054_TAI_DIS_XX.wav,1054,TAI,DIS,disgust
1054_TAI_FEA_XX.wav,data/raw/CREMA-D/AudioWAV/1054_TAI_FEA_XX.wav,1054,TAI,FEA,fear
1054_TAI_HAP_XX.wav,data/raw/CREMA-D/AudioWAV/1054_TAI_HAP_XX.wav,1054,TAI,HAP,happy
1054_TAI_NEU_XX.wav,data/raw/CREMA-D/AudioWAV/1054_TAI_NEU_XX.wav,1054,TAI,NEU,neutral
1054_TAI_SAD_XX.wav,data/raw/CREMA-D/AudioWAV/1054_TAI_SAD_XX.wav,1054,TAI,SAD,sad
1054_TIE_ANG_XX.wav,data/raw/CREMA-D/AudioWAV/1054_TIE_ANG_XX.wav,1054,TIE,ANG,angry
1054_TIE_DIS_XX.wav,data/raw/CREMA-D/AudioWAV/1054_TIE_DIS_XX.wav,1054,TIE,DIS,disgust
1054_TIE_FEA_XX.wav,data/raw/CREMA-D/AudioWAV/1054_TIE_FEA_XX.wav,1054,TIE,FEA,fear
1054_TIE_HAP_XX.wav,data/raw/CREMA-D/AudioWAV/1054_TIE_HAP_XX.wav,1054,TIE,HAP,happy
1054_TIE_NEU_XX.wav,data/raw/CREMA-D/AudioWAV/1054_TIE_NEU_XX.wav,1054,TIE,NEU,neutral
1054_TIE_SAD_XX.wav,data/raw/CREMA-D/AudioWAV/1054_TIE_SAD_XX.wav,1054,TIE,SAD,sad
1054_TSI_ANG_XX.wav,data/raw/CREMA-D/AudioWAV/1054_TSI_ANG_XX.wav,1054,TSI,ANG,angry
1054_TSI_DIS_XX.wav,data/raw/CREMA-D/AudioWAV/1054_TSI_DIS_XX.wav,1054,TSI,DIS,disgust
1054_TSI_FEA_XX.wav,data/raw/CREMA-D/AudioWAV/1054_TSI_FEA_XX.wav,1054,TSI,FEA,fear
1054_TSI_HAP_XX.wav,data/raw/CREMA-D/AudioWAV/1054_TSI_HAP_XX.wav,1054,TSI,HAP,happy
1054_TSI_NEU_XX.wav,data/raw/CREMA-D/AudioWAV/1054_TSI_NEU_XX.wav,1054,TSI,NEU,neutral
1054_TSI_SAD_XX.wav,data/raw/CREMA-D/AudioWAV/1054_TSI_SAD_XX.wav,1054,TSI,SAD,sad
1054_WSI_ANG_XX.wav,data/raw/CREMA-D/AudioWAV/1054_WSI_ANG_XX.wav,1054,WSI,ANG,angry
1054_WSI_DIS_XX.wav,data/raw/CREMA-D/AudioWAV/1054_WSI_DIS_XX.wav,1054,WSI,DIS,disgust
1054_WSI_FEA_XX.wav,data/raw/CREMA-D/AudioWAV/1054_WSI_FEA_XX.wav,1054,WSI,FEA,fear
1054_WSI_HAP_XX.wav,data/raw/CREMA-D/AudioWAV/1054_WSI_HAP_XX.wav,1054,WSI,HAP,happy
1054_WSI_NEU_XX.wav,data/raw/CREMA-D/AudioWAV/1054_WSI_NEU_XX.wav,1054,WSI,NEU,neutral
1054_WSI_SAD_XX.wav,data/raw/CREMA-D/AudioWAV/1054_WSI_SAD_XX.wav,1054,WSI,SAD,sad
1055_DFA_ANG_XX.wav,data/raw/CREMA-D/AudioWAV/1055_DFA_ANG_XX.wav,1055,DFA,ANG,angry
1055_DFA_DIS_XX.wav,data/raw/CREMA-D/AudioWAV/1055_DFA_DIS_XX.wav,1055,DFA,DIS,disgust
1055_DFA_FEA_XX.wav,data/raw/CREMA-D/AudioWAV/1055_DFA_FEA_XX.wav,1055,DFA,FEA,fear
1055_DFA_HAP_XX.wav,data/raw/CREMA-D/AudioWAV/1055_DFA_HAP_XX.wav,1055,DFA,HAP,happy
1055_DFA_NEU_XX.wav,data/raw/CREMA-D/AudioWAV/1055_DFA_NEU_XX.wav,1055,DFA,NEU,neutral
1055_DFA_SAD_XX.wav,data/raw/CREMA-D/AudioWAV/1055_DFA_SAD_XX.wav,1055,DFA,SAD,sad
1055_IEO_ANG_HI.wav,data/raw/CREMA-D/AudioWAV/1055_IEO_ANG_HI.wav,1055,IEO,ANG,angry
1055_IEO_ANG_LO.wav,data/raw/CREMA-D/AudioWAV/1055_IEO_ANG_LO.wav,1055,IEO,ANG,angry
1055_IEO_ANG_MD.wav,data/raw/CREMA-D/AudioWAV/1055_IEO_ANG_MD.wav,1055,IEO,ANG,angry
1055_IEO_DIS_HI.wav,data/raw/CREMA-D/AudioWAV/1055_IEO_DIS_HI.wav,1055,IEO,DIS,disgust
1055_IEO_DIS_LO.wav,data/raw/CREMA-D/AudioWAV/1055_IEO_DIS_LO.wav,1055,IEO,DIS,disgust
1055_IEO_DIS_MD.wav,data/raw/CREMA-D/AudioWAV/1055_IEO_DIS_MD.wav,1055,IEO,DIS,disgust
1055_IEO_FEA_HI.wav,data/raw/CREMA-D/AudioWAV/1055_IEO_FEA_HI.wav,1055,IEO,FEA,fear
1055_IEO_FEA_LO.wav,data/raw/CREMA-D/AudioWAV/1055_IEO_FEA_LO.wav,1055,IEO,FEA,fear
1055_IEO_FEA_MD.wav,data/raw/CREMA-D/AudioWAV/1055_IEO_FEA_MD.wav,1055,IEO,FEA,fear
1055_IEO_HAP_HI.wav,data/raw/CREMA-D/AudioWAV/1055_IEO_HAP_HI.wav,1055,IEO,HAP,happy
1055_IEO_HAP_LO.wav,data/raw/CREMA-D/AudioWAV/1055_IEO_HAP_LO.wav,1055,IEO,HAP,happy
1055_IEO_HAP_MD.wav,data/raw/CREMA-D/AudioWAV/1055_IEO_HAP_MD.wav,1055,IEO,HAP,happy
1055_IEO_NEU_XX.wav,data/raw/CREMA-D/AudioWAV/1055_IEO_NEU_XX.wav,1055,IEO,NEU,neutral
1055_IEO_SAD_HI.wav,data/raw/CREMA-D/AudioWAV/1055_IEO_SAD_HI.wav,1055,IEO,SAD,sad
1055_IEO_SAD_LO.wav,data/raw/CREMA-D/AudioWAV/1055_IEO_SAD_LO.wav,1055,IEO,SAD,sad
1055_IEO_SAD_MD.wav,data/raw/CREMA-D/AudioWAV/1055_IEO_SAD_MD.wav,1055,IEO,SAD,sad
1055_IOM_ANG_XX.wav,data/raw/CREMA-D/AudioWAV/1055_IOM_ANG_XX.wav,1055,IOM,ANG,angry
1055_IOM_DIS_XX.wav,data/raw/CREMA-D/AudioWAV/1055_IOM_DIS_XX.wav,1055,IOM,DIS,disgust
1055_IOM_FEA_XX.wav,data/raw/CREMA-D/AudioWAV/1055_IOM_FEA_XX.wav,1055,IOM,FEA,fear
1055_IOM_HAP_XX.wav,data/raw/CREMA-D/AudioWAV/1055_IOM_HAP_XX.wav,1055,IOM,HAP,happy
1055_IOM_NEU_XX.wav,data/raw/CREMA-D/AudioWAV/1055_IOM_NEU_XX.wav,1055,IOM,NEU,neutral
1055_IOM_SAD_XX.wav,data/raw/CREMA-D/AudioWAV/1055_IOM_SAD_XX.wav,1055,IOM,SAD,sad
1055_ITH_ANG_XX.wav,data/raw/CREMA-D/AudioWAV/1055_ITH_ANG_XX.wav,1055,ITH,ANG,angry
1055_ITH_DIS_XX.wav,data/raw/CREMA-D/AudioWAV/1055_ITH_DIS_XX.wav,1055,ITH,DIS,disgust
1055_ITH_FEA_XX.wav,data/raw/CREMA-D/AudioWAV/1055_ITH_FEA_XX.wav,1055,ITH,FEA,fear
1055_ITH_HAP_XX.wav,data/raw/CREMA-D/AudioWAV/1055_ITH_HAP_XX.wav,1055,ITH,HAP,happy
1055_ITH_NEU_XX.wav,data/raw/CREMA-D/AudioWAV/1055_ITH_NEU_XX.wav,1055,ITH,NEU,neutral
1055_ITH_SAD_XX.wav,data/raw/CREMA-D/AudioWAV/1055_ITH_SAD_XX.wav,1055,ITH,SAD,sad
1055_ITS_ANG_XX.wav,data/raw/CREMA-D/AudioWAV/1055_ITS_ANG_XX.wav,1055,ITS,ANG,angry
1055_ITS_DIS_XX.wav,data/raw/CREMA-D/AudioWAV/1055_ITS_DIS_XX.wav,1055,ITS,DIS,disgust
1055_ITS_FEA_XX.wav,data/raw/CREMA-D/AudioWAV/1055_ITS_FEA_XX.wav,1055,ITS,FEA,fear
1055_ITS_HAP_XX.wav,data/raw/CREMA-D/AudioWAV/1055_ITS_HAP_XX.wav,1055,ITS,HAP,happy
1055_ITS_NEU_XX.wav,data/raw/CREMA-D/AudioWAV/1055_ITS_NEU_XX.wav,1055,ITS,NEU,neutral
1055_ITS_SAD_XX.wav,data/raw/CREMA-D/AudioWAV/1055_ITS_SAD_XX.wav,1055,ITS,SAD,sad
1055_IWL_ANG_XX.wav,data/raw/CREMA-D/AudioWAV/1055_IWL_ANG_XX.wav,1055,IWL,ANG,angry
1055_IWL_DIS_XX.wav,data/raw/CREMA-D/AudioWAV/1055_IWL_DIS_XX.wav,1055,IWL,DIS,disgust
1055_IWL_FEA_XX.wav,data/raw/CREMA-D/AudioWAV/1055_IWL_FEA_XX.wav,1055,IWL,FEA,fear
1055_IWL_HAP_XX.wav,data/raw/CREMA-D/AudioWAV/1055_IWL_HAP_XX.wav,1055,IWL,HAP,happy
1055_IWL_NEU_XX.wav,data/raw/CREMA-D/AudioWAV/1055_IWL_NEU_XX.wav,1055,IWL,NEU,neutral
1055_IWL_SAD_XX.wav,data/raw/CREMA-D/AudioWAV/1055_IWL_SAD_XX.wav,1055,IWL,SAD,sad
1055_IWW_ANG_XX.wav,data/raw/CREMA-D/AudioWAV/1055_IWW_ANG_XX.wav,1055,IWW,ANG,angry
1055_IWW_DIS_XX.wav,data/raw/CREMA-D/AudioWAV/1055_IWW_DIS_XX.wav,1055,IWW,DIS,disgust
1055_IWW_FEA_XX.wav,data/raw/CREMA-D/AudioWAV/1055_IWW_FEA_XX.wav,1055,IWW,FEA,fear
1055_IWW_HAP_XX.wav,data/raw/CREMA-D/AudioWAV/1055_IWW_HAP_XX.wav,1055,IWW,HAP,happy
1055_IWW_NEU_XX.wav,data/raw/CREMA-D/AudioWAV/1055_IWW_NEU_XX.wav,1055,IWW,NEU,neutral
1055_IWW_SAD_XX.wav,data/raw/CREMA-D/AudioWAV/1055_IWW_SAD_XX.wav,1055,IWW,SAD,sad
1055_MTI_ANG_XX.wav,data/raw/CREMA-D/AudioWAV/1055_MTI_ANG_XX.wav,1055,MTI,ANG,angry
1055_MTI_DIS_XX.wav,data/raw/CREMA-D/AudioWAV/1055_MTI_DIS_XX.wav,1055,MTI,DIS,disgust
1055_MTI_FEA_XX.wav,data/raw/CREMA-D/AudioWAV/1055_MTI_FEA_XX.wav,1055,MTI,FEA,fear
1055_MTI_HAP_XX.wav,data/raw/CREMA-D/AudioWAV/1055_MTI_HAP_XX.wav,1055,MTI,HAP,happy
1055_MTI_NEU_XX.wav,data/raw/CREMA-D/AudioWAV/1055_MTI_NEU_XX.wav,1055,MTI,NEU,neutral
1055_MTI_SAD_XX.wav,data/raw/CREMA-D/AudioWAV/1055_MTI_SAD_XX.wav,1055,MTI,SAD,sad
1055_TAI_ANG_XX.wav,data/raw/CREMA-D/AudioWAV/1055_TAI_ANG_XX.wav,1055,TAI,ANG,angry
1055_TAI_DIS_XX.wav,data/raw/CREMA-D/AudioWAV/1055_TAI_DIS_XX.wav,1055,TAI,DIS,disgust
1055_TAI_FEA_XX.wav,data/raw/CREMA-D/AudioWAV/1055_TAI_FEA_XX.wav,1055,TAI,FEA,fear
1055_TAI_HAP_XX.wav,data/raw/CREMA-D/AudioWAV/1055_TAI_HAP_XX.wav,1055,TAI,HAP,happy
1055_TAI_NEU_XX.wav,data/raw/CREMA-D/AudioWAV/1055_TAI_NEU_XX.wav,1055,TAI,NEU,neutral
1055_TAI_SAD_XX.wav,data/raw/CREMA-D/AudioWAV/1055_TAI_SAD_XX.wav,1055,TAI,SAD,sad
1055_TIE_ANG_XX.wav,data/raw/CREMA-D/AudioWAV/1055_TIE_ANG_XX.wav,1055,TIE,ANG,angry
1055_TIE_DIS_XX.wav,data/raw/CREMA-D/AudioWAV/1055_TIE_DIS_XX.wav,1055,TIE,DIS,disgust
1055_TIE_FEA_XX.wav,data/raw/CREMA-D/AudioWAV/1055_TIE_FEA_XX.wav,1055,TIE,FEA,fear
1055_TIE_HAP_XX.wav,data/raw/CREMA-D/AudioWAV/1055_TIE_HAP_XX.wav,1055,TIE,HAP,happy
1055_TIE_NEU_XX.wav,data/raw/CREMA-D/AudioWAV/1055_TIE_NEU_XX.wav,1055,TIE,NEU,neutral
1055_TIE_SAD_XX.wav,data/raw/CREMA-D/AudioWAV/1055_TIE_SAD_XX.wav,1055,TIE,SAD,sad
1055_TSI_ANG_XX.wav,data/raw/CREMA-D/AudioWAV/1055_TSI_ANG_XX.wav,1055,TSI,ANG,angry
1055_TSI_DIS_XX.wav,data/raw/CREMA-D/AudioWAV/1055_TSI_DIS_XX.wav,1055,TSI,DIS,disgust
1055_TSI_FEA_XX.wav,data/raw/CREMA-D/AudioWAV/1055_TSI_FEA_XX.wav,1055,TSI,FEA,fear
1055_TSI_HAP_XX.wav,data/raw/CREMA-D/AudioWAV/1055_TSI_HAP_XX.wav,1055,TSI,HAP,happy
1055_TSI_NEU_XX.wav,data/raw/CREMA-D/AudioWAV/1055_TSI_NEU_XX.wav,1055,TSI,NEU,neutral
1055_TSI_SAD_XX.wav,data/raw/CREMA-D/AudioWAV/1055_TSI_SAD_XX.wav,1055,TSI,SAD,sad
1055_WSI_ANG_XX.wav,data/raw/CREMA-D/AudioWAV/1055_WSI_ANG_XX.wav,1055,WSI,ANG,angry
1055_WSI_DIS_XX.wav,data/raw/CREMA-D/AudioWAV/1055_WSI_DIS_XX.wav,1055,WSI,DIS,disgust
1055_WSI_FEA_XX.wav,data/raw/CREMA-D/AudioWAV/1055_WSI_FEA_XX.wav,1055,WSI,FEA,fear
1055_WSI_HAP_XX.wav,data/raw/CREMA-D/AudioWAV/1055_WSI_HAP_XX.wav,1055,WSI,HAP,happy
1055_WSI_NEU_XX.wav,data/raw/CREMA-D/AudioWAV/1055_WSI_NEU_XX.wav,1055,WSI,NEU,neutral
1055_WSI_SAD_XX.wav,data/raw/CREMA-D/AudioWAV/1055_WSI_SAD_XX.wav,1055,WSI,SAD,sad
1057_DFA_ANG_XX.wav,data/raw/CREMA-D/AudioWAV/1057_DFA_ANG_XX.wav,1057,DFA,ANG,angry
1057_DFA_DIS_XX.wav,data/raw/CREMA-D/AudioWAV/1057_DFA_DIS_XX.wav,1057,DFA,DIS,disgust
1057_DFA_FEA_XX.wav,data/raw/CREMA-D/AudioWAV/1057_DFA_FEA_XX.wav,1057,DFA,FEA,fear
1057_DFA_HAP_XX.wav,data/raw/CREMA-D/AudioWAV/1057_DFA_HAP_XX.wav,1057,DFA,HAP,happy
1057_DFA_NEU_XX.wav,data/raw/CREMA-D/AudioWAV/1057_DFA_NEU_XX.wav,1057,DFA,NEU,neutral
1057_DFA_SAD_XX.wav,data/raw/CREMA-D/AudioWAV/1057_DFA_SAD_XX.wav,1057,DFA,SAD,sad
1057_IEO_ANG_HI.wav,data/raw/CREMA-D/AudioWAV/1057_IEO_ANG_HI.wav,1057,IEO,ANG,angry
1057_IEO_ANG_LO.wav,data/raw/CREMA-D/AudioWAV/1057_IEO_ANG_LO.wav,1057,IEO,ANG,angry
1057_IEO_ANG_MD.wav,data/raw/CREMA-D/AudioWAV/1057_IEO_ANG_MD.wav,1057,IEO,ANG,angry
1057_IEO_DIS_HI.wav,data/raw/CREMA-D/AudioWAV/1057_IEO_DIS_HI.wav,1057,IEO,DIS,disgust
1057_IEO_DIS_LO.wav,data/raw/CREMA-D/AudioWAV/1057_IEO_DIS_LO.wav,1057,IEO,DIS,disgust
1057_IEO_DIS_MD.wav,data/raw/CREMA-D/AudioWAV/1057_IEO_DIS_MD.wav,1057,IEO,DIS,disgust
1057_IEO_FEA_HI.wav,data/raw/CREMA-D/AudioWAV/1057_IEO_FEA_HI.wav,1057,IEO,FEA,fear
1057_IEO_FEA_LO.wav,data/raw/CREMA-D/AudioWAV/1057_IEO_FEA_LO.wav,1057,IEO,FEA,fear
1057_IEO_FEA_MD.wav,data/raw/CREMA-D/AudioWAV/1057_IEO_FEA_MD.wav,1057,IEO,FEA,fear
1057_IEO_HAP_HI.wav,data/raw/CREMA-D/AudioWAV/1057_IEO_HAP_HI.wav,1057,IEO,HAP,happy
1057_IEO_HAP_LO.wav,data/raw/CREMA-D/AudioWAV/1057_IEO_HAP_LO.wav,1057,IEO,HAP,happy
1057_IEO_HAP_MD.wav,data/raw/CREMA-D/AudioWAV/1057_IEO_HAP_MD.wav,1057,IEO,HAP,happy
1057_IEO_NEU_XX.wav,data/raw/CREMA-D/AudioWAV/1057_IEO_NEU_XX.wav,1057,IEO,NEU,neutral
1057_IEO_SAD_HI.wav,data/raw/CREMA-D/AudioWAV/1057_IEO_SAD_HI.wav,1057,IEO,SAD,sad
1057_IEO_SAD_LO.wav,data/raw/CREMA-D/AudioWAV/1057_IEO_SAD_LO.wav,1057,IEO,SAD,sad
1057_IEO_SAD_MD.wav,data/raw/CREMA-D/AudioWAV/1057_IEO_SAD_MD.wav,1057,IEO,SAD,sad
1057_IOM_ANG_XX.wav,data/raw/CREMA-D/AudioWAV/1057_IOM_ANG_XX.wav,1057,IOM,ANG,angry
1057_IOM_DIS_XX.wav,data/raw/CREMA-D/AudioWAV/1057_IOM_DIS_XX.wav,1057,IOM,DIS,disgust
1057_IOM_FEA_XX.wav,data/raw/CREMA-D/AudioWAV/1057_IOM_FEA_XX.wav,1057,IOM,FEA,fear
1057_IOM_HAP_XX.wav,data/raw/CREMA-D/AudioWAV/1057_IOM_HAP_XX.wav,1057,IOM,HAP,happy
1057_IOM_NEU_XX.wav,data/raw/CREMA-D/AudioWAV/1057_IOM_NEU_XX.wav,1057,IOM,NEU,neutral
1057_IOM_SAD_XX.wav,data/raw/CREMA-D/AudioWAV/1057_IOM_SAD_XX.wav,1057,IOM,SAD,sad
1057_ITH_ANG_XX.wav,data/raw/CREMA-D/AudioWAV/1057_ITH_ANG_XX.wav,1057,ITH,ANG,angry
1057_ITH_DIS_XX.wav,data/raw/CREMA-D/AudioWAV/1057_ITH_DIS_XX.wav,1057,ITH,DIS,disgust
1057_ITH_FEA_XX.wav,data/raw/CREMA-D/AudioWAV/1057_ITH_FEA_XX.wav,1057,ITH,FEA,fear
1057_ITH_HAP_XX.wav,data/raw/CREMA-D/AudioWAV/1057_ITH_HAP_XX.wav,1057,ITH,HAP,happy
1057_ITH_NEU_XX.wav,data/raw/CREMA-D/AudioWAV/1057_ITH_NEU_XX.wav,1057,ITH,NEU,neutral
1057_ITH_SAD_XX.wav,data/raw/CREMA-D/AudioWAV/1057_ITH_SAD_XX.wav,1057,ITH,SAD,sad
1057_ITS_ANG_XX.wav,data/raw/CREMA-D/AudioWAV/1057_ITS_ANG_XX.wav,1057,ITS,ANG,angry
1057_ITS_DIS_XX.wav,data/raw/CREMA-D/AudioWAV/1057_ITS_DIS_XX.wav,1057,ITS,DIS,disgust
1057_ITS_FEA_XX.wav,data/raw/CREMA-D/AudioWAV/1057_ITS_FEA_XX.wav,1057,ITS,FEA,fear
1057_ITS_HAP_XX.wav,data/raw/CREMA-D/AudioWAV/1057_ITS_HAP_XX.wav,1057,ITS,HAP,happy
1057_ITS_NEU_XX.wav,data/raw/CREMA-D/AudioWAV/1057_ITS_NEU_XX.wav,1057,ITS,NEU,neutral
1057_ITS_SAD_XX.wav,data/raw/CREMA-D/AudioWAV/1057_ITS_SAD_XX.wav,1057,ITS,SAD,sad
1057_IWL_ANG_XX.wav,data/raw/CREMA-D/AudioWAV/1057_IWL_ANG_XX.wav,1057,IWL,ANG,angry
1057_IWL_DIS_XX.wav,data/raw/CREMA-D/AudioWAV/1057_IWL_DIS_XX.wav,1057,IWL,DIS,disgust
1057_IWL_FEA_XX.wav,data/raw/CREMA-D/AudioWAV/1057_IWL_FEA_XX.wav,1057,IWL,FEA,fear
1057_IWL_HAP_XX.wav,data/raw/CREMA-D/AudioWAV/1057_IWL_HAP_XX.wav,1057,IWL,HAP,happy
1057_IWL_NEU_XX.wav,data/raw/CREMA-D/AudioWAV/1057_IWL_NEU_XX.wav,1057,IWL,NEU,neutral
1057_IWL_SAD_XX.wav,data/raw/CREMA-D/AudioWAV/1057_IWL_SAD_XX.wav,1057,IWL,SAD,sad
1057_IWW_ANG_XX.wav,data/raw/CREMA-D/AudioWAV/1057_IWW_ANG_XX.wav,1057,IWW,ANG,angry
1057_IWW_DIS_XX.wav,data/raw/CREMA-D/AudioWAV/1057_IWW_DIS_XX.wav,1057,IWW,DIS,disgust
1057_IWW_FEA_XX.wav,data/raw/CREMA-D/AudioWAV/1057_IWW_FEA_XX.wav,1057,IWW,FEA,fear
1057_IWW_HAP_XX.wav,data/raw/CREMA-D/AudioWAV/1057_IWW_HAP_XX.wav,1057,IWW,HAP,happy
1057_IWW_NEU_XX.wav,data/raw/CREMA-D/AudioWAV/1057_IWW_NEU_XX.wav,1057,IWW,NEU,neutral
1057_IWW_SAD_XX.wav,data/raw/CREMA-D/AudioWAV/1057_IWW_SAD_XX.wav,1057,IWW,SAD,sad
1057_MTI_ANG_XX.wav,data/raw/CREMA-D/AudioWAV/1057_MTI_ANG_XX.wav,1057,MTI,ANG,angry
1057_MTI_DIS_XX.wav,data/raw/CREMA-D/AudioWAV/1057_MTI_DIS_XX.wav,1057,MTI,DIS,disgust
1057_MTI_FEA_XX.wav,data/raw/CREMA-D/AudioWAV/1057_MTI_FEA_XX.wav,1057,MTI,FEA,fear
1057_MTI_HAP_XX.wav,data/raw/CREMA-D/AudioWAV/1057_MTI_HAP_XX.wav,1057,MTI,HAP,happy
1057_MTI_NEU_XX.wav,data/raw/CREMA-D/AudioWAV/1057_MTI_NEU_XX.wav,1057,MTI,NEU,neutral
1057_MTI_SAD_XX.wav,data/raw/CREMA-D/AudioWAV/1057_MTI_SAD_XX.wav,1057,MTI,SAD,sad
1057_TAI_ANG_XX.wav,data/raw/CREMA-D/AudioWAV/1057_TAI_ANG_XX.wav,1057,TAI,ANG,angry
1057_TAI_DIS_XX.wav,data/raw/CREMA-D/AudioWAV/1057_TAI_DIS_XX.wav,1057,TAI,DIS,disgust
1057_TAI_FEA_XX.wav,data/raw/CREMA-D/AudioWAV/1057_TAI_FEA_XX.wav,1057,TAI,FEA,fear
1057_TAI_HAP_XX.wav,data/raw/CREMA-D/AudioWAV/1057_TAI_HAP_XX.wav,1057,TAI,HAP,happy
1057_TAI_NEU_XX.wav,data/raw/CREMA-D/AudioWAV/1057_TAI_NEU_XX.wav,1057,TAI,NEU,neutral
1057_TAI_SAD_XX.wav,data/raw/CREMA-D/AudioWAV/1057_TAI_SAD_XX.wav,1057,TAI,SAD,sad
1057_TIE_ANG_XX.wav,data/raw/CREMA-D/AudioWAV/1057_TIE_ANG_XX.wav,1057,TIE,ANG,angry
1057_TIE_DIS_XX.wav,data/raw/CREMA-D/AudioWAV/1057_TIE_DIS_XX.wav,1057,TIE,DIS,disgust
1057_TIE_FEA_XX.wav,data/raw/CREMA-D/AudioWAV/1057_TIE_FEA_XX.wav,1057,TIE,FEA,fear
1057_TIE_HAP_XX.wav,data/raw/CREMA-D/AudioWAV/1057_TIE_HAP_XX.wav,1057,TIE,HAP,happy
1057_TIE_NEU_XX.wav,data/raw/CREMA-D/AudioWAV/1057_TIE_NEU_XX.wav,1057,TIE,NEU,neutral
1057_TIE_SAD_XX.wav,data/raw/CREMA-D/AudioWAV/1057_TIE_SAD_XX.wav,1057,TIE,SAD,sad
1057_TSI_ANG_XX.wav,data/raw/CREMA-D/AudioWAV/1057_TSI_ANG_XX.wav,1057,TSI,ANG,angry
1057_TSI_DIS_XX.wav,data/raw/CREMA-D/AudioWAV/1057_TSI_DIS_XX.wav,1057,TSI,DIS,disgust
1057_TSI_FEA_XX.wav,data/raw/CREMA-D/AudioWAV/1057_TSI_FEA_XX.wav,1057,TSI,FEA,fear
1057_TSI_HAP_XX.wav,data/raw/CREMA-D/AudioWAV/1057_TSI_HAP_XX.wav,1057,TSI,HAP,happy
1057_TSI_NEU_XX.wav,data/raw/CREMA-D/AudioWAV/1057_TSI_NEU_XX.wav,1057,TSI,NEU,neutral
1057_TSI_SAD_XX.wav,data/raw/CREMA-D/AudioWAV/1057_TSI_SAD_XX.wav,1057,TSI,SAD,sad
1057_WSI_ANG_XX.wav,data/raw/CREMA-D/AudioWAV/1057_WSI_ANG_XX.wav,1057,WSI,ANG,angry
1057_WSI_DIS_XX.wav,data/raw/CREMA-D/AudioWAV/1057_WSI_DIS_XX.wav,1057,WSI,DIS,disgust
1057_WSI_FEA_XX.wav,data/raw/CREMA-D/AudioWAV/1057_WSI_FEA_XX.wav,1057,WSI,FEA,fear
1057_WSI_HAP_XX.wav,data/raw/CREMA-D/AudioWAV/1057_WSI_HAP_XX.wav,1057,WSI,HAP,happy
1057_WSI_NEU_XX.wav,data/raw/CREMA-D/AudioWAV/1057_WSI_NEU_XX.wav,1057,WSI,NEU,neutral
1057_WSI_SAD_XX.wav,data/raw/CREMA-D/AudioWAV/1057_WSI_SAD_XX.wav,1057,WSI,SAD,sad
1058_DFA_ANG_XX.wav,data/raw/CREMA-D/AudioWAV/1058_DFA_ANG_XX.wav,1058,DFA,ANG,angry
1058_DFA_DIS_XX.wav,data/raw/CREMA-D/AudioWAV/1058_DFA_DIS_XX.wav,1058,DFA,DIS,disgust
1058_DFA_FEA_XX.wav,data/raw/CREMA-D/AudioWAV/1058_DFA_FEA_XX.wav,1058,DFA,FEA,fear
1058_DFA_HAP_XX.wav,data/raw/CREMA-D/AudioWAV/1058_DFA_HAP_XX.wav,1058,DFA,HAP,happy
1058_DFA_NEU_XX.wav,data/raw/CREMA-D/AudioWAV/1058_DFA_NEU_XX.wav,1058,DFA,NEU,neutral
1058_DFA_SAD_XX.wav,data/raw/CREMA-D/AudioWAV/1058_DFA_SAD_XX.wav,1058,DFA,SAD,sad
1058_IEO_ANG_HI.wav,data/raw/CREMA-D/AudioWAV/1058_IEO_ANG_HI.wav,1058,IEO,ANG,angry
1058_IEO_ANG_LO.wav,data/raw/CREMA-D/AudioWAV/1058_IEO_ANG_LO.wav,1058,IEO,ANG,angry
1058_IEO_ANG_MD.wav,data/raw/CREMA-D/AudioWAV/1058_IEO_ANG_MD.wav,1058,IEO,ANG,angry
1058_IEO_DIS_HI.wav,data/raw/CREMA-D/AudioWAV/1058_IEO_DIS_HI.wav,1058,IEO,DIS,disgust
1058_IEO_DIS_LO.wav,data/raw/CREMA-D/AudioWAV/1058_IEO_DIS_LO.wav,1058,IEO,DIS,disgust
1058_IEO_DIS_MD.wav,data/raw/CREMA-D/AudioWAV/1058_IEO_DIS_MD.wav,1058,IEO,DIS,disgust
1058_IEO_FEA_HI.wav,data/raw/CREMA-D/AudioWAV/1058_IEO_FEA_HI.wav,1058,IEO,FEA,fear
1058_IEO_FEA_LO.wav,data/raw/CREMA-D/AudioWAV/1058_IEO_FEA_LO.wav,1058,IEO,FEA,fear
1058_IEO_FEA_MD.wav,data/raw/CREMA-D/AudioWAV/1058_IEO_FEA_MD.wav,1058,IEO,FEA,fear
1058_IEO_HAP_HI.wav,data/raw/CREMA-D/AudioWAV/1058_IEO_HAP_HI.wav,1058,IEO,HAP,happy
1058_IEO_HAP_LO.wav,data/raw/CREMA-D/AudioWAV/1058_IEO_HAP_LO.wav,1058,IEO,HAP,happy
1058_IEO_HAP_MD.wav,data/raw/CREMA-D/AudioWAV/1058_IEO_HAP_MD.wav,1058,IEO,HAP,happy
1058_IEO_NEU_XX.wav,data/raw/CREMA-D/AudioWAV/1058_IEO_NEU_XX.wav,1058,IEO,NEU,neutral
1058_IEO_SAD_HI.wav,data/raw/CREMA-D/AudioWAV/1058_IEO_SAD_HI.wav,1058,IEO,SAD,sad
1058_IEO_SAD_LO.wav,data/raw/CREMA-D/AudioWAV/1058_IEO_SAD_LO.wav,1058,IEO,SAD,sad
1058_IEO_SAD_MD.wav,data/raw/CREMA-D/AudioWAV/1058_IEO_SAD_MD.wav,1058,IEO,SAD,sad
1058_IOM_ANG_XX.wav,data/raw/CREMA-D/AudioWAV/1058_IOM_ANG_XX.wav,1058,IOM,ANG,angry
1058_IOM_DIS_XX.wav,data/raw/CREMA-D/AudioWAV/1058_IOM_DIS_XX.wav,1058,IOM,DIS,disgust
1058_IOM_FEA_XX.wav,data/raw/CREMA-D/AudioWAV/1058_IOM_FEA_XX.wav,1058,IOM,FEA,fear
1058_IOM_HAP_XX.wav,data/raw/CREMA-D/AudioWAV/1058_IOM_HAP_XX.wav,1058,IOM,HAP,happy
1058_IOM_NEU_XX.wav,data/raw/CREMA-D/AudioWAV/1058_IOM_NEU_XX.wav,1058,IOM,NEU,neutral
1058_IOM_SAD_XX.wav,data/raw/CREMA-D/AudioWAV/1058_IOM_SAD_XX.wav,1058,IOM,SAD,sad
1058_ITH_ANG_XX.wav,data/raw/CREMA-D/AudioWAV/1058_ITH_ANG_XX.wav,1058,ITH,ANG,angry
1058_ITH_DIS_XX.wav,data/raw/CREMA-D/AudioWAV/1058_ITH_DIS_XX.wav,1058,ITH,DIS,disgust
1058_ITH_FEA_XX.wav,data/raw/CREMA-D/AudioWAV/1058_ITH_FEA_XX.wav,1058,ITH,FEA,fear
1058_ITH_HAP_XX.wav,data/raw/CREMA-D/AudioWAV/1058_ITH_HAP_XX.wav,1058,ITH,HAP,happy
1058_ITH_NEU_XX.wav,data/raw/CREMA-D/AudioWAV/1058_ITH_NEU_XX.wav,1058,ITH,NEU,neutral
1058_ITH_SAD_XX.wav,data/raw/CREMA-D/AudioWAV/1058_ITH_SAD_XX.wav,1058,ITH,SAD,sad
1058_ITS_ANG_XX.wav,data/raw/CREMA-D/AudioWAV/1058_ITS_ANG_XX.wav,1058,ITS,ANG,angry
1058_ITS_DIS_XX.wav,data/raw/CREMA-D/AudioWAV/1058_ITS_DIS_XX.wav,1058,ITS,DIS,disgust
1058_ITS_FEA_XX.wav,data/raw/CREMA-D/AudioWAV/1058_ITS_FEA_XX.wav,1058,ITS,FEA,fear
1058_ITS_HAP_XX.wav,data/raw/CREMA-D/AudioWAV/1058_ITS_HAP_XX.wav,1058,ITS,HAP,happy
1058_ITS_NEU_XX.wav,data/raw/CREMA-D/AudioWAV/1058_ITS_NEU_XX.wav,1058,ITS,NEU,neutral
1058_ITS_SAD_XX.wav,data/raw/CREMA-D/AudioWAV/1058_ITS_SAD_XX.wav,1058,ITS,SAD,sad
1058_IWL_ANG_XX.wav,data/raw/CREMA-D/AudioWAV/1058_IWL_ANG_XX.wav,1058,IWL,ANG,angry
1058_IWL_DIS_XX.wav,data/raw/CREMA-D/AudioWAV/1058_IWL_DIS_XX.wav,1058,IWL,DIS,disgust
1058_IWL_FEA_XX.wav,data/raw/CREMA-D/AudioWAV/1058_IWL_FEA_XX.wav,1058,IWL,FEA,fear
1058_IWL_HAP_XX.wav,data/raw/CREMA-D/AudioWAV/1058_IWL_HAP_XX.wav,1058,IWL,HAP,happy
1058_IWL_NEU_XX.wav,data/raw/CREMA-D/AudioWAV/1058_IWL_NEU_XX.wav,1058,IWL,NEU,neutral
1058_IWL_SAD_XX.wav,data/raw/CREMA-D/AudioWAV/1058_IWL_SAD_XX.wav,1058,IWL,SAD,sad
1058_IWW_ANG_XX.wav,data/raw/CREMA-D/AudioWAV/1058_IWW_ANG_XX.wav,1058,IWW,ANG,angry
1058_IWW_DIS_XX.wav,data/raw/CREMA-D/AudioWAV/1058_IWW_DIS_XX.wav,1058,IWW,DIS,disgust
1058_IWW_FEA_XX.wav,data/raw/CREMA-D/AudioWAV/1058_IWW_FEA_XX.wav,1058,IWW,FEA,fear
1058_IWW_HAP_XX.wav,data/raw/CREMA-D/AudioWAV/1058_IWW_HAP_XX.wav,1058,IWW,HAP,happy
1058_IWW_NEU_XX.wav,data/raw/CREMA-D/AudioWAV/1058_IWW_NEU_XX.wav,1058,IWW,NEU,neutral
1058_IWW_SAD_XX.wav,data/raw/CREMA-D/AudioWAV/1058_IWW_SAD_XX.wav,1058,IWW,SAD,sad
1058_MTI_ANG_XX.wav,data/raw/CREMA-D/AudioWAV/1058_MTI_ANG_XX.wav,1058,MTI,ANG,angry
1058_MTI_DIS_XX.wav,data/raw/CREMA-D/AudioWAV/1058_MTI_DIS_XX.wav,1058,MTI,DIS,disgust
1058_MTI_FEA_XX.wav,data/raw/CREMA-D/AudioWAV/1058_MTI_FEA_XX.wav,1058,MTI,FEA,fear
1058_MTI_HAP_XX.wav,data/raw/CREMA-D/AudioWAV/1058_MTI_HAP_XX.wav,1058,MTI,HAP,happy
1058_MTI_NEU_XX.wav,data/raw/CREMA-D/AudioWAV/1058_MTI_NEU_XX.wav,1058,MTI,NEU,neutral
1058_MTI_SAD_XX.wav,data/raw/CREMA-D/AudioWAV/1058_MTI_SAD_XX.wav,1058,MTI,SAD,sad
1058_TAI_ANG_XX.wav,data/raw/CREMA-D/AudioWAV/1058_TAI_ANG_XX.wav,1058,TAI,ANG,angry
1058_TAI_DIS_XX.wav,data/raw/CREMA-D/AudioWAV/1058_TAI_DIS_XX.wav,1058,TAI,DIS,disgust
1058_TAI_FEA_XX.wav,data/raw/CREMA-D/AudioWAV/1058_TAI_FEA_XX.wav,1058,TAI,FEA,fear
1058_TAI_HAP_XX.wav,data/raw/CREMA-D/AudioWAV/1058_TAI_HAP_XX.wav,1058,TAI,HAP,happy
1058_TAI_NEU_XX.wav,data/raw/CREMA-D/AudioWAV/1058_TAI_NEU_XX.wav,1058,TAI,NEU,neutral
1058_TAI_SAD_XX.wav,data/raw/CREMA-D/AudioWAV/1058_TAI_SAD_XX.wav,1058,TAI,SAD,sad
1058_TIE_ANG_XX.wav,data/raw/CREMA-D/AudioWAV/1058_TIE_ANG_XX.wav,1058,TIE,ANG,angry
1058_TIE_DIS_XX.wav,data/raw/CREMA-D/AudioWAV/1058_TIE_DIS_XX.wav,1058,TIE,DIS,disgust
1058_TIE_FEA_XX.wav,data/raw/CREMA-D/AudioWAV/1058_TIE_FEA_XX.wav,1058,TIE,FEA,fear
1058_TIE_HAP_XX.wav,data/raw/CREMA-D/AudioWAV/1058_TIE_HAP_XX.wav,1058,TIE,HAP,happy
1058_TIE_NEU_XX.wav,data/raw/CREMA-D/AudioWAV/1058_TIE_NEU_XX.wav,1058,TIE,NEU,neutral
1058_TIE_SAD_XX.wav,data/raw/CREMA-D/AudioWAV/1058_TIE_SAD_XX.wav,1058,TIE,SAD,sad
1058_TSI_ANG_XX.wav,data/raw/CREMA-D/AudioWAV/1058_TSI_ANG_XX.wav,1058,TSI,ANG,angry
1058_TSI_DIS_XX.wav,data/raw/CREMA-D/AudioWAV/1058_TSI_DIS_XX.wav,1058,TSI,DIS,disgust
1058_TSI_FEA_XX.wav,data/raw/CREMA-D/AudioWAV/1058_TSI_FEA_XX.wav,1058,TSI,FEA,fear
1058_TSI_HAP_XX.wav,data/raw/CREMA-D/AudioWAV/1058_TSI_HAP_XX.wav,1058,TSI,HAP,happy
1058_TSI_NEU_XX.wav,data/raw/CREMA-D/AudioWAV/1058_TSI_NEU_XX.wav,1058,TSI,NEU,neutral
1058_TSI_SAD_XX.wav,data/raw/CREMA-D/AudioWAV/1058_TSI_SAD_XX.wav,1058,TSI,SAD,sad
1058_WSI_ANG_XX.wav,data/raw/CREMA-D/AudioWAV/1058_WSI_ANG_XX.wav,1058,WSI,ANG,angry
1058_WSI_DIS_XX.wav,data/raw/CREMA-D/AudioWAV/1058_WSI_DIS_XX.wav,1058,WSI,DIS,disgust
1058_WSI_FEA_XX.wav,data/raw/CREMA-D/AudioWAV/1058_WSI_FEA_XX.wav,1058,WSI,FEA,fear
1058_WSI_HAP_XX.wav,data/raw/CREMA-D/AudioWAV/1058_WSI_HAP_XX.wav,1058,WSI,HAP,happy
1058_WSI_NEU_XX.wav,data/raw/CREMA-D/AudioWAV/1058_WSI_NEU_XX.wav,1058,WSI,NEU,neutral
1058_WSI_SAD_XX.wav,data/raw/CREMA-D/AudioWAV/1058_WSI_SAD_XX.wav,1058,WSI,SAD,sad
1059_DFA_ANG_XX.wav,data/raw/CREMA-D/AudioWAV/1059_DFA_ANG_XX.wav,1059,DFA,ANG,angry
1059_DFA_DIS_XX.wav,data/raw/CREMA-D/AudioWAV/1059_DFA_DIS_XX.wav,1059,DFA,DIS,disgust
1059_DFA_FEA_XX.wav,data/raw/CREMA-D/AudioWAV/1059_DFA_FEA_XX.wav,1059,DFA,FEA,fear
1059_DFA_HAP_XX.wav,data/raw/CREMA-D/AudioWAV/1059_DFA_HAP_XX.wav,1059,DFA,HAP,happy
1059_DFA_NEU_XX.wav,data/raw/CREMA-D/AudioWAV/1059_DFA_NEU_XX.wav,1059,DFA,NEU,neutral
1059_DFA_SAD_XX.wav,data/raw/CREMA-D/AudioWAV/1059_DFA_SAD_XX.wav,1059,DFA,SAD,sad
1059_IEO_ANG_HI.wav,data/raw/CREMA-D/AudioWAV/1059_IEO_ANG_HI.wav,1059,IEO,ANG,angry
1059_IEO_ANG_LO.wav,data/raw/CREMA-D/AudioWAV/1059_IEO_ANG_LO.wav,1059,IEO,ANG,angry
1059_IEO_ANG_MD.wav,data/raw/CREMA-D/AudioWAV/1059_IEO_ANG_MD.wav,1059,IEO,ANG,angry
1059_IEO_DIS_HI.wav,data/raw/CREMA-D/AudioWAV/1059_IEO_DIS_HI.wav,1059,IEO,DIS,disgust
1059_IEO_DIS_LO.wav,data/raw/CREMA-D/AudioWAV/1059_IEO_DIS_LO.wav,1059,IEO,DIS,disgust
1059_IEO_DIS_MD.wav,data/raw/CREMA-D/AudioWAV/1059_IEO_DIS_MD.wav,1059,IEO,DIS,disgust
1059_IEO_FEA_HI.wav,data/raw/CREMA-D/AudioWAV/1059_IEO_FEA_HI.wav,1059,IEO,FEA,fear
1059_IEO_FEA_LO.wav,data/raw/CREMA-D/AudioWAV/1059_IEO_FEA_LO.wav,1059,IEO,FEA,fear
1059_IEO_FEA_MD.wav,data/raw/CREMA-D/AudioWAV/1059_IEO_FEA_MD.wav,1059,IEO,FEA,fear
1059_IEO_HAP_HI.wav,data/raw/CREMA-D/AudioWAV/1059_IEO_HAP_HI.wav,1059,IEO,HAP,happy
1059_IEO_HAP_LO.wav,data/raw/CREMA-D/AudioWAV/1059_IEO_HAP_LO.wav,1059,IEO,HAP,happy
1059_IEO_HAP_MD.wav,data/raw/CREMA-D/AudioWAV/1059_IEO_HAP_MD.wav,1059,IEO,HAP,happy
1059_IEO_NEU_XX.wav,data/raw/CREMA-D/AudioWAV/1059_IEO_NEU_XX.wav,1059,IEO,NEU,neutral
1059_IEO_SAD_HI.wav,data/raw/CREMA-D/AudioWAV/1059_IEO_SAD_HI.wav,1059,IEO,SAD,sad
1059_IEO_SAD_LO.wav,data/raw/CREMA-D/AudioWAV/1059_IEO_SAD_LO.wav,1059,IEO,SAD,sad
1059_IEO_SAD_MD.wav,data/raw/CREMA-D/AudioWAV/1059_IEO_SAD_MD.wav,1059,IEO,SAD,sad
1059_IOM_ANG_XX.wav,data/raw/CREMA-D/AudioWAV/1059_IOM_ANG_XX.wav,1059,IOM,ANG,angry
1059_IOM_DIS_XX.wav,data/raw/CREMA-D/AudioWAV/1059_IOM_DIS_XX.wav,1059,IOM,DIS,disgust
1059_IOM_FEA_XX.wav,data/raw/CREMA-D/AudioWAV/1059_IOM_FEA_XX.wav,1059,IOM,FEA,fear
1059_IOM_HAP_XX.wav,data/raw/CREMA-D/AudioWAV/1059_IOM_HAP_XX.wav,1059,IOM,HAP,happy
1059_IOM_NEU_XX.wav,data/raw/CREMA-D/AudioWAV/1059_IOM_NEU_XX.wav,1059,IOM,NEU,neutral
1059_IOM_SAD_XX.wav,data/raw/CREMA-D/AudioWAV/1059_IOM_SAD_XX.wav,1059,IOM,SAD,sad
1059_ITH_ANG_XX.wav,data/raw/CREMA-D/AudioWAV/1059_ITH_ANG_XX.wav,1059,ITH,ANG,angry
1059_ITH_DIS_XX.wav,data/raw/CREMA-D/AudioWAV/1059_ITH_DIS_XX.wav,1059,ITH,DIS,disgust
1059_ITH_FEA_XX.wav,data/raw/CREMA-D/AudioWAV/1059_ITH_FEA_XX.wav,1059,ITH,FEA,fear
1059_ITH_HAP_XX.wav,data/raw/CREMA-D/AudioWAV/1059_ITH_HAP_XX.wav,1059,ITH,HAP,happy
1059_ITH_NEU_XX.wav,data/raw/CREMA-D/AudioWAV/1059_ITH_NEU_XX.wav,1059,ITH,NEU,neutral
1059_ITH_SAD_XX.wav,data/raw/CREMA-D/AudioWAV/1059_ITH_SAD_XX.wav,1059,ITH,SAD,sad
1059_ITS_ANG_XX.wav,data/raw/CREMA-D/AudioWAV/1059_ITS_ANG_XX.wav,1059,ITS,ANG,angry
1059_ITS_DIS_XX.wav,data/raw/CREMA-D/AudioWAV/1059_ITS_DIS_XX.wav,1059,ITS,DIS,disgust
1059_ITS_FEA_XX.wav,data/raw/CREMA-D/AudioWAV/1059_ITS_FEA_XX.wav,1059,ITS,FEA,fear
1059_ITS_HAP_XX.wav,data/raw/CREMA-D/AudioWAV/1059_ITS_HAP_XX.wav,1059,ITS,HAP,happy
1059_ITS_NEU_XX.wav,data/raw/CREMA-D/AudioWAV/1059_ITS_NEU_XX.wav,1059,ITS,NEU,neutral
1059_ITS_SAD_XX.wav,data/raw/CREMA-D/AudioWAV/1059_ITS_SAD_XX.wav,1059,ITS,SAD,sad
1059_IWL_ANG_XX.wav,data/raw/CREMA-D/AudioWAV/1059_IWL_ANG_XX.wav,1059,IWL,ANG,angry
1059_IWL_DIS_XX.wav,data/raw/CREMA-D/AudioWAV/1059_IWL_DIS_XX.wav,1059,IWL,DIS,disgust
1059_IWL_FEA_XX.wav,data/raw/CREMA-D/AudioWAV/1059_IWL_FEA_XX.wav,1059,IWL,FEA,fear
1059_IWL_HAP_XX.wav,data/raw/CREMA-D/AudioWAV/1059_IWL_HAP_XX.wav,1059,IWL,HAP,happy
1059_IWL_NEU_XX.wav,data/raw/CREMA-D/AudioWAV/1059_IWL_NEU_XX.wav,1059,IWL,NEU,neutral
1059_IWL_SAD_XX.wav,data/raw/CREMA-D/AudioWAV/1059_IWL_SAD_XX.wav,1059,IWL,SAD,sad
1059_IWW_ANG_XX.wav,data/raw/CREMA-D/AudioWAV/1059_IWW_ANG_XX.wav,1059,IWW,ANG,angry
1059_IWW_DIS_XX.wav,data/raw/CREMA-D/AudioWAV/1059_IWW_DIS_XX.wav,1059,IWW,DIS,disgust
1059_IWW_FEA_XX.wav,data/raw/CREMA-D/AudioWAV/1059_IWW_FEA_XX.wav,1059,IWW,FEA,fear
1059_IWW_HAP_XX.wav,data/raw/CREMA-D/AudioWAV/1059_IWW_HAP_XX.wav,1059,IWW,HAP,happy
1059_IWW_NEU_XX.wav,data/raw/CREMA-D/AudioWAV/1059_IWW_NEU_XX.wav,1059,IWW,NEU,neutral
1059_IWW_SAD_XX.wav,data/raw/CREMA-D/AudioWAV/1059_IWW_SAD_XX.wav,1059,IWW,SAD,sad
1059_MTI_ANG_XX.wav,data/raw/CREMA-D/AudioWAV/1059_MTI_ANG_XX.wav,1059,MTI,ANG,angry
1059_MTI_DIS_XX.wav,data/raw/CREMA-D/AudioWAV/1059_MTI_DIS_XX.wav,1059,MTI,DIS,disgust
1059_MTI_FEA_XX.wav,data/raw/CREMA-D/AudioWAV/1059_MTI_FEA_XX.wav,1059,MTI,FEA,fear
1059_MTI_HAP_XX.wav,data/raw/CREMA-D/AudioWAV/1059_MTI_HAP_XX.wav,1059,MTI,HAP,happy
1059_MTI_NEU_XX.wav,data/raw/CREMA-D/AudioWAV/1059_MTI_NEU_XX.wav,1059,MTI,NEU,neutral
1059_MTI_SAD_XX.wav,data/raw/CREMA-D/AudioWAV/1059_MTI_SAD_XX.wav,1059,MTI,SAD,sad
1059_TAI_ANG_XX.wav,data/raw/CREMA-D/AudioWAV/1059_TAI_ANG_XX.wav,1059,TAI,ANG,angry
1059_TAI_DIS_XX.wav,data/raw/CREMA-D/AudioWAV/1059_TAI_DIS_XX.wav,1059,TAI,DIS,disgust
1059_TAI_FEA_XX.wav,data/raw/CREMA-D/AudioWAV/1059_TAI_FEA_XX.wav,1059,TAI,FEA,fear
1059_TAI_HAP_XX.wav,data/raw/CREMA-D/AudioWAV/1059_TAI_HAP_XX.wav,1059,TAI,HAP,happy
1059_TAI_NEU_XX.wav,data/raw/CREMA-D/AudioWAV/1059_TAI_NEU_XX.wav,1059,TAI,NEU,neutral
1059_TAI_SAD_XX.wav,data/raw/CREMA-D/AudioWAV/1059_TAI_SAD_XX.wav,1059,TAI,SAD,sad
1059_TIE_ANG_XX.wav,data/raw/CREMA-D/AudioWAV/1059_TIE_ANG_XX.wav,1059,TIE,ANG,angry
1059_TIE_DIS_XX.wav,data/raw/CREMA-D/AudioWAV/1059_TIE_DIS_XX.wav,1059,TIE,DIS,disgust
1059_TIE_FEA_XX.wav,data/raw/CREMA-D/AudioWAV/1059_TIE_FEA_XX.wav,1059,TIE,FEA,fear
1059_TIE_HAP_XX.wav,data/raw/CREMA-D/AudioWAV/1059_TIE_HAP_XX.wav,1059,TIE,HAP,happy
1059_TIE_NEU_XX.wav,data/raw/CREMA-D/AudioWAV/1059_TIE_NEU_XX.wav,1059,TIE,NEU,neutral
1059_TIE_SAD_XX.wav,data/raw/CREMA-D/AudioWAV/1059_TIE_SAD_XX.wav,1059,TIE,SAD,sad
1059_TSI_ANG_XX.wav,data/raw/CREMA-D/AudioWAV/1059_TSI_ANG_XX.wav,1059,TSI,ANG,angry
1059_TSI_DIS_XX.wav,data/raw/CREMA-D/AudioWAV/1059_TSI_DIS_XX.wav,1059,TSI,DIS,disgust
1059_TSI_FEA_XX.wav,data/raw/CREMA-D/AudioWAV/1059_TSI_FEA_XX.wav,1059,TSI,FEA,fear
1059_TSI_HAP_XX.wav,data/raw/CREMA-D/AudioWAV/1059_TSI_HAP_XX.wav,1059,TSI,HAP,happy
1059_TSI_NEU_XX.wav,data/raw/CREMA-D/AudioWAV/1059_TSI_NEU_XX.wav,1059,TSI,NEU,neutral
1059_TSI_SAD_XX.wav,data/raw/CREMA-D/AudioWAV/1059_TSI_SAD_XX.wav,1059,TSI,SAD,sad
1059_WSI_ANG_XX.wav,data/raw/CREMA-D/AudioWAV/1059_WSI_ANG_XX.wav,1059,WSI,ANG,angry
1059_WSI_DIS_XX.wav,data/raw/CREMA-D/AudioWAV/1059_WSI_DIS_XX.wav,1059,WSI,DIS,disgust
1059_WSI_FEA_XX.wav,data/raw/CREMA-D/AudioWAV/1059_WSI_FEA_XX.wav,1059,WSI,FEA,fear
1059_WSI_HAP_XX.wav,data/raw/CREMA-D/AudioWAV/1059_WSI_HAP_XX.wav,1059,WSI,HAP,happy
1059_WSI_NEU_XX.wav,data/raw/CREMA-D/AudioWAV/1059_WSI_NEU_XX.wav,1059,WSI,NEU,neutral
1059_WSI_SAD_XX.wav,data/raw/CREMA-D/AudioWAV/1059_WSI_SAD_XX.wav,1059,WSI,SAD,sad
1060_DFA_ANG_XX.wav,data/raw/CREMA-D/AudioWAV/1060_DFA_ANG_XX.wav,1060,DFA,ANG,angry
1060_DFA_DIS_XX.wav,data/raw/CREMA-D/AudioWAV/1060_DFA_DIS_XX.wav,1060,DFA,DIS,disgust
1060_DFA_FEA_XX.wav,data/raw/CREMA-D/AudioWAV/1060_DFA_FEA_XX.wav,1060,DFA,FEA,fear
1060_DFA_HAP_XX.wav,data/raw/CREMA-D/AudioWAV/1060_DFA_HAP_XX.wav,1060,DFA,HAP,happy
1060_DFA_NEU_XX.wav,data/raw/CREMA-D/AudioWAV/1060_DFA_NEU_XX.wav,1060,DFA,NEU,neutral
1060_DFA_SAD_XX.wav,data/raw/CREMA-D/AudioWAV/1060_DFA_SAD_XX.wav,1060,DFA,SAD,sad
1060_IEO_ANG_HI.wav,data/raw/CREMA-D/AudioWAV/1060_IEO_ANG_HI.wav,1060,IEO,ANG,angry
1060_IEO_ANG_LO.wav,data/raw/CREMA-D/AudioWAV/1060_IEO_ANG_LO.wav,1060,IEO,ANG,angry
1060_IEO_ANG_MD.wav,data/raw/CREMA-D/AudioWAV/1060_IEO_ANG_MD.wav,1060,IEO,ANG,angry
1060_IEO_DIS_HI.wav,data/raw/CREMA-D/AudioWAV/1060_IEO_DIS_HI.wav,1060,IEO,DIS,disgust
1060_IEO_DIS_LO.wav,data/raw/CREMA-D/AudioWAV/1060_IEO_DIS_LO.wav,1060,IEO,DIS,disgust
1060_IEO_DIS_MD.wav,data/raw/CREMA-D/AudioWAV/1060_IEO_DIS_MD.wav,1060,IEO,DIS,disgust
1060_IEO_FEA_HI.wav,data/raw/CREMA-D/AudioWAV/1060_IEO_FEA_HI.wav,1060,IEO,FEA,fear
1060_IEO_FEA_LO.wav,data/raw/CREMA-D/AudioWAV/1060_IEO_FEA_LO.wav,1060,IEO,FEA,fear
1060_IEO_FEA_MD.wav,data/raw/CREMA-D/AudioWAV/1060_IEO_FEA_MD.wav,1060,IEO,FEA,fear
1060_IEO_HAP_HI.wav,data/raw/CREMA-D/AudioWAV/1060_IEO_HAP_HI.wav,1060,IEO,HAP,happy
1060_IEO_HAP_LO.wav,data/raw/CREMA-D/AudioWAV/1060_IEO_HAP_LO.wav,1060,IEO,HAP,happy
1060_IEO_HAP_MD.wav,data/raw/CREMA-D/AudioWAV/1060_IEO_HAP_MD.wav,1060,IEO,HAP,happy
1060_IEO_NEU_XX.wav,data/raw/CREMA-D/AudioWAV/1060_IEO_NEU_XX.wav,1060,IEO,NEU,neutral
1060_IEO_SAD_HI.wav,data/raw/CREMA-D/AudioWAV/1060_IEO_SAD_HI.wav,1060,IEO,SAD,sad
1060_IEO_SAD_LO.wav,data/raw/CREMA-D/AudioWAV/1060_IEO_SAD_LO.wav,1060,IEO,SAD,sad
1060_IEO_SAD_MD.wav,data/raw/CREMA-D/AudioWAV/1060_IEO_SAD_MD.wav,1060,IEO,SAD,sad
1060_IOM_ANG_XX.wav,data/raw/CREMA-D/AudioWAV/1060_IOM_ANG_XX.wav,1060,IOM,ANG,angry
1060_IOM_DIS_XX.wav,data/raw/CREMA-D/AudioWAV/1060_IOM_DIS_XX.wav,1060,IOM,DIS,disgust
1060_IOM_FEA_XX.wav,data/raw/CREMA-D/AudioWAV/1060_IOM_FEA_XX.wav,1060,IOM,FEA,fear
1060_IOM_HAP_XX.wav,data/raw/CREMA-D/AudioWAV/1060_IOM_HAP_XX.wav,1060,IOM,HAP,happy
1060_IOM_NEU_XX.wav,data/raw/CREMA-D/AudioWAV/1060_IOM_NEU_XX.wav,1060,IOM,NEU,neutral
1060_IOM_SAD_XX.wav,data/raw/CREMA-D/AudioWAV/1060_IOM_SAD_XX.wav,1060,IOM,SAD,sad
1060_ITH_ANG_XX.wav,data/raw/CREMA-D/AudioWAV/1060_ITH_ANG_XX.wav,1060,ITH,ANG,angry
1060_ITH_DIS_XX.wav,data/raw/CREMA-D/AudioWAV/1060_ITH_DIS_XX.wav,1060,ITH,DIS,disgust
1060_ITH_FEA_XX.wav,data/raw/CREMA-D/AudioWAV/1060_ITH_FEA_XX.wav,1060,ITH,FEA,fear
1060_ITH_HAP_XX.wav,data/raw/CREMA-D/AudioWAV/1060_ITH_HAP_XX.wav,1060,ITH,HAP,happy
1060_ITH_NEU_XX.wav,data/raw/CREMA-D/AudioWAV/1060_ITH_NEU_XX.wav,1060,ITH,NEU,neutral
1060_ITH_SAD_XX.wav,data/raw/CREMA-D/AudioWAV/1060_ITH_SAD_XX.wav,1060,ITH,SAD,sad
1060_ITS_ANG_XX.wav,data/raw/CREMA-D/AudioWAV/1060_ITS_ANG_XX.wav,1060,ITS,ANG,angry
1060_ITS_DIS_XX.wav,data/raw/CREMA-D/AudioWAV/1060_ITS_DIS_XX.wav,1060,ITS,DIS,disgust
1060_ITS_FEA_XX.wav,data/raw/CREMA-D/AudioWAV/1060_ITS_FEA_XX.wav,1060,ITS,FEA,fear
1060_ITS_HAP_XX.wav,data/raw/CREMA-D/AudioWAV/1060_ITS_HAP_XX.wav,1060,ITS,HAP,happy
1060_ITS_NEU_XX.wav,data/raw/CREMA-D/AudioWAV/1060_ITS_NEU_XX.wav,1060,ITS,NEU,neutral
1060_ITS_SAD_XX.wav,data/raw/CREMA-D/AudioWAV/1060_ITS_SAD_XX.wav,1060,ITS,SAD,sad
1060_IWL_ANG_XX.wav,data/raw/CREMA-D/AudioWAV/1060_IWL_ANG_XX.wav,1060,IWL,ANG,angry
1060_IWL_DIS_XX.wav,data/raw/CREMA-D/AudioWAV/1060_IWL_DIS_XX.wav,1060,IWL,DIS,disgust
1060_IWL_FEA_XX.wav,data/raw/CREMA-D/AudioWAV/1060_IWL_FEA_XX.wav,1060,IWL,FEA,fear
1060_IWL_HAP_XX.wav,data/raw/CREMA-D/AudioWAV/1060_IWL_HAP_XX.wav,1060,IWL,HAP,happy
1060_IWL_NEU_XX.wav,data/raw/CREMA-D/AudioWAV/1060_IWL_NEU_XX.wav,1060,IWL,NEU,neutral
1060_IWL_SAD_XX.wav,data/raw/CREMA-D/AudioWAV/1060_IWL_SAD_XX.wav,1060,IWL,SAD,sad
1060_IWW_ANG_XX.wav,data/raw/CREMA-D/AudioWAV/1060_IWW_ANG_XX.wav,1060,IWW,ANG,angry
1060_IWW_DIS_XX.wav,data/raw/CREMA-D/AudioWAV/1060_IWW_DIS_XX.wav,1060,IWW,DIS,disgust
1060_IWW_FEA_XX.wav,data/raw/CREMA-D/AudioWAV/1060_IWW_FEA_XX.wav,1060,IWW,FEA,fear
1060_IWW_HAP_XX.wav,data/raw/CREMA-D/AudioWAV/1060_IWW_HAP_XX.wav,1060,IWW,HAP,happy
1060_IWW_NEU_XX.wav,data/raw/CREMA-D/AudioWAV/1060_IWW_NEU_XX.wav,1060,IWW,NEU,neutral
1060_IWW_SAD_XX.wav,data/raw/CREMA-D/AudioWAV/1060_IWW_SAD_XX.wav,1060,IWW,SAD,sad
1060_MTI_ANG_XX.wav,data/raw/CREMA-D/AudioWAV/1060_MTI_ANG_XX.wav,1060,MTI,ANG,angry
1060_MTI_DIS_XX.wav,data/raw/CREMA-D/AudioWAV/1060_MTI_DIS_XX.wav,1060,MTI,DIS,disgust
1060_MTI_FEA_XX.wav,data/raw/CREMA-D/AudioWAV/1060_MTI_FEA_XX.wav,1060,MTI,FEA,fear
1060_MTI_HAP_XX.wav,data/raw/CREMA-D/AudioWAV/1060_MTI_HAP_XX.wav,1060,MTI,HAP,happy
1060_MTI_NEU_XX.wav,data/raw/CREMA-D/AudioWAV/1060_MTI_NEU_XX.wav,1060,MTI,NEU,neutral
1060_MTI_SAD_XX.wav,data/raw/CREMA-D/AudioWAV/1060_MTI_SAD_XX.wav,1060,MTI,SAD,sad
1060_TAI_ANG_XX.wav,data/raw/CREMA-D/AudioWAV/1060_TAI_ANG_XX.wav,1060,TAI,ANG,angry
1060_TAI_DIS_XX.wav,data/raw/CREMA-D/AudioWAV/1060_TAI_DIS_XX.wav,1060,TAI,DIS,disgust
1060_TAI_FEA_XX.wav,data/raw/CREMA-D/AudioWAV/1060_TAI_FEA_XX.wav,1060,TAI,FEA,fear
1060_TAI_HAP_XX.wav,data/raw/CREMA-D/AudioWAV/1060_TAI_HAP_XX.wav,1060,TAI,HAP,happy
1060_TAI_NEU_XX.wav,data/raw/CREMA-D/AudioWAV/1060_TAI_NEU_XX.wav,1060,TAI,NEU,neutral
1060_TAI_SAD_XX.wav,data/raw/CREMA-D/AudioWAV/1060_TAI_SAD_XX.wav,1060,TAI,SAD,sad
1060_TIE_ANG_XX.wav,data/raw/CREMA-D/AudioWAV/1060_TIE_ANG_XX.wav,1060,TIE,ANG,angry
1060_TIE_DIS_XX.wav,data/raw/CREMA-D/AudioWAV/1060_TIE_DIS_XX.wav,1060,TIE,DIS,disgust
1060_TIE_FEA_XX.wav,data/raw/CREMA-D/AudioWAV/1060_TIE_FEA_XX.wav,1060,TIE,FEA,fear
1060_TIE_HAP_XX.wav,data/raw/CREMA-D/AudioWAV/1060_TIE_HAP_XX.wav,1060,TIE,HAP,happy
1060_TIE_NEU_XX.wav,data/raw/CREMA-D/AudioWAV/1060_TIE_NEU_XX.wav,1060,TIE,NEU,neutral
1060_TIE_SAD_XX.wav,data/raw/CREMA-D/AudioWAV/1060_TIE_SAD_XX.wav,1060,TIE,SAD,sad
1060_TSI_ANG_XX.wav,data/raw/CREMA-D/AudioWAV/1060_TSI_ANG_XX.wav,1060,TSI,ANG,angry
1060_TSI_DIS_XX.wav,data/raw/CREMA-D/AudioWAV/1060_TSI_DIS_XX.wav,1060,TSI,DIS,disgust
1060_TSI_FEA_XX.wav,data/raw/CREMA-D/AudioWAV/1060_TSI_FEA_XX.wav,1060,TSI,FEA,fear
1060_TSI_HAP_XX.wav,data/raw/CREMA-D/AudioWAV/1060_TSI_HAP_XX.wav,1060,TSI,HAP,happy
1060_TSI_NEU_XX.wav,data/raw/CREMA-D/AudioWAV/1060_TSI_NEU_XX.wav,1060,TSI,NEU,neutral
1060_TSI_SAD_XX.wav,data/raw/CREMA-D/AudioWAV/1060_TSI_SAD_XX.wav,1060,TSI,SAD,sad
1060_WSI_ANG_XX.wav,data/raw/CREMA-D/AudioWAV/1060_WSI_ANG_XX.wav,1060,WSI,ANG,angry
1060_WSI_DIS_XX.wav,data/raw/CREMA-D/AudioWAV/1060_WSI_DIS_XX.wav,1060,WSI,DIS,disgust
1060_WSI_FEA_XX.wav,data/raw/CREMA-D/AudioWAV/1060_WSI_FEA_XX.wav,1060,WSI,FEA,fear
1060_WSI_HAP_XX.wav,data/raw/CREMA-D/AudioWAV/1060_WSI_HAP_XX.wav,1060,WSI,HAP,happy
1060_WSI_NEU_XX.wav,data/raw/CREMA-D/AudioWAV/1060_WSI_NEU_XX.wav,1060,WSI,NEU,neutral
1060_WSI_SAD_XX.wav,data/raw/CREMA-D/AudioWAV/1060_WSI_SAD_XX.wav,1060,WSI,SAD,sad
1061_DFA_ANG_XX.wav,data/raw/CREMA-D/AudioWAV/1061_DFA_ANG_XX.wav,1061,DFA,ANG,angry
1061_DFA_DIS_XX.wav,data/raw/CREMA-D/AudioWAV/1061_DFA_DIS_XX.wav,1061,DFA,DIS,disgust
1061_DFA_FEA_XX.wav,data/raw/CREMA-D/AudioWAV/1061_DFA_FEA_XX.wav,1061,DFA,FEA,fear
1061_DFA_HAP_XX.wav,data/raw/CREMA-D/AudioWAV/1061_DFA_HAP_XX.wav,1061,DFA,HAP,happy
1061_DFA_NEU_XX.wav,data/raw/CREMA-D/AudioWAV/1061_DFA_NEU_XX.wav,1061,DFA,NEU,neutral
1061_DFA_SAD_XX.wav,data/raw/CREMA-D/AudioWAV/1061_DFA_SAD_XX.wav,1061,DFA,SAD,sad
1061_IEO_ANG_HI.wav,data/raw/CREMA-D/AudioWAV/1061_IEO_ANG_HI.wav,1061,IEO,ANG,angry
1061_IEO_ANG_LO.wav,data/raw/CREMA-D/AudioWAV/1061_IEO_ANG_LO.wav,1061,IEO,ANG,angry
1061_IEO_ANG_MD.wav,data/raw/CREMA-D/AudioWAV/1061_IEO_ANG_MD.wav,1061,IEO,ANG,angry
1061_IEO_DIS_HI.wav,data/raw/CREMA-D/AudioWAV/1061_IEO_DIS_HI.wav,1061,IEO,DIS,disgust
1061_IEO_DIS_LO.wav,data/raw/CREMA-D/AudioWAV/1061_IEO_DIS_LO.wav,1061,IEO,DIS,disgust
1061_IEO_DIS_MD.wav,data/raw/CREMA-D/AudioWAV/1061_IEO_DIS_MD.wav,1061,IEO,DIS,disgust
1061_IEO_FEA_HI.wav,data/raw/CREMA-D/AudioWAV/1061_IEO_FEA_HI.wav,1061,IEO,FEA,fear
1061_IEO_FEA_LO.wav,data/raw/CREMA-D/AudioWAV/1061_IEO_FEA_LO.wav,1061,IEO,FEA,fear
1061_IEO_FEA_MD.wav,data/raw/CREMA-D/AudioWAV/1061_IEO_FEA_MD.wav,1061,IEO,FEA,fear
1061_IEO_HAP_HI.wav,data/raw/CREMA-D/AudioWAV/1061_IEO_HAP_HI.wav,1061,IEO,HAP,happy
1061_IEO_HAP_LO.wav,data/raw/CREMA-D/AudioWAV/1061_IEO_HAP_LO.wav,1061,IEO,HAP,happy
1061_IEO_HAP_MD.wav,data/raw/CREMA-D/AudioWAV/1061_IEO_HAP_MD.wav,1061,IEO,HAP,happy
1061_IEO_NEU_XX.wav,data/raw/CREMA-D/AudioWAV/1061_IEO_NEU_XX.wav,1061,IEO,NEU,neutral
1061_IEO_SAD_HI.wav,data/raw/CREMA-D/AudioWAV/1061_IEO_SAD_HI.wav,1061,IEO,SAD,sad
1061_IEO_SAD_LO.wav,data/raw/CREMA-D/AudioWAV/1061_IEO_SAD_LO.wav,1061,IEO,SAD,sad
1061_IEO_SAD_MD.wav,data/raw/CREMA-D/AudioWAV/1061_IEO_SAD_MD.wav,1061,IEO,SAD,sad
1061_IOM_ANG_XX.wav,data/raw/CREMA-D/AudioWAV/1061_IOM_ANG_XX.wav,1061,IOM,ANG,angry
1061_IOM_DIS_XX.wav,data/raw/CREMA-D/AudioWAV/1061_IOM_DIS_XX.wav,1061,IOM,DIS,disgust
1061_IOM_FEA_XX.wav,data/raw/CREMA-D/AudioWAV/1061_IOM_FEA_XX.wav,1061,IOM,FEA,fear
1061_IOM_HAP_XX.wav,data/raw/CREMA-D/AudioWAV/1061_IOM_HAP_XX.wav,1061,IOM,HAP,happy
1061_IOM_NEU_XX.wav,data/raw/CREMA-D/AudioWAV/1061_IOM_NEU_XX.wav,1061,IOM,NEU,neutral
1061_IOM_SAD_XX.wav,data/raw/CREMA-D/AudioWAV/1061_IOM_SAD_XX.wav,1061,IOM,SAD,sad
1061_ITH_ANG_XX.wav,data/raw/CREMA-D/AudioWAV/1061_ITH_ANG_XX.wav,1061,ITH,ANG,angry
1061_ITH_DIS_XX.wav,data/raw/CREMA-D/AudioWAV/1061_ITH_DIS_XX.wav,1061,ITH,DIS,disgust
1061_ITH_FEA_XX.wav,data/raw/CREMA-D/AudioWAV/1061_ITH_FEA_XX.wav,1061,ITH,FEA,fear
1061_ITH_HAP_XX.wav,data/raw/CREMA-D/AudioWAV/1061_ITH_HAP_XX.wav,1061,ITH,HAP,happy
1061_ITH_NEU_XX.wav,data/raw/CREMA-D/AudioWAV/1061_ITH_NEU_XX.wav,1061,ITH,NEU,neutral
1061_ITH_SAD_XX.wav,data/raw/CREMA-D/AudioWAV/1061_ITH_SAD_XX.wav,1061,ITH,SAD,sad
1061_ITS_ANG_XX.wav,data/raw/CREMA-D/AudioWAV/1061_ITS_ANG_XX.wav,1061,ITS,ANG,angry
1061_ITS_DIS_XX.wav,data/raw/CREMA-D/AudioWAV/1061_ITS_DIS_XX.wav,1061,ITS,DIS,disgust
1061_ITS_FEA_XX.wav,data/raw/CREMA-D/AudioWAV/1061_ITS_FEA_XX.wav,1061,ITS,FEA,fear
1061_ITS_HAP_XX.wav,data/raw/CREMA-D/AudioWAV/1061_ITS_HAP_XX.wav,1061,ITS,HAP,happy
1061_ITS_NEU_XX.wav,data/raw/CREMA-D/AudioWAV/1061_ITS_NEU_XX.wav,1061,ITS,NEU,neutral
1061_ITS_SAD_XX.wav,data/raw/CREMA-D/AudioWAV/1061_ITS_SAD_XX.wav,1061,ITS,SAD,sad
1061_IWL_ANG_XX.wav,data/raw/CREMA-D/AudioWAV/1061_IWL_ANG_XX.wav,1061,IWL,ANG,angry
1061_IWL_DIS_XX.wav,data/raw/CREMA-D/AudioWAV/1061_IWL_DIS_XX.wav,1061,IWL,DIS,disgust
1061_IWL_FEA_XX.wav,data/raw/CREMA-D/AudioWAV/1061_IWL_FEA_XX.wav,1061,IWL,FEA,fear
1061_IWL_HAP_XX.wav,data/raw/CREMA-D/AudioWAV/1061_IWL_HAP_XX.wav,1061,IWL,HAP,happy
1061_IWL_NEU_XX.wav,data/raw/CREMA-D/AudioWAV/1061_IWL_NEU_XX.wav,1061,IWL,NEU,neutral
1061_IWL_SAD_XX.wav,data/raw/CREMA-D/AudioWAV/1061_IWL_SAD_XX.wav,1061,IWL,SAD,sad
1061_IWW_ANG_XX.wav,data/raw/CREMA-D/AudioWAV/1061_IWW_ANG_XX.wav,1061,IWW,ANG,angry
1061_IWW_DIS_XX.wav,data/raw/CREMA-D/AudioWAV/1061_IWW_DIS_XX.wav,1061,IWW,DIS,disgust
1061_IWW_FEA_XX.wav,data/raw/CREMA-D/AudioWAV/1061_IWW_FEA_XX.wav,1061,IWW,FEA,fear
1061_IWW_HAP_XX.wav,data/raw/CREMA-D/AudioWAV/1061_IWW_HAP_XX.wav,1061,IWW,HAP,happy
1061_IWW_NEU_XX.wav,data/raw/CREMA-D/AudioWAV/1061_IWW_NEU_XX.wav,1061,IWW,NEU,neutral
1061_IWW_SAD_XX.wav,data/raw/CREMA-D/AudioWAV/1061_IWW_SAD_XX.wav,1061,IWW,SAD,sad
1061_MTI_ANG_XX.wav,data/raw/CREMA-D/AudioWAV/1061_MTI_ANG_XX.wav,1061,MTI,ANG,angry
1061_MTI_DIS_XX.wav,data/raw/CREMA-D/AudioWAV/1061_MTI_DIS_XX.wav,1061,MTI,DIS,disgust
1061_MTI_FEA_XX.wav,data/raw/CREMA-D/AudioWAV/1061_MTI_FEA_XX.wav,1061,MTI,FEA,fear
1061_MTI_HAP_XX.wav,data/raw/CREMA-D/AudioWAV/1061_MTI_HAP_XX.wav,1061,MTI,HAP,happy
1061_MTI_NEU_XX.wav,data/raw/CREMA-D/AudioWAV/1061_MTI_NEU_XX.wav,1061,MTI,NEU,neutral
1061_MTI_SAD_XX.wav,data/raw/CREMA-D/AudioWAV/1061_MTI_SAD_XX.wav,1061,MTI,SAD,sad
1061_TAI_ANG_XX.wav,data/raw/CREMA-D/AudioWAV/1061_TAI_ANG_XX.wav,1061,TAI,ANG,angry
1061_TAI_DIS_XX.wav,data/raw/CREMA-D/AudioWAV/1061_TAI_DIS_XX.wav,1061,TAI,DIS,disgust
1061_TAI_FEA_XX.wav,data/raw/CREMA-D/AudioWAV/1061_TAI_FEA_XX.wav,1061,TAI,FEA,fear
1061_TAI_HAP_XX.wav,data/raw/CREMA-D/AudioWAV/1061_TAI_HAP_XX.wav,1061,TAI,HAP,happy
1061_TAI_NEU_XX.wav,data/raw/CREMA-D/AudioWAV/1061_TAI_NEU_XX.wav,1061,TAI,NEU,neutral
1061_TAI_SAD_XX.wav,data/raw/CREMA-D/AudioWAV/1061_TAI_SAD_XX.wav,1061,TAI,SAD,sad
1061_TIE_ANG_XX.wav,data/raw/CREMA-D/AudioWAV/1061_TIE_ANG_XX.wav,1061,TIE,ANG,angry
1061_TIE_DIS_XX.wav,data/raw/CREMA-D/AudioWAV/1061_TIE_DIS_XX.wav,1061,TIE,DIS,disgust
1061_TIE_FEA_XX.wav,data/raw/CREMA-D/AudioWAV/1061_TIE_FEA_XX.wav,1061,TIE,FEA,fear
1061_TIE_HAP_XX.wav,data/raw/CREMA-D/AudioWAV/1061_TIE_HAP_XX.wav,1061,TIE,HAP,happy
1061_TIE_NEU_XX.wav,data/raw/CREMA-D/AudioWAV/1061_TIE_NEU_XX.wav,1061,TIE,NEU,neutral
1061_TIE_SAD_XX.wav,data/raw/CREMA-D/AudioWAV/1061_TIE_SAD_XX.wav,1061,TIE,SAD,sad
1061_TSI_ANG_XX.wav,data/raw/CREMA-D/AudioWAV/1061_TSI_ANG_XX.wav,1061,TSI,ANG,angry
1061_TSI_DIS_XX.wav,data/raw/CREMA-D/AudioWAV/1061_TSI_DIS_XX.wav,1061,TSI,DIS,disgust
1061_TSI_FEA_XX.wav,data/raw/CREMA-D/AudioWAV/1061_TSI_FEA_XX.wav,1061,TSI,FEA,fear
1061_TSI_HAP_XX.wav,data/raw/CREMA-D/AudioWAV/1061_TSI_HAP_XX.wav,1061,TSI,HAP,happy
1061_TSI_NEU_XX.wav,data/raw/CREMA-D/AudioWAV/1061_TSI_NEU_XX.wav,1061,TSI,NEU,neutral
1061_TSI_SAD_XX.wav,data/raw/CREMA-D/AudioWAV/1061_TSI_SAD_XX.wav,1061,TSI,SAD,sad
1061_WSI_ANG_XX.wav,data/raw/CREMA-D/AudioWAV/1061_WSI_ANG_XX.wav,1061,WSI,ANG,angry
1061_WSI_DIS_XX.wav,data/raw/CREMA-D/AudioWAV/1061_WSI_DIS_XX.wav,1061,WSI,DIS,disgust
1061_WSI_FEA_XX.wav,data/raw/CREMA-D/AudioWAV/1061_WSI_FEA_XX.wav,1061,WSI,FEA,fear
1061_WSI_HAP_XX.wav,data/raw/CREMA-D/AudioWAV/1061_WSI_HAP_XX.wav,1061,WSI,HAP,happy
1061_WSI_NEU_XX.wav,data/raw/CREMA-D/AudioWAV/1061_WSI_NEU_XX.wav,1061,WSI,NEU,neutral
1061_WSI_SAD_XX.wav,data/raw/CREMA-D/AudioWAV/1061_WSI_SAD_XX.wav,1061,WSI,SAD,sad
1062_DFA_ANG_XX.wav,data/raw/CREMA-D/AudioWAV/1062_DFA_ANG_XX.wav,1062,DFA,ANG,angry
1062_DFA_DIS_XX.wav,data/raw/CREMA-D/AudioWAV/1062_DFA_DIS_XX.wav,1062,DFA,DIS,disgust
1062_DFA_FEA_XX.wav,data/raw/CREMA-D/AudioWAV/1062_DFA_FEA_XX.wav,1062,DFA,FEA,fear
1062_DFA_HAP_XX.wav,data/raw/CREMA-D/AudioWAV/1062_DFA_HAP_XX.wav,1062,DFA,HAP,happy
1062_DFA_NEU_XX.wav,data/raw/CREMA-D/AudioWAV/1062_DFA_NEU_XX.wav,1062,DFA,NEU,neutral
1062_DFA_SAD_XX.wav,data/raw/CREMA-D/AudioWAV/1062_DFA_SAD_XX.wav,1062,DFA,SAD,sad
1062_IEO_ANG_HI.wav,data/raw/CREMA-D/AudioWAV/1062_IEO_ANG_HI.wav,1062,IEO,ANG,angry
1062_IEO_ANG_LO.wav,data/raw/CREMA-D/AudioWAV/1062_IEO_ANG_LO.wav,1062,IEO,ANG,angry
1062_IEO_ANG_MD.wav,data/raw/CREMA-D/AudioWAV/1062_IEO_ANG_MD.wav,1062,IEO,ANG,angry
1062_IEO_DIS_HI.wav,data/raw/CREMA-D/AudioWAV/1062_IEO_DIS_HI.wav,1062,IEO,DIS,disgust
1062_IEO_DIS_LO.wav,data/raw/CREMA-D/AudioWAV/1062_IEO_DIS_LO.wav,1062,IEO,DIS,disgust
1062_IEO_DIS_MD.wav,data/raw/CREMA-D/AudioWAV/1062_IEO_DIS_MD.wav,1062,IEO,DIS,disgust
1062_IEO_FEA_HI.wav,data/raw/CREMA-D/AudioWAV/1062_IEO_FEA_HI.wav,1062,IEO,FEA,fear
1062_IEO_FEA_LO.wav,data/raw/CREMA-D/AudioWAV/1062_IEO_FEA_LO.wav,1062,IEO,FEA,fear
1062_IEO_FEA_MD.wav,data/raw/CREMA-D/AudioWAV/1062_IEO_FEA_MD.wav,1062,IEO,FEA,fear
1062_IEO_HAP_HI.wav,data/raw/CREMA-D/AudioWAV/1062_IEO_HAP_HI.wav,1062,IEO,HAP,happy
1062_IEO_HAP_LO.wav,data/raw/CREMA-D/AudioWAV/1062_IEO_HAP_LO.wav,1062,IEO,HAP,happy
1062_IEO_HAP_MD.wav,data/raw/CREMA-D/AudioWAV/1062_IEO_HAP_MD.wav,1062,IEO,HAP,happy
1062_IEO_NEU_XX.wav,data/raw/CREMA-D/AudioWAV/1062_IEO_NEU_XX.wav,1062,IEO,NEU,neutral
1062_IEO_SAD_HI.wav,data/raw/CREMA-D/AudioWAV/1062_IEO_SAD_HI.wav,1062,IEO,SAD,sad
1062_IEO_SAD_LO.wav,data/raw/CREMA-D/AudioWAV/1062_IEO_SAD_LO.wav,1062,IEO,SAD,sad
1062_IEO_SAD_MD.wav,data/raw/CREMA-D/AudioWAV/1062_IEO_SAD_MD.wav,1062,IEO,SAD,sad
1062_IOM_ANG_XX.wav,data/raw/CREMA-D/AudioWAV/1062_IOM_ANG_XX.wav,1062,IOM,ANG,angry
1062_IOM_DIS_XX.wav,data/raw/CREMA-D/AudioWAV/1062_IOM_DIS_XX.wav,1062,IOM,DIS,disgust
1062_IOM_FEA_XX.wav,data/raw/CREMA-D/AudioWAV/1062_IOM_FEA_XX.wav,1062,IOM,FEA,fear
1062_IOM_HAP_XX.wav,data/raw/CREMA-D/AudioWAV/1062_IOM_HAP_XX.wav,1062,IOM,HAP,happy
1062_IOM_NEU_XX.wav,data/raw/CREMA-D/AudioWAV/1062_IOM_NEU_XX.wav,1062,IOM,NEU,neutral
1062_IOM_SAD_XX.wav,data/raw/CREMA-D/AudioWAV/1062_IOM_SAD_XX.wav,1062,IOM,SAD,sad
1062_ITH_ANG_XX.wav,data/raw/CREMA-D/AudioWAV/1062_ITH_ANG_XX.wav,1062,ITH,ANG,angry
1062_ITH_DIS_XX.wav,data/raw/CREMA-D/AudioWAV/1062_ITH_DIS_XX.wav,1062,ITH,DIS,disgust
1062_ITH_FEA_XX.wav,data/raw/CREMA-D/AudioWAV/1062_ITH_FEA_XX.wav,1062,ITH,FEA,fear
1062_ITH_HAP_XX.wav,data/raw/CREMA-D/AudioWAV/1062_ITH_HAP_XX.wav,1062,ITH,HAP,happy
1062_ITH_NEU_XX.wav,data/raw/CREMA-D/AudioWAV/1062_ITH_NEU_XX.wav,1062,ITH,NEU,neutral
1062_ITH_SAD_XX.wav,data/raw/CREMA-D/AudioWAV/1062_ITH_SAD_XX.wav,1062,ITH,SAD,sad
1062_ITS_ANG_XX.wav,data/raw/CREMA-D/AudioWAV/1062_ITS_ANG_XX.wav,1062,ITS,ANG,angry
1062_ITS_DIS_XX.wav,data/raw/CREMA-D/AudioWAV/1062_ITS_DIS_XX.wav,1062,ITS,DIS,disgust
1062_ITS_FEA_XX.wav,data/raw/CREMA-D/AudioWAV/1062_ITS_FEA_XX.wav,1062,ITS,FEA,fear
1062_ITS_HAP_XX.wav,data/raw/CREMA-D/AudioWAV/1062_ITS_HAP_XX.wav,1062,ITS,HAP,happy
1062_ITS_NEU_XX.wav,data/raw/CREMA-D/AudioWAV/1062_ITS_NEU_XX.wav,1062,ITS,NEU,neutral
1062_ITS_SAD_XX.wav,data/raw/CREMA-D/AudioWAV/1062_ITS_SAD_XX.wav,1062,ITS,SAD,sad
1062_IWL_ANG_XX.wav,data/raw/CREMA-D/AudioWAV/1062_IWL_ANG_XX.wav,1062,IWL,ANG,angry
1062_IWL_DIS_XX.wav,data/raw/CREMA-D/AudioWAV/1062_IWL_DIS_XX.wav,1062,IWL,DIS,disgust
1062_IWL_FEA_XX.wav,data/raw/CREMA-D/AudioWAV/1062_IWL_FEA_XX.wav,1062,IWL,FEA,fear
1062_IWL_HAP_XX.wav,data/raw/CREMA-D/AudioWAV/1062_IWL_HAP_XX.wav,1062,IWL,HAP,happy
1062_IWL_NEU_XX.wav,data/raw/CREMA-D/AudioWAV/1062_IWL_NEU_XX.wav,1062,IWL,NEU,neutral
1062_IWL_SAD_XX.wav,data/raw/CREMA-D/AudioWAV/1062_IWL_SAD_XX.wav,1062,IWL,SAD,sad
1062_IWW_ANG_XX.wav,data/raw/CREMA-D/AudioWAV/1062_IWW_ANG_XX.wav,1062,IWW,ANG,angry
1062_IWW_DIS_XX.wav,data/raw/CREMA-D/AudioWAV/1062_IWW_DIS_XX.wav,1062,IWW,DIS,disgust
1062_IWW_FEA_XX.wav,data/raw/CREMA-D/AudioWAV/1062_IWW_FEA_XX.wav,1062,IWW,FEA,fear
1062_IWW_HAP_XX.wav,data/raw/CREMA-D/AudioWAV/1062_IWW_HAP_XX.wav,1062,IWW,HAP,happy
1062_IWW_NEU_XX.wav,data/raw/CREMA-D/AudioWAV/1062_IWW_NEU_XX.wav,1062,IWW,NEU,neutral
1062_IWW_SAD_XX.wav,data/raw/CREMA-D/AudioWAV/1062_IWW_SAD_XX.wav,1062,IWW,SAD,sad
1062_MTI_ANG_XX.wav,data/raw/CREMA-D/AudioWAV/1062_MTI_ANG_XX.wav,1062,MTI,ANG,angry
1062_MTI_DIS_XX.wav,data/raw/CREMA-D/AudioWAV/1062_MTI_DIS_XX.wav,1062,MTI,DIS,disgust
1062_MTI_FEA_XX.wav,data/raw/CREMA-D/AudioWAV/1062_MTI_FEA_XX.wav,1062,MTI,FEA,fear
1062_MTI_HAP_XX.wav,data/raw/CREMA-D/AudioWAV/1062_MTI_HAP_XX.wav,1062,MTI,HAP,happy
1062_MTI_NEU_XX.wav,data/raw/CREMA-D/AudioWAV/1062_MTI_NEU_XX.wav,1062,MTI,NEU,neutral
1062_MTI_SAD_XX.wav,data/raw/CREMA-D/AudioWAV/1062_MTI_SAD_XX.wav,1062,MTI,SAD,sad
1062_TAI_ANG_XX.wav,data/raw/CREMA-D/AudioWAV/1062_TAI_ANG_XX.wav,1062,TAI,ANG,angry
1062_TAI_DIS_XX.wav,data/raw/CREMA-D/AudioWAV/1062_TAI_DIS_XX.wav,1062,TAI,DIS,disgust
1062_TAI_FEA_XX.wav,data/raw/CREMA-D/AudioWAV/1062_TAI_FEA_XX.wav,1062,TAI,FEA,fear
1062_TAI_HAP_XX.wav,data/raw/CREMA-D/AudioWAV/1062_TAI_HAP_XX.wav,1062,TAI,HAP,happy
1062_TAI_NEU_XX.wav,data/raw/CREMA-D/AudioWAV/1062_TAI_NEU_XX.wav,1062,TAI,NEU,neutral
1062_TAI_SAD_XX.wav,data/raw/CREMA-D/AudioWAV/1062_TAI_SAD_XX.wav,1062,TAI,SAD,sad
1062_TIE_ANG_XX.wav,data/raw/CREMA-D/AudioWAV/1062_TIE_ANG_XX.wav,1062,TIE,ANG,angry
1062_TIE_DIS_XX.wav,data/raw/CREMA-D/AudioWAV/1062_TIE_DIS_XX.wav,1062,TIE,DIS,disgust
1062_TIE_FEA_XX.wav,data/raw/CREMA-D/AudioWAV/1062_TIE_FEA_XX.wav,1062,TIE,FEA,fear
1062_TIE_HAP_XX.wav,data/raw/CREMA-D/AudioWAV/1062_TIE_HAP_XX.wav,1062,TIE,HAP,happy
1062_TIE_NEU_XX.wav,data/raw/CREMA-D/AudioWAV/1062_TIE_NEU_XX.wav,1062,TIE,NEU,neutral
1062_TIE_SAD_XX.wav,data/raw/CREMA-D/AudioWAV/1062_TIE_SAD_XX.wav,1062,TIE,SAD,sad
1062_TSI_ANG_XX.wav,data/raw/CREMA-D/AudioWAV/1062_TSI_ANG_XX.wav,1062,TSI,ANG,angry
1062_TSI_DIS_XX.wav,data/raw/CREMA-D/AudioWAV/1062_TSI_DIS_XX.wav,1062,TSI,DIS,disgust
1062_TSI_FEA_XX.wav,data/raw/CREMA-D/AudioWAV/1062_TSI_FEA_XX.wav,1062,TSI,FEA,fear
1062_TSI_HAP_XX.wav,data/raw/CREMA-D/AudioWAV/1062_TSI_HAP_XX.wav,1062,TSI,HAP,happy
1062_TSI_NEU_XX.wav,data/raw/CREMA-D/AudioWAV/1062_TSI_NEU_XX.wav,1062,TSI,NEU,neutral
1062_TSI_SAD_XX.wav,data/raw/CREMA-D/AudioWAV/1062_TSI_SAD_XX.wav,1062,TSI,SAD,sad
1062_WSI_ANG_XX.wav,data/raw/CREMA-D/AudioWAV/1062_WSI_ANG_XX.wav,1062,WSI,ANG,angry
1062_WSI_DIS_XX.wav,data/raw/CREMA-D/AudioWAV/1062_WSI_DIS_XX.wav,1062,WSI,DIS,disgust
1062_WSI_FEA_XX.wav,data/raw/CREMA-D/AudioWAV/1062_WSI_FEA_XX.wav,1062,WSI,FEA,fear
1062_WSI_HAP_XX.wav,data/raw/CREMA-D/AudioWAV/1062_WSI_HAP_XX.wav,1062,WSI,HAP,happy
1062_WSI_NEU_XX.wav,data/raw/CREMA-D/AudioWAV/1062_WSI_NEU_XX.wav,1062,WSI,NEU,neutral
1062_WSI_SAD_XX.wav,data/raw/CREMA-D/AudioWAV/1062_WSI_SAD_XX.wav,1062,WSI,SAD,sad
1064_DFA_ANG_XX.wav,data/raw/CREMA-D/AudioWAV/1064_DFA_ANG_XX.wav,1064,DFA,ANG,angry
1064_DFA_DIS_XX.wav,data/raw/CREMA-D/AudioWAV/1064_DFA_DIS_XX.wav,1064,DFA,DIS,disgust
1064_DFA_FEA_XX.wav,data/raw/CREMA-D/AudioWAV/1064_DFA_FEA_XX.wav,1064,DFA,FEA,fear
1064_DFA_HAP_XX.wav,data/raw/CREMA-D/AudioWAV/1064_DFA_HAP_XX.wav,1064,DFA,HAP,happy
1064_DFA_NEU_XX.wav,data/raw/CREMA-D/AudioWAV/1064_DFA_NEU_XX.wav,1064,DFA,NEU,neutral
1064_DFA_SAD_XX.wav,data/raw/CREMA-D/AudioWAV/1064_DFA_SAD_XX.wav,1064,DFA,SAD,sad
1064_IEO_ANG_HI.wav,data/raw/CREMA-D/AudioWAV/1064_IEO_ANG_HI.wav,1064,IEO,ANG,angry
1064_IEO_ANG_LO.wav,data/raw/CREMA-D/AudioWAV/1064_IEO_ANG_LO.wav,1064,IEO,ANG,angry
1064_IEO_ANG_MD.wav,data/raw/CREMA-D/AudioWAV/1064_IEO_ANG_MD.wav,1064,IEO,ANG,angry
1064_IEO_DIS_HI.wav,data/raw/CREMA-D/AudioWAV/1064_IEO_DIS_HI.wav,1064,IEO,DIS,disgust
1064_IEO_DIS_LO.wav,data/raw/CREMA-D/AudioWAV/1064_IEO_DIS_LO.wav,1064,IEO,DIS,disgust
1064_IEO_DIS_MD.wav,data/raw/CREMA-D/AudioWAV/1064_IEO_DIS_MD.wav,1064,IEO,DIS,disgust
1064_IEO_FEA_HI.wav,data/raw/CREMA-D/AudioWAV/1064_IEO_FEA_HI.wav,1064,IEO,FEA,fear
1064_IEO_FEA_LO.wav,data/raw/CREMA-D/AudioWAV/1064_IEO_FEA_LO.wav,1064,IEO,FEA,fear
1064_IEO_FEA_MD.wav,data/raw/CREMA-D/AudioWAV/1064_IEO_FEA_MD.wav,1064,IEO,FEA,fear
1064_IEO_HAP_HI.wav,data/raw/CREMA-D/AudioWAV/1064_IEO_HAP_HI.wav,1064,IEO,HAP,happy
1064_IEO_HAP_LO.wav,data/raw/CREMA-D/AudioWAV/1064_IEO_HAP_LO.wav,1064,IEO,HAP,happy
1064_IEO_HAP_MD.wav,data/raw/CREMA-D/AudioWAV/1064_IEO_HAP_MD.wav,1064,IEO,HAP,happy
1064_IEO_NEU_XX.wav,data/raw/CREMA-D/AudioWAV/1064_IEO_NEU_XX.wav,1064,IEO,NEU,neutral
1064_IEO_SAD_HI.wav,data/raw/CREMA-D/AudioWAV/1064_IEO_SAD_HI.wav,1064,IEO,SAD,sad
1064_IEO_SAD_LO.wav,data/raw/CREMA-D/AudioWAV/1064_IEO_SAD_LO.wav,1064,IEO,SAD,sad
1064_IEO_SAD_MD.wav,data/raw/CREMA-D/AudioWAV/1064_IEO_SAD_MD.wav,1064,IEO,SAD,sad
1064_IOM_ANG_XX.wav,data/raw/CREMA-D/AudioWAV/1064_IOM_ANG_XX.wav,1064,IOM,ANG,angry
1064_IOM_DIS_XX.wav,data/raw/CREMA-D/AudioWAV/1064_IOM_DIS_XX.wav,1064,IOM,DIS,disgust
1064_IOM_FEA_XX.wav,data/raw/CREMA-D/AudioWAV/1064_IOM_FEA_XX.wav,1064,IOM,FEA,fear
1064_IOM_HAP_XX.wav,data/raw/CREMA-D/AudioWAV/1064_IOM_HAP_XX.wav,1064,IOM,HAP,happy
1064_IOM_NEU_XX.wav,data/raw/CREMA-D/AudioWAV/1064_IOM_NEU_XX.wav,1064,IOM,NEU,neutral
1064_IOM_SAD_XX.wav,data/raw/CREMA-D/AudioWAV/1064_IOM_SAD_XX.wav,1064,IOM,SAD,sad
1064_ITH_ANG_XX.wav,data/raw/CREMA-D/AudioWAV/1064_ITH_ANG_XX.wav,1064,ITH,ANG,angry
1064_ITH_DIS_XX.wav,data/raw/CREMA-D/AudioWAV/1064_ITH_DIS_XX.wav,1064,ITH,DIS,disgust
1064_ITH_FEA_XX.wav,data/raw/CREMA-D/AudioWAV/1064_ITH_FEA_XX.wav,1064,ITH,FEA,fear
1064_ITH_HAP_XX.wav,data/raw/CREMA-D/AudioWAV/1064_ITH_HAP_XX.wav,1064,ITH,HAP,happy
1064_ITH_NEU_XX.wav,data/raw/CREMA-D/AudioWAV/1064_ITH_NEU_XX.wav,1064,ITH,NEU,neutral
1064_ITH_SAD_XX.wav,data/raw/CREMA-D/AudioWAV/1064_ITH_SAD_XX.wav,1064,ITH,SAD,sad
1064_ITS_ANG_XX.wav,data/raw/CREMA-D/AudioWAV/1064_ITS_ANG_XX.wav,1064,ITS,ANG,angry
1064_ITS_DIS_XX.wav,data/raw/CREMA-D/AudioWAV/1064_ITS_DIS_XX.wav,1064,ITS,DIS,disgust
1064_ITS_FEA_XX.wav,data/raw/CREMA-D/AudioWAV/1064_ITS_FEA_XX.wav,1064,ITS,FEA,fear
1064_ITS_HAP_XX.wav,data/raw/CREMA-D/AudioWAV/1064_ITS_HAP_XX.wav,1064,ITS,HAP,happy
1064_ITS_NEU_XX.wav,data/raw/CREMA-D/AudioWAV/1064_ITS_NEU_XX.wav,1064,ITS,NEU,neutral
1064_ITS_SAD_XX.wav,data/raw/CREMA-D/AudioWAV/1064_ITS_SAD_XX.wav,1064,ITS,SAD,sad
1064_IWL_ANG_XX.wav,data/raw/CREMA-D/AudioWAV/1064_IWL_ANG_XX.wav,1064,IWL,ANG,angry
1064_IWL_DIS_XX.wav,data/raw/CREMA-D/AudioWAV/1064_IWL_DIS_XX.wav,1064,IWL,DIS,disgust
1064_IWL_FEA_XX.wav,data/raw/CREMA-D/AudioWAV/1064_IWL_FEA_XX.wav,1064,IWL,FEA,fear
1064_IWL_HAP_XX.wav,data/raw/CREMA-D/AudioWAV/1064_IWL_HAP_XX.wav,1064,IWL,HAP,happy
1064_IWL_NEU_XX.wav,data/raw/CREMA-D/AudioWAV/1064_IWL_NEU_XX.wav,1064,IWL,NEU,neutral
1064_IWL_SAD_XX.wav,data/raw/CREMA-D/AudioWAV/1064_IWL_SAD_XX.wav,1064,IWL,SAD,sad
1064_IWW_ANG_XX.wav,data/raw/CREMA-D/AudioWAV/1064_IWW_ANG_XX.wav,1064,IWW,ANG,angry
1064_IWW_DIS_XX.wav,data/raw/CREMA-D/AudioWAV/1064_IWW_DIS_XX.wav,1064,IWW,DIS,disgust
1064_IWW_FEA_XX.wav,data/raw/CREMA-D/AudioWAV/1064_IWW_FEA_XX.wav,1064,IWW,FEA,fear
1064_IWW_HAP_XX.wav,data/raw/CREMA-D/AudioWAV/1064_IWW_HAP_XX.wav,1064,IWW,HAP,happy
1064_IWW_NEU_XX.wav,data/raw/CREMA-D/AudioWAV/1064_IWW_NEU_XX.wav,1064,IWW,NEU,neutral
1064_IWW_SAD_XX.wav,data/raw/CREMA-D/AudioWAV/1064_IWW_SAD_XX.wav,1064,IWW,SAD,sad
1064_MTI_ANG_XX.wav,data/raw/CREMA-D/AudioWAV/1064_MTI_ANG_XX.wav,1064,MTI,ANG,angry
1064_MTI_DIS_XX.wav,data/raw/CREMA-D/AudioWAV/1064_MTI_DIS_XX.wav,1064,MTI,DIS,disgust
1064_MTI_FEA_XX.wav,data/raw/CREMA-D/AudioWAV/1064_MTI_FEA_XX.wav,1064,MTI,FEA,fear
1064_MTI_HAP_XX.wav,data/raw/CREMA-D/AudioWAV/1064_MTI_HAP_XX.wav,1064,MTI,HAP,happy
1064_MTI_NEU_XX.wav,data/raw/CREMA-D/AudioWAV/1064_MTI_NEU_XX.wav,1064,MTI,NEU,neutral
1064_MTI_SAD_XX.wav,data/raw/CREMA-D/AudioWAV/1064_MTI_SAD_XX.wav,1064,MTI,SAD,sad
1064_TAI_ANG_XX.wav,data/raw/CREMA-D/AudioWAV/1064_TAI_ANG_XX.wav,1064,TAI,ANG,angry
1064_TAI_DIS_XX.wav,data/raw/CREMA-D/AudioWAV/1064_TAI_DIS_XX.wav,1064,TAI,DIS,disgust
1064_TAI_FEA_XX.wav,data/raw/CREMA-D/AudioWAV/1064_TAI_FEA_XX.wav,1064,TAI,FEA,fear
1064_TAI_HAP_XX.wav,data/raw/CREMA-D/AudioWAV/1064_TAI_HAP_XX.wav,1064,TAI,HAP,happy
1064_TAI_NEU_XX.wav,data/raw/CREMA-D/AudioWAV/1064_TAI_NEU_XX.wav,1064,TAI,NEU,neutral
1064_TAI_SAD_XX.wav,data/raw/CREMA-D/AudioWAV/1064_TAI_SAD_XX.wav,1064,TAI,SAD,sad
1064_TIE_ANG_XX.wav,data/raw/CREMA-D/AudioWAV/1064_TIE_ANG_XX.wav,1064,TIE,ANG,angry
1064_TIE_DIS_XX.wav,data/raw/CREMA-D/AudioWAV/1064_TIE_DIS_XX.wav,1064,TIE,DIS,disgust
1064_TIE_FEA_XX.wav,data/raw/CREMA-D/AudioWAV/1064_TIE_FEA_XX.wav,1064,TIE,FEA,fear
1064_TIE_HAP_XX.wav,data/raw/CREMA-D/AudioWAV/1064_TIE_HAP_XX.wav,1064,TIE,HAP,happy
1064_TIE_NEU_XX.wav,data/raw/CREMA-D/AudioWAV/1064_TIE_NEU_XX.wav,1064,TIE,NEU,neutral
1064_TIE_SAD_XX.wav,data/raw/CREMA-D/AudioWAV/1064_TIE_SAD_XX.wav,1064,TIE,SAD,sad
1064_TSI_ANG_XX.wav,data/raw/CREMA-D/AudioWAV/1064_TSI_ANG_XX.wav,1064,TSI,ANG,angry
1064_TSI_DIS_XX.wav,data/raw/CREMA-D/AudioWAV/1064_TSI_DIS_XX.wav,1064,TSI,DIS,disgust
1064_TSI_FEA_XX.wav,data/raw/CREMA-D/AudioWAV/1064_TSI_FEA_XX.wav,1064,TSI,FEA,fear
1064_TSI_HAP_XX.wav,data/raw/CREMA-D/AudioWAV/1064_TSI_HAP_XX.wav,1064,TSI,HAP,happy
1064_TSI_NEU_XX.wav,data/raw/CREMA-D/AudioWAV/1064_TSI_NEU_XX.wav,1064,TSI,NEU,neutral
1064_TSI_SAD_XX.wav,data/raw/CREMA-D/AudioWAV/1064_TSI_SAD_XX.wav,1064,TSI,SAD,sad
1064_WSI_ANG_XX.wav,data/raw/CREMA-D/AudioWAV/1064_WSI_ANG_XX.wav,1064,WSI,ANG,angry
1064_WSI_DIS_XX.wav,data/raw/CREMA-D/AudioWAV/1064_WSI_DIS_XX.wav,1064,WSI,DIS,disgust
1064_WSI_FEA_XX.wav,data/raw/CREMA-D/AudioWAV/1064_WSI_FEA_XX.wav,1064,WSI,FEA,fear
1064_WSI_HAP_XX.wav,data/raw/CREMA-D/AudioWAV/1064_WSI_HAP_XX.wav,1064,WSI,HAP,happy
1064_WSI_NEU_XX.wav,data/raw/CREMA-D/AudioWAV/1064_WSI_NEU_XX.wav,1064,WSI,NEU,neutral
1064_WSI_SAD_XX.wav,data/raw/CREMA-D/AudioWAV/1064_WSI_SAD_XX.wav,1064,WSI,SAD,sad
1070_DFA_ANG_XX.wav,data/raw/CREMA-D/AudioWAV/1070_DFA_ANG_XX.wav,1070,DFA,ANG,angry
1070_DFA_DIS_XX.wav,data/raw/CREMA-D/AudioWAV/1070_DFA_DIS_XX.wav,1070,DFA,DIS,disgust
1070_DFA_FEA_XX.wav,data/raw/CREMA-D/AudioWAV/1070_DFA_FEA_XX.wav,1070,DFA,FEA,fear
1070_DFA_HAP_XX.wav,data/raw/CREMA-D/AudioWAV/1070_DFA_HAP_XX.wav,1070,DFA,HAP,happy
1070_DFA_NEU_XX.wav,data/raw/CREMA-D/AudioWAV/1070_DFA_NEU_XX.wav,1070,DFA,NEU,neutral
1070_DFA_SAD_XX.wav,data/raw/CREMA-D/AudioWAV/1070_DFA_SAD_XX.wav,1070,DFA,SAD,sad
1070_IEO_ANG_HI.wav,data/raw/CREMA-D/AudioWAV/1070_IEO_ANG_HI.wav,1070,IEO,ANG,angry
1070_IEO_ANG_LO.wav,data/raw/CREMA-D/AudioWAV/1070_IEO_ANG_LO.wav,1070,IEO,ANG,angry
1070_IEO_ANG_MD.wav,data/raw/CREMA-D/AudioWAV/1070_IEO_ANG_MD.wav,1070,IEO,ANG,angry
1070_IEO_DIS_HI.wav,data/raw/CREMA-D/AudioWAV/1070_IEO_DIS_HI.wav,1070,IEO,DIS,disgust
1070_IEO_DIS_LO.wav,data/raw/CREMA-D/AudioWAV/1070_IEO_DIS_LO.wav,1070,IEO,DIS,disgust
1070_IEO_DIS_MD.wav,data/raw/CREMA-D/AudioWAV/1070_IEO_DIS_MD.wav,1070,IEO,DIS,disgust
1070_IEO_FEA_HI.wav,data/raw/CREMA-D/AudioWAV/1070_IEO_FEA_HI.wav,1070,IEO,FEA,fear
1070_IEO_FEA_LO.wav,data/raw/CREMA-D/AudioWAV/1070_IEO_FEA_LO.wav,1070,IEO,FEA,fear
1070_IEO_FEA_MD.wav,data/raw/CREMA-D/AudioWAV/1070_IEO_FEA_MD.wav,1070,IEO,FEA,fear
1070_IEO_HAP_HI.wav,data/raw/CREMA-D/AudioWAV/1070_IEO_HAP_HI.wav,1070,IEO,HAP,happy
1070_IEO_HAP_LO.wav,data/raw/CREMA-D/AudioWAV/1070_IEO_HAP_LO.wav,1070,IEO,HAP,happy
1070_IEO_HAP_MD.wav,data/raw/CREMA-D/AudioWAV/1070_IEO_HAP_MD.wav,1070,IEO,HAP,happy
1070_IEO_NEU_XX.wav,data/raw/CREMA-D/AudioWAV/1070_IEO_NEU_XX.wav,1070,IEO,NEU,neutral
1070_IEO_SAD_HI.wav,data/raw/CREMA-D/AudioWAV/1070_IEO_SAD_HI.wav,1070,IEO,SAD,sad
1070_IEO_SAD_LO.wav,data/raw/CREMA-D/AudioWAV/1070_IEO_SAD_LO.wav,1070,IEO,SAD,sad
1070_IEO_SAD_MD.wav,data/raw/CREMA-D/AudioWAV/1070_IEO_SAD_MD.wav,1070,IEO,SAD,sad
1070_IOM_ANG_XX.wav,data/raw/CREMA-D/AudioWAV/1070_IOM_ANG_XX.wav,1070,IOM,ANG,angry
1070_IOM_DIS_XX.wav,data/raw/CREMA-D/AudioWAV/1070_IOM_DIS_XX.wav,1070,IOM,DIS,disgust
1070_IOM_FEA_XX.wav,data/raw/CREMA-D/AudioWAV/1070_IOM_FEA_XX.wav,1070,IOM,FEA,fear
1070_IOM_HAP_XX.wav,data/raw/CREMA-D/AudioWAV/1070_IOM_HAP_XX.wav,1070,IOM,HAP,happy
1070_IOM_NEU_XX.wav,data/raw/CREMA-D/AudioWAV/1070_IOM_NEU_XX.wav,1070,IOM,NEU,neutral
1070_IOM_SAD_XX.wav,data/raw/CREMA-D/AudioWAV/1070_IOM_SAD_XX.wav,1070,IOM,SAD,sad
1070_ITH_ANG_XX.wav,data/raw/CREMA-D/AudioWAV/1070_ITH_ANG_XX.wav,1070,ITH,ANG,angry
1070_ITH_DIS_XX.wav,data/raw/CREMA-D/AudioWAV/1070_ITH_DIS_XX.wav,1070,ITH,DIS,disgust
1070_ITH_FEA_XX.wav,data/raw/CREMA-D/AudioWAV/1070_ITH_FEA_XX.wav,1070,ITH,FEA,fear
1070_ITH_HAP_XX.wav,data/raw/CREMA-D/AudioWAV/1070_ITH_HAP_XX.wav,1070,ITH,HAP,happy
1070_ITH_NEU_XX.wav,data/raw/CREMA-D/AudioWAV/1070_ITH_NEU_XX.wav,1070,ITH,NEU,neutral
1070_ITH_SAD_XX.wav,data/raw/CREMA-D/AudioWAV/1070_ITH_SAD_XX.wav,1070,ITH,SAD,sad
1070_ITS_ANG_XX.wav,data/raw/CREMA-D/AudioWAV/1070_ITS_ANG_XX.wav,1070,ITS,ANG,angry
1070_ITS_DIS_XX.wav,data/raw/CREMA-D/AudioWAV/1070_ITS_DIS_XX.wav,1070,ITS,DIS,disgust
1070_ITS_FEA_XX.wav,data/raw/CREMA-D/AudioWAV/1070_ITS_FEA_XX.wav,1070,ITS,FEA,fear
1070_ITS_HAP_XX.wav,data/raw/CREMA-D/AudioWAV/1070_ITS_HAP_XX.wav,1070,ITS,HAP,happy
1070_ITS_NEU_XX.wav,data/raw/CREMA-D/AudioWAV/1070_ITS_NEU_XX.wav,1070,ITS,NEU,neutral
1070_ITS_SAD_XX.wav,data/raw/CREMA-D/AudioWAV/1070_ITS_SAD_XX.wav,1070,ITS,SAD,sad
1070_IWL_ANG_XX.wav,data/raw/CREMA-D/AudioWAV/1070_IWL_ANG_XX.wav,1070,IWL,ANG,angry
1070_IWL_DIS_XX.wav,data/raw/CREMA-D/AudioWAV/1070_IWL_DIS_XX.wav,1070,IWL,DIS,disgust
1070_IWL_FEA_XX.wav,data/raw/CREMA-D/AudioWAV/1070_IWL_FEA_XX.wav,1070,IWL,FEA,fear
1070_IWL_HAP_XX.wav,data/raw/CREMA-D/AudioWAV/1070_IWL_HAP_XX.wav,1070,IWL,HAP,happy
1070_IWL_NEU_XX.wav,data/raw/CREMA-D/AudioWAV/1070_IWL_NEU_XX.wav,1070,IWL,NEU,neutral
1070_IWL_SAD_XX.wav,data/raw/CREMA-D/AudioWAV/1070_IWL_SAD_XX.wav,1070,IWL,SAD,sad
1070_IWW_ANG_XX.wav,data/raw/CREMA-D/AudioWAV/1070_IWW_ANG_XX.wav,1070,IWW,ANG,angry
1070_IWW_DIS_XX.wav,data/raw/CREMA-D/AudioWAV/1070_IWW_DIS_XX.wav,1070,IWW,DIS,disgust
1070_IWW_FEA_XX.wav,data/raw/CREMA-D/AudioWAV/1070_IWW_FEA_XX.wav,1070,IWW,FEA,fear
1070_IWW_HAP_XX.wav,data/raw/CREMA-D/AudioWAV/1070_IWW_HAP_XX.wav,1070,IWW,HAP,happy
1070_IWW_NEU_XX.wav,data/raw/CREMA-D/AudioWAV/1070_IWW_NEU_XX.wav,1070,IWW,NEU,neutral
1070_IWW_SAD_XX.wav,data/raw/CREMA-D/AudioWAV/1070_IWW_SAD_XX.wav,1070,IWW,SAD,sad
1070_MTI_ANG_XX.wav,data/raw/CREMA-D/AudioWAV/1070_MTI_ANG_XX.wav,1070,MTI,ANG,angry
1070_MTI_DIS_XX.wav,data/raw/CREMA-D/AudioWAV/1070_MTI_DIS_XX.wav,1070,MTI,DIS,disgust
1070_MTI_FEA_XX.wav,data/raw/CREMA-D/AudioWAV/1070_MTI_FEA_XX.wav,1070,MTI,FEA,fear
1070_MTI_HAP_XX.wav,data/raw/CREMA-D/AudioWAV/1070_MTI_HAP_XX.wav,1070,MTI,HAP,happy
1070_MTI_NEU_XX.wav,data/raw/CREMA-D/AudioWAV/1070_MTI_NEU_XX.wav,1070,MTI,NEU,neutral
1070_MTI_SAD_XX.wav,data/raw/CREMA-D/AudioWAV/1070_MTI_SAD_XX.wav,1070,MTI,SAD,sad
1070_TAI_ANG_XX.wav,data/raw/CREMA-D/AudioWAV/1070_TAI_ANG_XX.wav,1070,TAI,ANG,angry
1070_TAI_DIS_XX.wav,data/raw/CREMA-D/AudioWAV/1070_TAI_DIS_XX.wav,1070,TAI,DIS,disgust
1070_TAI_FEA_XX.wav,data/raw/CREMA-D/AudioWAV/1070_TAI_FEA_XX.wav,1070,TAI,FEA,fear
1070_TAI_HAP_XX.wav,data/raw/CREMA-D/AudioWAV/1070_TAI_HAP_XX.wav,1070,TAI,HAP,happy
1070_TAI_NEU_XX.wav,data/raw/CREMA-D/AudioWAV/1070_TAI_NEU_XX.wav,1070,TAI,NEU,neutral
1070_TAI_SAD_XX.wav,data/raw/CREMA-D/AudioWAV/1070_TAI_SAD_XX.wav,1070,TAI,SAD,sad
1070_TIE_ANG_XX.wav,data/raw/CREMA-D/AudioWAV/1070_TIE_ANG_XX.wav,1070,TIE,ANG,angry
1070_TIE_DIS_XX.wav,data/raw/CREMA-D/AudioWAV/1070_TIE_DIS_XX.wav,1070,TIE,DIS,disgust
1070_TIE_FEA_XX.wav,data/raw/CREMA-D/AudioWAV/1070_TIE_FEA_XX.wav,1070,TIE,FEA,fear
1070_TIE_HAP_XX.wav,data/raw/CREMA-D/AudioWAV/1070_TIE_HAP_XX.wav,1070,TIE,HAP,happy
1070_TIE_NEU_XX.wav,data/raw/CREMA-D/AudioWAV/1070_TIE_NEU_XX.wav,1070,TIE,NEU,neutral
1070_TIE_SAD_XX.wav,data/raw/CREMA-D/AudioWAV/1070_TIE_SAD_XX.wav,1070,TIE,SAD,sad
1070_TSI_ANG_XX.wav,data/raw/CREMA-D/AudioWAV/1070_TSI_ANG_XX.wav,1070,TSI,ANG,angry
1070_TSI_DIS_XX.wav,data/raw/CREMA-D/AudioWAV/1070_TSI_DIS_XX.wav,1070,TSI,DIS,disgust
1070_TSI_FEA_XX.wav,data/raw/CREMA-D/AudioWAV/1070_TSI_FEA_XX.wav,1070,TSI,FEA,fear
1070_TSI_HAP_XX.wav,data/raw/CREMA-D/AudioWAV/1070_TSI_HAP_XX.wav,1070,TSI,HAP,happy
1070_TSI_NEU_XX.wav,data/raw/CREMA-D/AudioWAV/1070_TSI_NEU_XX.wav,1070,TSI,NEU,neutral
1070_TSI_SAD_XX.wav,data/raw/CREMA-D/AudioWAV/1070_TSI_SAD_XX.wav,1070,TSI,SAD,sad
1070_WSI_ANG_XX.wav,data/raw/CREMA-D/AudioWAV/1070_WSI_ANG_XX.wav,1070,WSI,ANG,angry
1070_WSI_DIS_XX.wav,data/raw/CREMA-D/AudioWAV/1070_WSI_DIS_XX.wav,1070,WSI,DIS,disgust
1070_WSI_FEA_XX.wav,data/raw/CREMA-D/AudioWAV/1070_WSI_FEA_XX.wav,1070,WSI,FEA,fear
1070_WSI_HAP_XX.wav,data/raw/CREMA-D/AudioWAV/1070_WSI_HAP_XX.wav,1070,WSI,HAP,happy
1070_WSI_NEU_XX.wav,data/raw/CREMA-D/AudioWAV/1070_WSI_NEU_XX.wav,1070,WSI,NEU,neutral
1070_WSI_SAD_XX.wav,data/raw/CREMA-D/AudioWAV/1070_WSI_SAD_XX.wav,1070,WSI,SAD,sad
1072_DFA_ANG_XX.wav,data/raw/CREMA-D/AudioWAV/1072_DFA_ANG_XX.wav,1072,DFA,ANG,angry
1072_DFA_DIS_XX.wav,data/raw/CREMA-D/AudioWAV/1072_DFA_DIS_XX.wav,1072,DFA,DIS,disgust
1072_DFA_FEA_XX.wav,data/raw/CREMA-D/AudioWAV/1072_DFA_FEA_XX.wav,1072,DFA,FEA,fear
1072_DFA_HAP_XX.wav,data/raw/CREMA-D/AudioWAV/1072_DFA_HAP_XX.wav,1072,DFA,HAP,happy
1072_DFA_NEU_XX.wav,data/raw/CREMA-D/AudioWAV/1072_DFA_NEU_XX.wav,1072,DFA,NEU,neutral
1072_DFA_SAD_XX.wav,data/raw/CREMA-D/AudioWAV/1072_DFA_SAD_XX.wav,1072,DFA,SAD,sad
1072_IEO_ANG_HI.wav,data/raw/CREMA-D/AudioWAV/1072_IEO_ANG_HI.wav,1072,IEO,ANG,angry
1072_IEO_ANG_LO.wav,data/raw/CREMA-D/AudioWAV/1072_IEO_ANG_LO.wav,1072,IEO,ANG,angry
1072_IEO_ANG_MD.wav,data/raw/CREMA-D/AudioWAV/1072_IEO_ANG_MD.wav,1072,IEO,ANG,angry
1072_IEO_DIS_HI.wav,data/raw/CREMA-D/AudioWAV/1072_IEO_DIS_HI.wav,1072,IEO,DIS,disgust
1072_IEO_DIS_LO.wav,data/raw/CREMA-D/AudioWAV/1072_IEO_DIS_LO.wav,1072,IEO,DIS,disgust
1072_IEO_DIS_MD.wav,data/raw/CREMA-D/AudioWAV/1072_IEO_DIS_MD.wav,1072,IEO,DIS,disgust
1072_IEO_FEA_HI.wav,data/raw/CREMA-D/AudioWAV/1072_IEO_FEA_HI.wav,1072,IEO,FEA,fear
1072_IEO_FEA_LO.wav,data/raw/CREMA-D/AudioWAV/1072_IEO_FEA_LO.wav,1072,IEO,FEA,fear
1072_IEO_FEA_MD.wav,data/raw/CREMA-D/AudioWAV/1072_IEO_FEA_MD.wav,1072,IEO,FEA,fear
1072_IEO_HAP_HI.wav,data/raw/CREMA-D/AudioWAV/1072_IEO_HAP_HI.wav,1072,IEO,HAP,happy
1072_IEO_HAP_LO.wav,data/raw/CREMA-D/AudioWAV/1072_IEO_HAP_LO.wav,1072,IEO,HAP,happy
1072_IEO_HAP_MD.wav,data/raw/CREMA-D/AudioWAV/1072_IEO_HAP_MD.wav,1072,IEO,HAP,happy
1072_IEO_NEU_XX.wav,data/raw/CREMA-D/AudioWAV/1072_IEO_NEU_XX.wav,1072,IEO,NEU,neutral
1072_IEO_SAD_HI.wav,data/raw/CREMA-D/AudioWAV/1072_IEO_SAD_HI.wav,1072,IEO,SAD,sad
1072_IEO_SAD_LO.wav,data/raw/CREMA-D/AudioWAV/1072_IEO_SAD_LO.wav,1072,IEO,SAD,sad
1072_IEO_SAD_MD.wav,data/raw/CREMA-D/AudioWAV/1072_IEO_SAD_MD.wav,1072,IEO,SAD,sad
1072_IOM_ANG_XX.wav,data/raw/CREMA-D/AudioWAV/1072_IOM_ANG_XX.wav,1072,IOM,ANG,angry
1072_IOM_DIS_XX.wav,data/raw/CREMA-D/AudioWAV/1072_IOM_DIS_XX.wav,1072,IOM,DIS,disgust
1072_IOM_FEA_XX.wav,data/raw/CREMA-D/AudioWAV/1072_IOM_FEA_XX.wav,1072,IOM,FEA,fear
1072_IOM_HAP_XX.wav,data/raw/CREMA-D/AudioWAV/1072_IOM_HAP_XX.wav,1072,IOM,HAP,happy
1072_IOM_NEU_XX.wav,data/raw/CREMA-D/AudioWAV/1072_IOM_NEU_XX.wav,1072,IOM,NEU,neutral
1072_IOM_SAD_XX.wav,data/raw/CREMA-D/AudioWAV/1072_IOM_SAD_XX.wav,1072,IOM,SAD,sad
1072_ITH_ANG_XX.wav,data/raw/CREMA-D/AudioWAV/1072_ITH_ANG_XX.wav,1072,ITH,ANG,angry
1072_ITH_DIS_XX.wav,data/raw/CREMA-D/AudioWAV/1072_ITH_DIS_XX.wav,1072,ITH,DIS,disgust
1072_ITH_FEA_XX.wav,data/raw/CREMA-D/AudioWAV/1072_ITH_FEA_XX.wav,1072,ITH,FEA,fear
1072_ITH_HAP_XX.wav,data/raw/CREMA-D/AudioWAV/1072_ITH_HAP_XX.wav,1072,ITH,HAP,happy
1072_ITH_NEU_XX.wav,data/raw/CREMA-D/AudioWAV/1072_ITH_NEU_XX.wav,1072,ITH,NEU,neutral
1072_ITH_SAD_XX.wav,data/raw/CREMA-D/AudioWAV/1072_ITH_SAD_XX.wav,1072,ITH,SAD,sad
1072_ITS_ANG_XX.wav,data/raw/CREMA-D/AudioWAV/1072_ITS_ANG_XX.wav,1072,ITS,ANG,angry
1072_ITS_DIS_XX.wav,data/raw/CREMA-D/AudioWAV/1072_ITS_DIS_XX.wav,1072,ITS,DIS,disgust
1072_ITS_FEA_XX.wav,data/raw/CREMA-D/AudioWAV/1072_ITS_FEA_XX.wav,1072,ITS,FEA,fear
1072_ITS_HAP_XX.wav,data/raw/CREMA-D/AudioWAV/1072_ITS_HAP_XX.wav,1072,ITS,HAP,happy
1072_ITS_NEU_XX.wav,data/raw/CREMA-D/AudioWAV/1072_ITS_NEU_XX.wav,1072,ITS,NEU,neutral
1072_ITS_SAD_XX.wav,data/raw/CREMA-D/AudioWAV/1072_ITS_SAD_XX.wav,1072,ITS,SAD,sad
1072_IWL_ANG_XX.wav,data/raw/CREMA-D/AudioWAV/1072_IWL_ANG_XX.wav,1072,IWL,ANG,angry
1072_IWL_DIS_XX.wav,data/raw/CREMA-D/AudioWAV/1072_IWL_DIS_XX.wav,1072,IWL,DIS,disgust
1072_IWL_FEA_XX.wav,data/raw/CREMA-D/AudioWAV/1072_IWL_FEA_XX.wav,1072,IWL,FEA,fear
1072_IWL_HAP_XX.wav,data/raw/CREMA-D/AudioWAV/1072_IWL_HAP_XX.wav,1072,IWL,HAP,happy
1072_IWL_NEU_XX.wav,data/raw/CREMA-D/AudioWAV/1072_IWL_NEU_XX.wav,1072,IWL,NEU,neutral
1072_IWL_SAD_XX.wav,data/raw/CREMA-D/AudioWAV/1072_IWL_SAD_XX.wav,1072,IWL,SAD,sad
1072_IWW_ANG_XX.wav,data/raw/CREMA-D/AudioWAV/1072_IWW_ANG_XX.wav,1072,IWW,ANG,angry
1072_IWW_DIS_XX.wav,data/raw/CREMA-D/AudioWAV/1072_IWW_DIS_XX.wav,1072,IWW,DIS,disgust
1072_IWW_FEA_XX.wav,data/raw/CREMA-D/AudioWAV/1072_IWW_FEA_XX.wav,1072,IWW,FEA,fear
1072_IWW_HAP_XX.wav,data/raw/CREMA-D/AudioWAV/1072_IWW_HAP_XX.wav,1072,IWW,HAP,happy
1072_IWW_NEU_XX.wav,data/raw/CREMA-D/AudioWAV/1072_IWW_NEU_XX.wav,1072,IWW,NEU,neutral
1072_IWW_SAD_XX.wav,data/raw/CREMA-D/AudioWAV/1072_IWW_SAD_XX.wav,1072,IWW,SAD,sad
1072_MTI_ANG_XX.wav,data/raw/CREMA-D/AudioWAV/1072_MTI_ANG_XX.wav,1072,MTI,ANG,angry
1072_MTI_DIS_XX.wav,data/raw/CREMA-D/AudioWAV/1072_MTI_DIS_XX.wav,1072,MTI,DIS,disgust
1072_MTI_FEA_XX.wav,data/raw/CREMA-D/AudioWAV/1072_MTI_FEA_XX.wav,1072,MTI,FEA,fear
1072_MTI_HAP_XX.wav,data/raw/CREMA-D/AudioWAV/1072_MTI_HAP_XX.wav,1072,MTI,HAP,happy
1072_MTI_NEU_XX.wav,data/raw/CREMA-D/AudioWAV/1072_MTI_NEU_XX.wav,1072,MTI,NEU,neutral
1072_MTI_SAD_XX.wav,data/raw/CREMA-D/AudioWAV/1072_MTI_SAD_XX.wav,1072,MTI,SAD,sad
1072_TAI_ANG_XX.wav,data/raw/CREMA-D/AudioWAV/1072_TAI_ANG_XX.wav,1072,TAI,ANG,angry
1072_TAI_DIS_XX.wav,data/raw/CREMA-D/AudioWAV/1072_TAI_DIS_XX.wav,1072,TAI,DIS,disgust
1072_TAI_FEA_XX.wav,data/raw/CREMA-D/AudioWAV/1072_TAI_FEA_XX.wav,1072,TAI,FEA,fear
1072_TAI_HAP_XX.wav,data/raw/CREMA-D/AudioWAV/1072_TAI_HAP_XX.wav,1072,TAI,HAP,happy
1072_TAI_NEU_XX.wav,data/raw/CREMA-D/AudioWAV/1072_TAI_NEU_XX.wav,1072,TAI,NEU,neutral
1072_TAI_SAD_XX.wav,data/raw/CREMA-D/AudioWAV/1072_TAI_SAD_XX.wav,1072,TAI,SAD,sad
1072_TIE_ANG_XX.wav,data/raw/CREMA-D/AudioWAV/1072_TIE_ANG_XX.wav,1072,TIE,ANG,angry
1072_TIE_DIS_XX.wav,data/raw/CREMA-D/AudioWAV/1072_TIE_DIS_XX.wav,1072,TIE,DIS,disgust
1072_TIE_FEA_XX.wav,data/raw/CREMA-D/AudioWAV/1072_TIE_FEA_XX.wav,1072,TIE,FEA,fear
1072_TIE_HAP_XX.wav,data/raw/CREMA-D/AudioWAV/1072_TIE_HAP_XX.wav,1072,TIE,HAP,happy
1072_TIE_NEU_XX.wav,data/raw/CREMA-D/AudioWAV/1072_TIE_NEU_XX.wav,1072,TIE,NEU,neutral
1072_TIE_SAD_XX.wav,data/raw/CREMA-D/AudioWAV/1072_TIE_SAD_XX.wav,1072,TIE,SAD,sad
1072_TSI_ANG_XX.wav,data/raw/CREMA-D/AudioWAV/1072_TSI_ANG_XX.wav,1072,TSI,ANG,angry
1072_TSI_DIS_XX.wav,data/raw/CREMA-D/AudioWAV/1072_TSI_DIS_XX.wav,1072,TSI,DIS,disgust
1072_TSI_FEA_XX.wav,data/raw/CREMA-D/AudioWAV/1072_TSI_FEA_XX.wav,1072,TSI,FEA,fear
1072_TSI_HAP_XX.wav,data/raw/CREMA-D/AudioWAV/1072_TSI_HAP_XX.wav,1072,TSI,HAP,happy
1072_TSI_NEU_XX.wav,data/raw/CREMA-D/AudioWAV/1072_TSI_NEU_XX.wav,1072,TSI,NEU,neutral
1072_TSI_SAD_XX.wav,data/raw/CREMA-D/AudioWAV/1072_TSI_SAD_XX.wav,1072,TSI,SAD,sad
1072_WSI_ANG_XX.wav,data/raw/CREMA-D/AudioWAV/1072_WSI_ANG_XX.wav,1072,WSI,ANG,angry
1072_WSI_DIS_XX.wav,data/raw/CREMA-D/AudioWAV/1072_WSI_DIS_XX.wav,1072,WSI,DIS,disgust
1072_WSI_FEA_XX.wav,data/raw/CREMA-D/AudioWAV/1072_WSI_FEA_XX.wav,1072,WSI,FEA,fear
1072_WSI_HAP_XX.wav,data/raw/CREMA-D/AudioWAV/1072_WSI_HAP_XX.wav,1072,WSI,HAP,happy
1072_WSI_NEU_XX.wav,data/raw/CREMA-D/AudioWAV/1072_WSI_NEU_XX.wav,1072,WSI,NEU,neutral
1072_WSI_SAD_XX.wav,data/raw/CREMA-D/AudioWAV/1072_WSI_SAD_XX.wav,1072,WSI,SAD,sad
1073_DFA_ANG_XX.wav,data/raw/CREMA-D/AudioWAV/1073_DFA_ANG_XX.wav,1073,DFA,ANG,angry
1073_DFA_DIS_XX.wav,data/raw/CREMA-D/AudioWAV/1073_DFA_DIS_XX.wav,1073,DFA,DIS,disgust
1073_DFA_FEA_XX.wav,data/raw/CREMA-D/AudioWAV/1073_DFA_FEA_XX.wav,1073,DFA,FEA,fear
1073_DFA_HAP_XX.wav,data/raw/CREMA-D/AudioWAV/1073_DFA_HAP_XX.wav,1073,DFA,HAP,happy
1073_DFA_NEU_XX.wav,data/raw/CREMA-D/AudioWAV/1073_DFA_NEU_XX.wav,1073,DFA,NEU,neutral
1073_DFA_SAD_XX.wav,data/raw/CREMA-D/AudioWAV/1073_DFA_SAD_XX.wav,1073,DFA,SAD,sad
1073_IEO_ANG_HI.wav,data/raw/CREMA-D/AudioWAV/1073_IEO_ANG_HI.wav,1073,IEO,ANG,angry
1073_IEO_ANG_LO.wav,data/raw/CREMA-D/AudioWAV/1073_IEO_ANG_LO.wav,1073,IEO,ANG,angry
1073_IEO_ANG_MD.wav,data/raw/CREMA-D/AudioWAV/1073_IEO_ANG_MD.wav,1073,IEO,ANG,angry
1073_IEO_DIS_HI.wav,data/raw/CREMA-D/AudioWAV/1073_IEO_DIS_HI.wav,1073,IEO,DIS,disgust
1073_IEO_DIS_LO.wav,data/raw/CREMA-D/AudioWAV/1073_IEO_DIS_LO.wav,1073,IEO,DIS,disgust
1073_IEO_DIS_MD.wav,data/raw/CREMA-D/AudioWAV/1073_IEO_DIS_MD.wav,1073,IEO,DIS,disgust
1073_IEO_FEA_HI.wav,data/raw/CREMA-D/AudioWAV/1073_IEO_FEA_HI.wav,1073,IEO,FEA,fear
1073_IEO_FEA_LO.wav,data/raw/CREMA-D/AudioWAV/1073_IEO_FEA_LO.wav,1073,IEO,FEA,fear
1073_IEO_FEA_MD.wav,data/raw/CREMA-D/AudioWAV/1073_IEO_FEA_MD.wav,1073,IEO,FEA,fear
1073_IEO_HAP_HI.wav,data/raw/CREMA-D/AudioWAV/1073_IEO_HAP_HI.wav,1073,IEO,HAP,happy
1073_IEO_HAP_LO.wav,data/raw/CREMA-D/AudioWAV/1073_IEO_HAP_LO.wav,1073,IEO,HAP,happy
1073_IEO_HAP_MD.wav,data/raw/CREMA-D/AudioWAV/1073_IEO_HAP_MD.wav,1073,IEO,HAP,happy
1073_IEO_NEU_XX.wav,data/raw/CREMA-D/AudioWAV/1073_IEO_NEU_XX.wav,1073,IEO,NEU,neutral
1073_IEO_SAD_HI.wav,data/raw/CREMA-D/AudioWAV/1073_IEO_SAD_HI.wav,1073,IEO,SAD,sad
1073_IEO_SAD_LO.wav,data/raw/CREMA-D/AudioWAV/1073_IEO_SAD_LO.wav,1073,IEO,SAD,sad
1073_IEO_SAD_MD.wav,data/raw/CREMA-D/AudioWAV/1073_IEO_SAD_MD.wav,1073,IEO,SAD,sad
1073_IOM_ANG_XX.wav,data/raw/CREMA-D/AudioWAV/1073_IOM_ANG_XX.wav,1073,IOM,ANG,angry
1073_IOM_DIS_XX.wav,data/raw/CREMA-D/AudioWAV/1073_IOM_DIS_XX.wav,1073,IOM,DIS,disgust
1073_IOM_FEA_XX.wav,data/raw/CREMA-D/AudioWAV/1073_IOM_FEA_XX.wav,1073,IOM,FEA,fear
1073_IOM_HAP_XX.wav,data/raw/CREMA-D/AudioWAV/1073_IOM_HAP_XX.wav,1073,IOM,HAP,happy
1073_IOM_NEU_XX.wav,data/raw/CREMA-D/AudioWAV/1073_IOM_NEU_XX.wav,1073,IOM,NEU,neutral
1073_IOM_SAD_XX.wav,data/raw/CREMA-D/AudioWAV/1073_IOM_SAD_XX.wav,1073,IOM,SAD,sad
1073_ITH_ANG_XX.wav,data/raw/CREMA-D/AudioWAV/1073_ITH_ANG_XX.wav,1073,ITH,ANG,angry
1073_ITH_DIS_XX.wav,data/raw/CREMA-D/AudioWAV/1073_ITH_DIS_XX.wav,1073,ITH,DIS,disgust
1073_ITH_FEA_XX.wav,data/raw/CREMA-D/AudioWAV/1073_ITH_FEA_XX.wav,1073,ITH,FEA,fear
1073_ITH_HAP_XX.wav,data/raw/CREMA-D/AudioWAV/1073_ITH_HAP_XX.wav,1073,ITH,HAP,happy
1073_ITH_NEU_XX.wav,data/raw/CREMA-D/AudioWAV/1073_ITH_NEU_XX.wav,1073,ITH,NEU,neutral
1073_ITH_SAD_XX.wav,data/raw/CREMA-D/AudioWAV/1073_ITH_SAD_XX.wav,1073,ITH,SAD,sad
1073_ITS_ANG_XX.wav,data/raw/CREMA-D/AudioWAV/1073_ITS_ANG_XX.wav,1073,ITS,ANG,angry
1073_ITS_DIS_XX.wav,data/raw/CREMA-D/AudioWAV/1073_ITS_DIS_XX.wav,1073,ITS,DIS,disgust
1073_ITS_FEA_XX.wav,data/raw/CREMA-D/AudioWAV/1073_ITS_FEA_XX.wav,1073,ITS,FEA,fear
1073_ITS_HAP_XX.wav,data/raw/CREMA-D/AudioWAV/1073_ITS_HAP_XX.wav,1073,ITS,HAP,happy
1073_ITS_NEU_XX.wav,data/raw/CREMA-D/AudioWAV/1073_ITS_NEU_XX.wav,1073,ITS,NEU,neutral
1073_ITS_SAD_XX.wav,data/raw/CREMA-D/AudioWAV/1073_ITS_SAD_XX.wav,1073,ITS,SAD,sad
1073_IWL_ANG_XX.wav,data/raw/CREMA-D/AudioWAV/1073_IWL_ANG_XX.wav,1073,IWL,ANG,angry
1073_IWL_DIS_XX.wav,data/raw/CREMA-D/AudioWAV/1073_IWL_DIS_XX.wav,1073,IWL,DIS,disgust
1073_IWL_FEA_XX.wav,data/raw/CREMA-D/AudioWAV/1073_IWL_FEA_XX.wav,1073,IWL,FEA,fear
1073_IWL_HAP_XX.wav,data/raw/CREMA-D/AudioWAV/1073_IWL_HAP_XX.wav,1073,IWL,HAP,happy
1073_IWL_NEU_XX.wav,data/raw/CREMA-D/AudioWAV/1073_IWL_NEU_XX.wav,1073,IWL,NEU,neutral
1073_IWL_SAD_XX.wav,data/raw/CREMA-D/AudioWAV/1073_IWL_SAD_XX.wav,1073,IWL,SAD,sad
1073_IWW_ANG_XX.wav,data/raw/CREMA-D/AudioWAV/1073_IWW_ANG_XX.wav,1073,IWW,ANG,angry
1073_IWW_DIS_XX.wav,data/raw/CREMA-D/AudioWAV/1073_IWW_DIS_XX.wav,1073,IWW,DIS,disgust
1073_IWW_FEA_XX.wav,data/raw/CREMA-D/AudioWAV/1073_IWW_FEA_XX.wav,1073,IWW,FEA,fear
1073_IWW_HAP_XX.wav,data/raw/CREMA-D/AudioWAV/1073_IWW_HAP_XX.wav,1073,IWW,HAP,happy
1073_IWW_NEU_XX.wav,data/raw/CREMA-D/AudioWAV/1073_IWW_NEU_XX.wav,1073,IWW,NEU,neutral
1073_IWW_SAD_XX.wav,data/raw/CREMA-D/AudioWAV/1073_IWW_SAD_XX.wav,1073,IWW,SAD,sad
1073_MTI_ANG_XX.wav,data/raw/CREMA-D/AudioWAV/1073_MTI_ANG_XX.wav,1073,MTI,ANG,angry
1073_MTI_DIS_XX.wav,data/raw/CREMA-D/AudioWAV/1073_MTI_DIS_XX.wav,1073,MTI,DIS,disgust
1073_MTI_FEA_XX.wav,data/raw/CREMA-D/AudioWAV/1073_MTI_FEA_XX.wav,1073,MTI,FEA,fear
1073_MTI_HAP_XX.wav,data/raw/CREMA-D/AudioWAV/1073_MTI_HAP_XX.wav,1073,MTI,HAP,happy
1073_MTI_NEU_XX.wav,data/raw/CREMA-D/AudioWAV/1073_MTI_NEU_XX.wav,1073,MTI,NEU,neutral
1073_MTI_SAD_XX.wav,data/raw/CREMA-D/AudioWAV/1073_MTI_SAD_XX.wav,1073,MTI,SAD,sad
1073_TAI_ANG_XX.wav,data/raw/CREMA-D/AudioWAV/1073_TAI_ANG_XX.wav,1073,TAI,ANG,angry
1073_TAI_DIS_XX.wav,data/raw/CREMA-D/AudioWAV/1073_TAI_DIS_XX.wav,1073,TAI,DIS,disgust
1073_TAI_FEA_XX.wav,data/raw/CREMA-D/AudioWAV/1073_TAI_FEA_XX.wav,1073,TAI,FEA,fear
1073_TAI_HAP_XX.wav,data/raw/CREMA-D/AudioWAV/1073_TAI_HAP_XX.wav,1073,TAI,HAP,happy
1073_TAI_NEU_XX.wav,data/raw/CREMA-D/AudioWAV/1073_TAI_NEU_XX.wav,1073,TAI,NEU,neutral
1073_TAI_SAD_XX.wav,data/raw/CREMA-D/AudioWAV/1073_TAI_SAD_XX.wav,1073,TAI,SAD,sad
1073_TIE_ANG_XX.wav,data/raw/CREMA-D/AudioWAV/1073_TIE_ANG_XX.wav,1073,TIE,ANG,angry
1073_TIE_DIS_XX.wav,data/raw/CREMA-D/AudioWAV/1073_TIE_DIS_XX.wav,1073,TIE,DIS,disgust
1073_TIE_FEA_XX.wav,data/raw/CREMA-D/AudioWAV/1073_TIE_FEA_XX.wav,1073,TIE,FEA,fear
1073_TIE_HAP_XX.wav,data/raw/CREMA-D/AudioWAV/1073_TIE_HAP_XX.wav,1073,TIE,HAP,happy
1073_TIE_NEU_XX.wav,data/raw/CREMA-D/AudioWAV/1073_TIE_NEU_XX.wav,1073,TIE,NEU,neutral
1073_TIE_SAD_XX.wav,data/raw/CREMA-D/AudioWAV/1073_TIE_SAD_XX.wav,1073,TIE,SAD,sad
1073_TSI_ANG_XX.wav,data/raw/CREMA-D/AudioWAV/1073_TSI_ANG_XX.wav,1073,TSI,ANG,angry
1073_TSI_DIS_XX.wav,data/raw/CREMA-D/AudioWAV/1073_TSI_DIS_XX.wav,1073,TSI,DIS,disgust
1073_TSI_FEA_XX.wav,data/raw/CREMA-D/AudioWAV/1073_TSI_FEA_XX.wav,1073,TSI,FEA,fear
1073_TSI_HAP_XX.wav,data/raw/CREMA-D/AudioWAV/1073_TSI_HAP_XX.wav,1073,TSI,HAP,happy
1073_TSI_NEU_XX.wav,data/raw/CREMA-D/AudioWAV/1073_TSI_NEU_XX.wav,1073,TSI,NEU,neutral
1073_TSI_SAD_XX.wav,data/raw/CREMA-D/AudioWAV/1073_TSI_SAD_XX.wav,1073,TSI,SAD,sad
1073_WSI_ANG_XX.wav,data/raw/CREMA-D/AudioWAV/1073_WSI_ANG_XX.wav,1073,WSI,ANG,angry
1073_WSI_DIS_XX.wav,data/raw/CREMA-D/AudioWAV/1073_WSI_DIS_XX.wav,1073,WSI,DIS,disgust
1073_WSI_FEA_XX.wav,data/raw/CREMA-D/AudioWAV/1073_WSI_FEA_XX.wav,1073,WSI,FEA,fear
1073_WSI_HAP_XX.wav,data/raw/CREMA-D/AudioWAV/1073_WSI_HAP_XX.wav,1073,WSI,HAP,happy
1073_WSI_NEU_XX.wav,data/raw/CREMA-D/AudioWAV/1073_WSI_NEU_XX.wav,1073,WSI,NEU,neutral
1073_WSI_SAD_XX.wav,data/raw/CREMA-D/AudioWAV/1073_WSI_SAD_XX.wav,1073,WSI,SAD,sad
1074_DFA_ANG_XX.wav,data/raw/CREMA-D/AudioWAV/1074_DFA_ANG_XX.wav,1074,DFA,ANG,angry
1074_DFA_DIS_XX.wav,data/raw/CREMA-D/AudioWAV/1074_DFA_DIS_XX.wav,1074,DFA,DIS,disgust
1074_DFA_FEA_XX.wav,data/raw/CREMA-D/AudioWAV/1074_DFA_FEA_XX.wav,1074,DFA,FEA,fear
1074_DFA_HAP_XX.wav,data/raw/CREMA-D/AudioWAV/1074_DFA_HAP_XX.wav,1074,DFA,HAP,happy
1074_DFA_NEU_XX.wav,data/raw/CREMA-D/AudioWAV/1074_DFA_NEU_XX.wav,1074,DFA,NEU,neutral
1074_DFA_SAD_XX.wav,data/raw/CREMA-D/AudioWAV/1074_DFA_SAD_XX.wav,1074,DFA,SAD,sad
1074_IEO_ANG_HI.wav,data/raw/CREMA-D/AudioWAV/1074_IEO_ANG_HI.wav,1074,IEO,ANG,angry
1074_IEO_ANG_LO.wav,data/raw/CREMA-D/AudioWAV/1074_IEO_ANG_LO.wav,1074,IEO,ANG,angry
1074_IEO_ANG_MD.wav,data/raw/CREMA-D/AudioWAV/1074_IEO_ANG_MD.wav,1074,IEO,ANG,angry
1074_IEO_DIS_HI.wav,data/raw/CREMA-D/AudioWAV/1074_IEO_DIS_HI.wav,1074,IEO,DIS,disgust
1074_IEO_DIS_LO.wav,data/raw/CREMA-D/AudioWAV/1074_IEO_DIS_LO.wav,1074,IEO,DIS,disgust
1074_IEO_DIS_MD.wav,data/raw/CREMA-D/AudioWAV/1074_IEO_DIS_MD.wav,1074,IEO,DIS,disgust
1074_IEO_FEA_HI.wav,data/raw/CREMA-D/AudioWAV/1074_IEO_FEA_HI.wav,1074,IEO,FEA,fear
1074_IEO_FEA_LO.wav,data/raw/CREMA-D/AudioWAV/1074_IEO_FEA_LO.wav,1074,IEO,FEA,fear
1074_IEO_FEA_MD.wav,data/raw/CREMA-D/AudioWAV/1074_IEO_FEA_MD.wav,1074,IEO,FEA,fear
1074_IEO_HAP_HI.wav,data/raw/CREMA-D/AudioWAV/1074_IEO_HAP_HI.wav,1074,IEO,HAP,happy
1074_IEO_HAP_LO.wav,data/raw/CREMA-D/AudioWAV/1074_IEO_HAP_LO.wav,1074,IEO,HAP,happy
1074_IEO_HAP_MD.wav,data/raw/CREMA-D/AudioWAV/1074_IEO_HAP_MD.wav,1074,IEO,HAP,happy
1074_IEO_NEU_XX.wav,data/raw/CREMA-D/AudioWAV/1074_IEO_NEU_XX.wav,1074,IEO,NEU,neutral
1074_IEO_SAD_HI.wav,data/raw/CREMA-D/AudioWAV/1074_IEO_SAD_HI.wav,1074,IEO,SAD,sad
1074_IEO_SAD_LO.wav,data/raw/CREMA-D/AudioWAV/1074_IEO_SAD_LO.wav,1074,IEO,SAD,sad
1074_IEO_SAD_MD.wav,data/raw/CREMA-D/AudioWAV/1074_IEO_SAD_MD.wav,1074,IEO,SAD,sad
1074_IOM_ANG_XX.wav,data/raw/CREMA-D/AudioWAV/1074_IOM_ANG_XX.wav,1074,IOM,ANG,angry
1074_IOM_DIS_XX.wav,data/raw/CREMA-D/AudioWAV/1074_IOM_DIS_XX.wav,1074,IOM,DIS,disgust
1074_IOM_FEA_XX.wav,data/raw/CREMA-D/AudioWAV/1074_IOM_FEA_XX.wav,1074,IOM,FEA,fear
1074_IOM_HAP_XX.wav,data/raw/CREMA-D/AudioWAV/1074_IOM_HAP_XX.wav,1074,IOM,HAP,happy
1074_IOM_NEU_XX.wav,data/raw/CREMA-D/AudioWAV/1074_IOM_NEU_XX.wav,1074,IOM,NEU,neutral
1074_IOM_SAD_XX.wav,data/raw/CREMA-D/AudioWAV/1074_IOM_SAD_XX.wav,1074,IOM,SAD,sad
1074_ITH_ANG_XX.wav,data/raw/CREMA-D/AudioWAV/1074_ITH_ANG_XX.wav,1074,ITH,ANG,angry
1074_ITH_DIS_XX.wav,data/raw/CREMA-D/AudioWAV/1074_ITH_DIS_XX.wav,1074,ITH,DIS,disgust
1074_ITH_FEA_XX.wav,data/raw/CREMA-D/AudioWAV/1074_ITH_FEA_XX.wav,1074,ITH,FEA,fear
1074_ITH_HAP_XX.wav,data/raw/CREMA-D/AudioWAV/1074_ITH_HAP_XX.wav,1074,ITH,HAP,happy
1074_ITH_NEU_XX.wav,data/raw/CREMA-D/AudioWAV/1074_ITH_NEU_XX.wav,1074,ITH,NEU,neutral
1074_ITH_SAD_XX.wav,data/raw/CREMA-D/AudioWAV/1074_ITH_SAD_XX.wav,1074,ITH,SAD,sad
1074_ITS_ANG_XX.wav,data/raw/CREMA-D/AudioWAV/1074_ITS_ANG_XX.wav,1074,ITS,ANG,angry
1074_ITS_DIS_XX.wav,data/raw/CREMA-D/AudioWAV/1074_ITS_DIS_XX.wav,1074,ITS,DIS,disgust
1074_ITS_FEA_XX.wav,data/raw/CREMA-D/AudioWAV/1074_ITS_FEA_XX.wav,1074,ITS,FEA,fear
1074_ITS_HAP_XX.wav,data/raw/CREMA-D/AudioWAV/1074_ITS_HAP_XX.wav,1074,ITS,HAP,happy
1074_ITS_NEU_XX.wav,data/raw/CREMA-D/AudioWAV/1074_ITS_NEU_XX.wav,1074,ITS,NEU,neutral
1074_ITS_SAD_XX.wav,data/raw/CREMA-D/AudioWAV/1074_ITS_SAD_XX.wav,1074,ITS,SAD,sad
1074_IWL_ANG_XX.wav,data/raw/CREMA-D/AudioWAV/1074_IWL_ANG_XX.wav,1074,IWL,ANG,angry
1074_IWL_DIS_XX.wav,data/raw/CREMA-D/AudioWAV/1074_IWL_DIS_XX.wav,1074,IWL,DIS,disgust
1074_IWL_FEA_XX.wav,data/raw/CREMA-D/AudioWAV/1074_IWL_FEA_XX.wav,1074,IWL,FEA,fear
1074_IWL_HAP_XX.wav,data/raw/CREMA-D/AudioWAV/1074_IWL_HAP_XX.wav,1074,IWL,HAP,happy
1074_IWL_NEU_XX.wav,data/raw/CREMA-D/AudioWAV/1074_IWL_NEU_XX.wav,1074,IWL,NEU,neutral
1074_IWL_SAD_XX.wav,data/raw/CREMA-D/AudioWAV/1074_IWL_SAD_XX.wav,1074,IWL,SAD,sad
1074_IWW_ANG_XX.wav,data/raw/CREMA-D/AudioWAV/1074_IWW_ANG_XX.wav,1074,IWW,ANG,angry
1074_IWW_DIS_XX.wav,data/raw/CREMA-D/AudioWAV/1074_IWW_DIS_XX.wav,1074,IWW,DIS,disgust
1074_IWW_FEA_XX.wav,data/raw/CREMA-D/AudioWAV/1074_IWW_FEA_XX.wav,1074,IWW,FEA,fear
1074_IWW_HAP_XX.wav,data/raw/CREMA-D/AudioWAV/1074_IWW_HAP_XX.wav,1074,IWW,HAP,happy
1074_IWW_NEU_XX.wav,data/raw/CREMA-D/AudioWAV/1074_IWW_NEU_XX.wav,1074,IWW,NEU,neutral
1074_IWW_SAD_XX.wav,data/raw/CREMA-D/AudioWAV/1074_IWW_SAD_XX.wav,1074,IWW,SAD,sad
1074_MTI_ANG_XX.wav,data/raw/CREMA-D/AudioWAV/1074_MTI_ANG_XX.wav,1074,MTI,ANG,angry
1074_MTI_DIS_XX.wav,data/raw/CREMA-D/AudioWAV/1074_MTI_DIS_XX.wav,1074,MTI,DIS,disgust
1074_MTI_FEA_XX.wav,data/raw/CREMA-D/AudioWAV/1074_MTI_FEA_XX.wav,1074,MTI,FEA,fear
1074_MTI_HAP_XX.wav,data/raw/CREMA-D/AudioWAV/1074_MTI_HAP_XX.wav,1074,MTI,HAP,happy
1074_MTI_NEU_XX.wav,data/raw/CREMA-D/AudioWAV/1074_MTI_NEU_XX.wav,1074,MTI,NEU,neutral
1074_MTI_SAD_XX.wav,data/raw/CREMA-D/AudioWAV/1074_MTI_SAD_XX.wav,1074,MTI,SAD,sad
1074_TAI_ANG_XX.wav,data/raw/CREMA-D/AudioWAV/1074_TAI_ANG_XX.wav,1074,TAI,ANG,angry
1074_TAI_DIS_XX.wav,data/raw/CREMA-D/AudioWAV/1074_TAI_DIS_XX.wav,1074,TAI,DIS,disgust
1074_TAI_FEA_XX.wav,data/raw/CREMA-D/AudioWAV/1074_TAI_FEA_XX.wav,1074,TAI,FEA,fear
1074_TAI_HAP_XX.wav,data/raw/CREMA-D/AudioWAV/1074_TAI_HAP_XX.wav,1074,TAI,HAP,happy
1074_TAI_NEU_XX.wav,data/raw/CREMA-D/AudioWAV/1074_TAI_NEU_XX.wav,1074,TAI,NEU,neutral
1074_TAI_SAD_XX.wav,data/raw/CREMA-D/AudioWAV/1074_TAI_SAD_XX.wav,1074,TAI,SAD,sad
1074_TIE_ANG_XX.wav,data/raw/CREMA-D/AudioWAV/1074_TIE_ANG_XX.wav,1074,TIE,ANG,angry
1074_TIE_DIS_XX.wav,data/raw/CREMA-D/AudioWAV/1074_TIE_DIS_XX.wav,1074,TIE,DIS,disgust
1074_TIE_FEA_XX.wav,data/raw/CREMA-D/AudioWAV/1074_TIE_FEA_XX.wav,1074,TIE,FEA,fear
1074_TIE_HAP_XX.wav,data/raw/CREMA-D/AudioWAV/1074_TIE_HAP_XX.wav,1074,TIE,HAP,happy
1074_TIE_NEU_XX.wav,data/raw/CREMA-D/AudioWAV/1074_TIE_NEU_XX.wav,1074,TIE,NEU,neutral
1074_TIE_SAD_XX.wav,data/raw/CREMA-D/AudioWAV/1074_TIE_SAD_XX.wav,1074,TIE,SAD,sad
1074_TSI_ANG_XX.wav,data/raw/CREMA-D/AudioWAV/1074_TSI_ANG_XX.wav,1074,TSI,ANG,angry
1074_TSI_DIS_XX.wav,data/raw/CREMA-D/AudioWAV/1074_TSI_DIS_XX.wav,1074,TSI,DIS,disgust
1074_TSI_FEA_XX.wav,data/raw/CREMA-D/AudioWAV/1074_TSI_FEA_XX.wav,1074,TSI,FEA,fear
1074_TSI_HAP_XX.wav,data/raw/CREMA-D/AudioWAV/1074_TSI_HAP_XX.wav,1074,TSI,HAP,happy
1074_TSI_NEU_XX.wav,data/raw/CREMA-D/AudioWAV/1074_TSI_NEU_XX.wav,1074,TSI,NEU,neutral
1074_TSI_SAD_XX.wav,data/raw/CREMA-D/AudioWAV/1074_TSI_SAD_XX.wav,1074,TSI,SAD,sad
1074_WSI_ANG_XX.wav,data/raw/CREMA-D/AudioWAV/1074_WSI_ANG_XX.wav,1074,WSI,ANG,angry
1074_WSI_DIS_XX.wav,data/raw/CREMA-D/AudioWAV/1074_WSI_DIS_XX.wav,1074,WSI,DIS,disgust
1074_WSI_FEA_XX.wav,data/raw/CREMA-D/AudioWAV/1074_WSI_FEA_XX.wav,1074,WSI,FEA,fear
1074_WSI_HAP_XX.wav,data/raw/CREMA-D/AudioWAV/1074_WSI_HAP_XX.wav,1074,WSI,HAP,happy
1074_WSI_NEU_XX.wav,data/raw/CREMA-D/AudioWAV/1074_WSI_NEU_XX.wav,1074,WSI,NEU,neutral
1074_WSI_SAD_XX.wav,data/raw/CREMA-D/AudioWAV/1074_WSI_SAD_XX.wav,1074,WSI,SAD,sad
1075_DFA_ANG_XX.wav,data/raw/CREMA-D/AudioWAV/1075_DFA_ANG_XX.wav,1075,DFA,ANG,angry
1075_DFA_DIS_XX.wav,data/raw/CREMA-D/AudioWAV/1075_DFA_DIS_XX.wav,1075,DFA,DIS,disgust
1075_DFA_FEA_XX.wav,data/raw/CREMA-D/AudioWAV/1075_DFA_FEA_XX.wav,1075,DFA,FEA,fear
1075_DFA_HAP_XX.wav,data/raw/CREMA-D/AudioWAV/1075_DFA_HAP_XX.wav,1075,DFA,HAP,happy
1075_DFA_NEU_XX.wav,data/raw/CREMA-D/AudioWAV/1075_DFA_NEU_XX.wav,1075,DFA,NEU,neutral
1075_DFA_SAD_XX.wav,data/raw/CREMA-D/AudioWAV/1075_DFA_SAD_XX.wav,1075,DFA,SAD,sad
1075_IEO_ANG_HI.wav,data/raw/CREMA-D/AudioWAV/1075_IEO_ANG_HI.wav,1075,IEO,ANG,angry
1075_IEO_ANG_LO.wav,data/raw/CREMA-D/AudioWAV/1075_IEO_ANG_LO.wav,1075,IEO,ANG,angry
1075_IEO_ANG_MD.wav,data/raw/CREMA-D/AudioWAV/1075_IEO_ANG_MD.wav,1075,IEO,ANG,angry
1075_IEO_DIS_HI.wav,data/raw/CREMA-D/AudioWAV/1075_IEO_DIS_HI.wav,1075,IEO,DIS,disgust
1075_IEO_DIS_LO.wav,data/raw/CREMA-D/AudioWAV/1075_IEO_DIS_LO.wav,1075,IEO,DIS,disgust
1075_IEO_DIS_MD.wav,data/raw/CREMA-D/AudioWAV/1075_IEO_DIS_MD.wav,1075,IEO,DIS,disgust
1075_IEO_FEA_HI.wav,data/raw/CREMA-D/AudioWAV/1075_IEO_FEA_HI.wav,1075,IEO,FEA,fear
1075_IEO_FEA_LO.wav,data/raw/CREMA-D/AudioWAV/1075_IEO_FEA_LO.wav,1075,IEO,FEA,fear
1075_IEO_FEA_MD.wav,data/raw/CREMA-D/AudioWAV/1075_IEO_FEA_MD.wav,1075,IEO,FEA,fear
1075_IEO_HAP_HI.wav,data/raw/CREMA-D/AudioWAV/1075_IEO_HAP_HI.wav,1075,IEO,HAP,happy
1075_IEO_HAP_LO.wav,data/raw/CREMA-D/AudioWAV/1075_IEO_HAP_LO.wav,1075,IEO,HAP,happy
1075_IEO_HAP_MD.wav,data/raw/CREMA-D/AudioWAV/1075_IEO_HAP_MD.wav,1075,IEO,HAP,happy
1075_IEO_NEU_XX.wav,data/raw/CREMA-D/AudioWAV/1075_IEO_NEU_XX.wav,1075,IEO,NEU,neutral
1075_IEO_SAD_HI.wav,data/raw/CREMA-D/AudioWAV/1075_IEO_SAD_HI.wav,1075,IEO,SAD,sad
1075_IEO_SAD_LO.wav,data/raw/CREMA-D/AudioWAV/1075_IEO_SAD_LO.wav,1075,IEO,SAD,sad
1075_IEO_SAD_MD.wav,data/raw/CREMA-D/AudioWAV/1075_IEO_SAD_MD.wav,1075,IEO,SAD,sad
1075_IOM_ANG_XX.wav,data/raw/CREMA-D/AudioWAV/1075_IOM_ANG_XX.wav,1075,IOM,ANG,angry
1075_IOM_DIS_XX.wav,data/raw/CREMA-D/AudioWAV/1075_IOM_DIS_XX.wav,1075,IOM,DIS,disgust
1075_IOM_FEA_XX.wav,data/raw/CREMA-D/AudioWAV/1075_IOM_FEA_XX.wav,1075,IOM,FEA,fear
1075_IOM_HAP_XX.wav,data/raw/CREMA-D/AudioWAV/1075_IOM_HAP_XX.wav,1075,IOM,HAP,happy
1075_IOM_NEU_XX.wav,data/raw/CREMA-D/AudioWAV/1075_IOM_NEU_XX.wav,1075,IOM,NEU,neutral
1075_IOM_SAD_XX.wav,data/raw/CREMA-D/AudioWAV/1075_IOM_SAD_XX.wav,1075,IOM,SAD,sad
1075_ITH_ANG_XX.wav,data/raw/CREMA-D/AudioWAV/1075_ITH_ANG_XX.wav,1075,ITH,ANG,angry
1075_ITH_DIS_XX.wav,data/raw/CREMA-D/AudioWAV/1075_ITH_DIS_XX.wav,1075,ITH,DIS,disgust
1075_ITH_FEA_XX.wav,data/raw/CREMA-D/AudioWAV/1075_ITH_FEA_XX.wav,1075,ITH,FEA,fear
1075_ITH_HAP_XX.wav,data/raw/CREMA-D/AudioWAV/1075_ITH_HAP_XX.wav,1075,ITH,HAP,happy
1075_ITH_NEU_XX.wav,data/raw/CREMA-D/AudioWAV/1075_ITH_NEU_XX.wav,1075,ITH,NEU,neutral
1075_ITH_SAD_XX.wav,data/raw/CREMA-D/AudioWAV/1075_ITH_SAD_XX.wav,1075,ITH,SAD,sad
1075_ITS_ANG_XX.wav,data/raw/CREMA-D/AudioWAV/1075_ITS_ANG_XX.wav,1075,ITS,ANG,angry
1075_ITS_DIS_XX.wav,data/raw/CREMA-D/AudioWAV/1075_ITS_DIS_XX.wav,1075,ITS,DIS,disgust
1075_ITS_FEA_XX.wav,data/raw/CREMA-D/AudioWAV/1075_ITS_FEA_XX.wav,1075,ITS,FEA,fear
1075_ITS_HAP_XX.wav,data/raw/CREMA-D/AudioWAV/1075_ITS_HAP_XX.wav,1075,ITS,HAP,happy
1075_ITS_NEU_XX.wav,data/raw/CREMA-D/AudioWAV/1075_ITS_NEU_XX.wav,1075,ITS,NEU,neutral
1075_ITS_SAD_XX.wav,data/raw/CREMA-D/AudioWAV/1075_ITS_SAD_XX.wav,1075,ITS,SAD,sad
1075_IWL_ANG_XX.wav,data/raw/CREMA-D/AudioWAV/1075_IWL_ANG_XX.wav,1075,IWL,ANG,angry
1075_IWL_DIS_XX.wav,data/raw/CREMA-D/AudioWAV/1075_IWL_DIS_XX.wav,1075,IWL,DIS,disgust
1075_IWL_FEA_XX.wav,data/raw/CREMA-D/AudioWAV/1075_IWL_FEA_XX.wav,1075,IWL,FEA,fear
1075_IWL_HAP_XX.wav,data/raw/CREMA-D/AudioWAV/1075_IWL_HAP_XX.wav,1075,IWL,HAP,happy
1075_IWL_NEU_XX.wav,data/raw/CREMA-D/AudioWAV/1075_IWL_NEU_XX.wav,1075,IWL,NEU,neutral
1075_IWL_SAD_XX.wav,data/raw/CREMA-D/AudioWAV/1075_IWL_SAD_XX.wav,1075,IWL,SAD,sad
1075_IWW_ANG_XX.wav,data/raw/CREMA-D/AudioWAV/1075_IWW_ANG_XX.wav,1075,IWW,ANG,angry
1075_IWW_DIS_XX.wav,data/raw/CREMA-D/AudioWAV/1075_IWW_DIS_XX.wav,1075,IWW,DIS,disgust
1075_IWW_FEA_XX.wav,data/raw/CREMA-D/AudioWAV/1075_IWW_FEA_XX.wav,1075,IWW,FEA,fear
1075_IWW_HAP_XX.wav,data/raw/CREMA-D/AudioWAV/1075_IWW_HAP_XX.wav,1075,IWW,HAP,happy
1075_IWW_NEU_XX.wav,data/raw/CREMA-D/AudioWAV/1075_IWW_NEU_XX.wav,1075,IWW,NEU,neutral
1075_IWW_SAD_XX.wav,data/raw/CREMA-D/AudioWAV/1075_IWW_SAD_XX.wav,1075,IWW,SAD,sad
1075_MTI_ANG_XX.wav,data/raw/CREMA-D/AudioWAV/1075_MTI_ANG_XX.wav,1075,MTI,ANG,angry
1075_MTI_DIS_XX.wav,data/raw/CREMA-D/AudioWAV/1075_MTI_DIS_XX.wav,1075,MTI,DIS,disgust
1075_MTI_FEA_XX.wav,data/raw/CREMA-D/AudioWAV/1075_MTI_FEA_XX.wav,1075,MTI,FEA,fear
1075_MTI_HAP_XX.wav,data/raw/CREMA-D/AudioWAV/1075_MTI_HAP_XX.wav,1075,MTI,HAP,happy
1075_MTI_NEU_XX.wav,data/raw/CREMA-D/AudioWAV/1075_MTI_NEU_XX.wav,1075,MTI,NEU,neutral
1075_MTI_SAD_XX.wav,data/raw/CREMA-D/AudioWAV/1075_MTI_SAD_XX.wav,1075,MTI,SAD,sad
1075_TAI_ANG_XX.wav,data/raw/CREMA-D/AudioWAV/1075_TAI_ANG_XX.wav,1075,TAI,ANG,angry
1075_TAI_DIS_XX.wav,data/raw/CREMA-D/AudioWAV/1075_TAI_DIS_XX.wav,1075,TAI,DIS,disgust
1075_TAI_FEA_XX.wav,data/raw/CREMA-D/AudioWAV/1075_TAI_FEA_XX.wav,1075,TAI,FEA,fear
1075_TAI_HAP_XX.wav,data/raw/CREMA-D/AudioWAV/1075_TAI_HAP_XX.wav,1075,TAI,HAP,happy
1075_TAI_NEU_XX.wav,data/raw/CREMA-D/AudioWAV/1075_TAI_NEU_XX.wav,1075,TAI,NEU,neutral
1075_TAI_SAD_XX.wav,data/raw/CREMA-D/AudioWAV/1075_TAI_SAD_XX.wav,1075,TAI,SAD,sad
1075_TIE_ANG_XX.wav,data/raw/CREMA-D/AudioWAV/1075_TIE_ANG_XX.wav,1075,TIE,ANG,angry
1075_TIE_DIS_XX.wav,data/raw/CREMA-D/AudioWAV/1075_TIE_DIS_XX.wav,1075,TIE,DIS,disgust
1075_TIE_FEA_XX.wav,data/raw/CREMA-D/AudioWAV/1075_TIE_FEA_XX.wav,1075,TIE,FEA,fear
1075_TIE_HAP_XX.wav,data/raw/CREMA-D/AudioWAV/1075_TIE_HAP_XX.wav,1075,TIE,HAP,happy
1075_TIE_NEU_XX.wav,data/raw/CREMA-D/AudioWAV/1075_TIE_NEU_XX.wav,1075,TIE,NEU,neutral
1075_TIE_SAD_XX.wav,data/raw/CREMA-D/AudioWAV/1075_TIE_SAD_XX.wav,1075,TIE,SAD,sad
1075_TSI_ANG_XX.wav,data/raw/CREMA-D/AudioWAV/1075_TSI_ANG_XX.wav,1075,TSI,ANG,angry
1075_TSI_DIS_XX.wav,data/raw/CREMA-D/AudioWAV/1075_TSI_DIS_XX.wav,1075,TSI,DIS,disgust
1075_TSI_FEA_XX.wav,data/raw/CREMA-D/AudioWAV/1075_TSI_FEA_XX.wav,1075,TSI,FEA,fear
1075_TSI_HAP_XX.wav,data/raw/CREMA-D/AudioWAV/1075_TSI_HAP_XX.wav,1075,TSI,HAP,happy
1075_TSI_NEU_XX.wav,data/raw/CREMA-D/AudioWAV/1075_TSI_NEU_XX.wav,1075,TSI,NEU,neutral
1075_TSI_SAD_XX.wav,data/raw/CREMA-D/AudioWAV/1075_TSI_SAD_XX.wav,1075,TSI,SAD,sad
1075_WSI_ANG_XX.wav,data/raw/CREMA-D/AudioWAV/1075_WSI_ANG_XX.wav,1075,WSI,ANG,angry
1075_WSI_DIS_XX.wav,data/raw/CREMA-D/AudioWAV/1075_WSI_DIS_XX.wav,1075,WSI,DIS,disgust
1075_WSI_FEA_XX.wav,data/raw/CREMA-D/AudioWAV/1075_WSI_FEA_XX.wav,1075,WSI,FEA,fear
1075_WSI_HAP_XX.wav,data/raw/CREMA-D/AudioWAV/1075_WSI_HAP_XX.wav,1075,WSI,HAP,happy
1075_WSI_NEU_XX.wav,data/raw/CREMA-D/AudioWAV/1075_WSI_NEU_XX.wav,1075,WSI,NEU,neutral
1075_WSI_SAD_XX.wav,data/raw/CREMA-D/AudioWAV/1075_WSI_SAD_XX.wav,1075,WSI,SAD,sad
1076_DFA_ANG_XX.wav,data/raw/CREMA-D/AudioWAV/1076_DFA_ANG_XX.wav,1076,DFA,ANG,angry
1076_DFA_DIS_XX.wav,data/raw/CREMA-D/AudioWAV/1076_DFA_DIS_XX.wav,1076,DFA,DIS,disgust
1076_DFA_FEA_XX.wav,data/raw/CREMA-D/AudioWAV/1076_DFA_FEA_XX.wav,1076,DFA,FEA,fear
1076_DFA_HAP_XX.wav,data/raw/CREMA-D/AudioWAV/1076_DFA_HAP_XX.wav,1076,DFA,HAP,happy
1076_DFA_NEU_XX.wav,data/raw/CREMA-D/AudioWAV/1076_DFA_NEU_XX.wav,1076,DFA,NEU,neutral
1076_DFA_SAD_XX.wav,data/raw/CREMA-D/AudioWAV/1076_DFA_SAD_XX.wav,1076,DFA,SAD,sad
1076_IEO_ANG_HI.wav,data/raw/CREMA-D/AudioWAV/1076_IEO_ANG_HI.wav,1076,IEO,ANG,angry
1076_IEO_ANG_LO.wav,data/raw/CREMA-D/AudioWAV/1076_IEO_ANG_LO.wav,1076,IEO,ANG,angry
1076_IEO_ANG_MD.wav,data/raw/CREMA-D/AudioWAV/1076_IEO_ANG_MD.wav,1076,IEO,ANG,angry
1076_IEO_DIS_HI.wav,data/raw/CREMA-D/AudioWAV/1076_IEO_DIS_HI.wav,1076,IEO,DIS,disgust
1076_IEO_DIS_LO.wav,data/raw/CREMA-D/AudioWAV/1076_IEO_DIS_LO.wav,1076,IEO,DIS,disgust
1076_IEO_DIS_MD.wav,data/raw/CREMA-D/AudioWAV/1076_IEO_DIS_MD.wav,1076,IEO,DIS,disgust
1076_IEO_FEA_HI.wav,data/raw/CREMA-D/AudioWAV/1076_IEO_FEA_HI.wav,1076,IEO,FEA,fear
1076_IEO_FEA_LO.wav,data/raw/CREMA-D/AudioWAV/1076_IEO_FEA_LO.wav,1076,IEO,FEA,fear
1076_IEO_FEA_MD.wav,data/raw/CREMA-D/AudioWAV/1076_IEO_FEA_MD.wav,1076,IEO,FEA,fear
1076_IEO_HAP_HI.wav,data/raw/CREMA-D/AudioWAV/1076_IEO_HAP_HI.wav,1076,IEO,HAP,happy
1076_IEO_HAP_LO.wav,data/raw/CREMA-D/AudioWAV/1076_IEO_HAP_LO.wav,1076,IEO,HAP,happy
1076_IEO_HAP_MD.wav,data/raw/CREMA-D/AudioWAV/1076_IEO_HAP_MD.wav,1076,IEO,HAP,happy
1076_IEO_NEU_XX.wav,data/raw/CREMA-D/AudioWAV/1076_IEO_NEU_XX.wav,1076,IEO,NEU,neutral
1076_IEO_SAD_HI.wav,data/raw/CREMA-D/AudioWAV/1076_IEO_SAD_HI.wav,1076,IEO,SAD,sad
1076_IEO_SAD_LO.wav,data/raw/CREMA-D/AudioWAV/1076_IEO_SAD_LO.wav,1076,IEO,SAD,sad
1076_IEO_SAD_MD.wav,data/raw/CREMA-D/AudioWAV/1076_IEO_SAD_MD.wav,1076,IEO,SAD,sad
1076_IOM_ANG_XX.wav,data/raw/CREMA-D/AudioWAV/1076_IOM_ANG_XX.wav,1076,IOM,ANG,angry
1076_IOM_DIS_XX.wav,data/raw/CREMA-D/AudioWAV/1076_IOM_DIS_XX.wav,1076,IOM,DIS,disgust
1076_IOM_FEA_XX.wav,data/raw/CREMA-D/AudioWAV/1076_IOM_FEA_XX.wav,1076,IOM,FEA,fear
1076_IOM_HAP_XX.wav,data/raw/CREMA-D/AudioWAV/1076_IOM_HAP_XX.wav,1076,IOM,HAP,happy
1076_IOM_NEU_XX.wav,data/raw/CREMA-D/AudioWAV/1076_IOM_NEU_XX.wav,1076,IOM,NEU,neutral
1076_IOM_SAD_XX.wav,data/raw/CREMA-D/AudioWAV/1076_IOM_SAD_XX.wav,1076,IOM,SAD,sad
1076_ITH_ANG_XX.wav,data/raw/CREMA-D/AudioWAV/1076_ITH_ANG_XX.wav,1076,ITH,ANG,angry
1076_ITH_DIS_XX.wav,data/raw/CREMA-D/AudioWAV/1076_ITH_DIS_XX.wav,1076,ITH,DIS,disgust
1076_ITH_FEA_XX.wav,data/raw/CREMA-D/AudioWAV/1076_ITH_FEA_XX.wav,1076,ITH,FEA,fear
1076_ITH_HAP_XX.wav,data/raw/CREMA-D/AudioWAV/1076_ITH_HAP_XX.wav,1076,ITH,HAP,happy
1076_ITH_NEU_XX.wav,data/raw/CREMA-D/AudioWAV/1076_ITH_NEU_XX.wav,1076,ITH,NEU,neutral
1076_ITH_SAD_XX.wav,data/raw/CREMA-D/AudioWAV/1076_ITH_SAD_XX.wav,1076,ITH,SAD,sad
1076_ITS_ANG_XX.wav,data/raw/CREMA-D/AudioWAV/1076_ITS_ANG_XX.wav,1076,ITS,ANG,angry
1076_ITS_DIS_XX.wav,data/raw/CREMA-D/AudioWAV/1076_ITS_DIS_XX.wav,1076,ITS,DIS,disgust
1076_ITS_FEA_XX.wav,data/raw/CREMA-D/AudioWAV/1076_ITS_FEA_XX.wav,1076,ITS,FEA,fear
1076_ITS_HAP_XX.wav,data/raw/CREMA-D/AudioWAV/1076_ITS_HAP_XX.wav,1076,ITS,HAP,happy
1076_ITS_SAD_XX.wav,data/raw/CREMA-D/AudioWAV/1076_ITS_SAD_XX.wav,1076,ITS,SAD,sad
1076_IWL_ANG_XX.wav,data/raw/CREMA-D/AudioWAV/1076_IWL_ANG_XX.wav,1076,IWL,ANG,angry
1076_IWL_DIS_XX.wav,data/raw/CREMA-D/AudioWAV/1076_IWL_DIS_XX.wav,1076,IWL,DIS,disgust
1076_IWL_FEA_XX.wav,data/raw/CREMA-D/AudioWAV/1076_IWL_FEA_XX.wav,1076,IWL,FEA,fear
1076_IWL_HAP_XX.wav,data/raw/CREMA-D/AudioWAV/1076_IWL_HAP_XX.wav,1076,IWL,HAP,happy
1076_IWL_NEU_XX.wav,data/raw/CREMA-D/AudioWAV/1076_IWL_NEU_XX.wav,1076,IWL,NEU,neutral
1076_IWL_SAD_XX.wav,data/raw/CREMA-D/AudioWAV/1076_IWL_SAD_XX.wav,1076,IWL,SAD,sad
1076_IWW_ANG_XX.wav,data/raw/CREMA-D/AudioWAV/1076_IWW_ANG_XX.wav,1076,IWW,ANG,angry
1076_IWW_DIS_XX.wav,data/raw/CREMA-D/AudioWAV/1076_IWW_DIS_XX.wav,1076,IWW,DIS,disgust
1076_IWW_FEA_XX.wav,data/raw/CREMA-D/AudioWAV/1076_IWW_FEA_XX.wav,1076,IWW,FEA,fear
1076_IWW_HAP_XX.wav,data/raw/CREMA-D/AudioWAV/1076_IWW_HAP_XX.wav,1076,IWW,HAP,happy
1076_IWW_NEU_XX.wav,data/raw/CREMA-D/AudioWAV/1076_IWW_NEU_XX.wav,1076,IWW,NEU,neutral
1076_IWW_SAD_XX.wav,data/raw/CREMA-D/AudioWAV/1076_IWW_SAD_XX.wav,1076,IWW,SAD,sad
1076_MTI_ANG_XX.wav,data/raw/CREMA-D/AudioWAV/1076_MTI_ANG_XX.wav,1076,MTI,ANG,angry
1076_MTI_DIS_XX.wav,data/raw/CREMA-D/AudioWAV/1076_MTI_DIS_XX.wav,1076,MTI,DIS,disgust
1076_MTI_FEA_XX.wav,data/raw/CREMA-D/AudioWAV/1076_MTI_FEA_XX.wav,1076,MTI,FEA,fear
1076_MTI_HAP_XX.wav,data/raw/CREMA-D/AudioWAV/1076_MTI_HAP_XX.wav,1076,MTI,HAP,happy
1076_MTI_NEU_XX.wav,data/raw/CREMA-D/AudioWAV/1076_MTI_NEU_XX.wav,1076,MTI,NEU,neutral
1076_MTI_SAD_XX.wav,data/raw/CREMA-D/AudioWAV/1076_MTI_SAD_XX.wav,1076,MTI,SAD,sad
1076_TAI_ANG_XX.wav,data/raw/CREMA-D/AudioWAV/1076_TAI_ANG_XX.wav,1076,TAI,ANG,angry
1076_TAI_DIS_XX.wav,data/raw/CREMA-D/AudioWAV/1076_TAI_DIS_XX.wav,1076,TAI,DIS,disgust
1076_TAI_FEA_XX.wav,data/raw/CREMA-D/AudioWAV/1076_TAI_FEA_XX.wav,1076,TAI,FEA,fear
1076_TAI_HAP_XX.wav,data/raw/CREMA-D/AudioWAV/1076_TAI_HAP_XX.wav,1076,TAI,HAP,happy
1076_TAI_NEU_XX.wav,data/raw/CREMA-D/AudioWAV/1076_TAI_NEU_XX.wav,1076,TAI,NEU,neutral
1076_TAI_SAD_XX.wav,data/raw/CREMA-D/AudioWAV/1076_TAI_SAD_XX.wav,1076,TAI,SAD,sad
1076_TIE_ANG_XX.wav,data/raw/CREMA-D/AudioWAV/1076_TIE_ANG_XX.wav,1076,TIE,ANG,angry
1076_TIE_DIS_XX.wav,data/raw/CREMA-D/AudioWAV/1076_TIE_DIS_XX.wav,1076,TIE,DIS,disgust
1076_TIE_FEA_XX.wav,data/raw/CREMA-D/AudioWAV/1076_TIE_FEA_XX.wav,1076,TIE,FEA,fear
1076_TIE_HAP_XX.wav,data/raw/CREMA-D/AudioWAV/1076_TIE_HAP_XX.wav,1076,TIE,HAP,happy
1076_TIE_NEU_XX.wav,data/raw/CREMA-D/AudioWAV/1076_TIE_NEU_XX.wav,1076,TIE,NEU,neutral
1076_TIE_SAD_XX.wav,data/raw/CREMA-D/AudioWAV/1076_TIE_SAD_XX.wav,1076,TIE,SAD,sad
1076_TSI_ANG_XX.wav,data/raw/CREMA-D/AudioWAV/1076_TSI_ANG_XX.wav,1076,TSI,ANG,angry
1076_TSI_DIS_XX.wav,data/raw/CREMA-D/AudioWAV/1076_TSI_DIS_XX.wav,1076,TSI,DIS,disgust
1076_TSI_FEA_XX.wav,data/raw/CREMA-D/AudioWAV/1076_TSI_FEA_XX.wav,1076,TSI,FEA,fear
1076_TSI_HAP_XX.wav,data/raw/CREMA-D/AudioWAV/1076_TSI_HAP_XX.wav,1076,TSI,HAP,happy
1076_TSI_NEU_XX.wav,data/raw/CREMA-D/AudioWAV/1076_TSI_NEU_XX.wav,1076,TSI,NEU,neutral
1076_TSI_SAD_XX.wav,data/raw/CREMA-D/AudioWAV/1076_TSI_SAD_XX.wav,1076,TSI,SAD,sad
1076_WSI_ANG_XX.wav,data/raw/CREMA-D/AudioWAV/1076_WSI_ANG_XX.wav,1076,WSI,ANG,angry
1076_WSI_DIS_XX.wav,data/raw/CREMA-D/AudioWAV/1076_WSI_DIS_XX.wav,1076,WSI,DIS,disgust
1076_WSI_FEA_XX.wav,data/raw/CREMA-D/AudioWAV/1076_WSI_FEA_XX.wav,1076,WSI,FEA,fear
1076_WSI_HAP_XX.wav,data/raw/CREMA-D/AudioWAV/1076_WSI_HAP_XX.wav,1076,WSI,HAP,happy
1076_WSI_NEU_XX.wav,data/raw/CREMA-D/AudioWAV/1076_WSI_NEU_XX.wav,1076,WSI,NEU,neutral
1076_WSI_SAD_XX.wav,data/raw/CREMA-D/AudioWAV/1076_WSI_SAD_XX.wav,1076,WSI,SAD,sad
1077_DFA_ANG_XX.wav,data/raw/CREMA-D/AudioWAV/1077_DFA_ANG_XX.wav,1077,DFA,ANG,angry
1077_DFA_DIS_XX.wav,data/raw/CREMA-D/AudioWAV/1077_DFA_DIS_XX.wav,1077,DFA,DIS,disgust
1077_DFA_FEA_XX.wav,data/raw/CREMA-D/AudioWAV/1077_DFA_FEA_XX.wav,1077,DFA,FEA,fear
1077_DFA_HAP_XX.wav,data/raw/CREMA-D/AudioWAV/1077_DFA_HAP_XX.wav,1077,DFA,HAP,happy
1077_DFA_NEU_XX.wav,data/raw/CREMA-D/AudioWAV/1077_DFA_NEU_XX.wav,1077,DFA,NEU,neutral
1077_DFA_SAD_XX.wav,data/raw/CREMA-D/AudioWAV/1077_DFA_SAD_XX.wav,1077,DFA,SAD,sad
1077_IEO_ANG_HI.wav,data/raw/CREMA-D/AudioWAV/1077_IEO_ANG_HI.wav,1077,IEO,ANG,angry
1077_IEO_ANG_LO.wav,data/raw/CREMA-D/AudioWAV/1077_IEO_ANG_LO.wav,1077,IEO,ANG,angry
1077_IEO_ANG_MD.wav,data/raw/CREMA-D/AudioWAV/1077_IEO_ANG_MD.wav,1077,IEO,ANG,angry
1077_IEO_DIS_HI.wav,data/raw/CREMA-D/AudioWAV/1077_IEO_DIS_HI.wav,1077,IEO,DIS,disgust
1077_IEO_DIS_LO.wav,data/raw/CREMA-D/AudioWAV/1077_IEO_DIS_LO.wav,1077,IEO,DIS,disgust
1077_IEO_DIS_MD.wav,data/raw/CREMA-D/AudioWAV/1077_IEO_DIS_MD.wav,1077,IEO,DIS,disgust
1077_IEO_FEA_HI.wav,data/raw/CREMA-D/AudioWAV/1077_IEO_FEA_HI.wav,1077,IEO,FEA,fear
1077_IEO_FEA_LO.wav,data/raw/CREMA-D/AudioWAV/1077_IEO_FEA_LO.wav,1077,IEO,FEA,fear
1077_IEO_FEA_MD.wav,data/raw/CREMA-D/AudioWAV/1077_IEO_FEA_MD.wav,1077,IEO,FEA,fear
1077_IEO_HAP_HI.wav,data/raw/CREMA-D/AudioWAV/1077_IEO_HAP_HI.wav,1077,IEO,HAP,happy
1077_IEO_HAP_LO.wav,data/raw/CREMA-D/AudioWAV/1077_IEO_HAP_LO.wav,1077,IEO,HAP,happy
1077_IEO_HAP_MD.wav,data/raw/CREMA-D/AudioWAV/1077_IEO_HAP_MD.wav,1077,IEO,HAP,happy
1077_IEO_NEU_XX.wav,data/raw/CREMA-D/AudioWAV/1077_IEO_NEU_XX.wav,1077,IEO,NEU,neutral
1077_IEO_SAD_HI.wav,data/raw/CREMA-D/AudioWAV/1077_IEO_SAD_HI.wav,1077,IEO,SAD,sad
1077_IEO_SAD_LO.wav,data/raw/CREMA-D/AudioWAV/1077_IEO_SAD_LO.wav,1077,IEO,SAD,sad
1077_IEO_SAD_MD.wav,data/raw/CREMA-D/AudioWAV/1077_IEO_SAD_MD.wav,1077,IEO,SAD,sad
1077_IOM_ANG_XX.wav,data/raw/CREMA-D/AudioWAV/1077_IOM_ANG_XX.wav,1077,IOM,ANG,angry
1077_IOM_DIS_XX.wav,data/raw/CREMA-D/AudioWAV/1077_IOM_DIS_XX.wav,1077,IOM,DIS,disgust
1077_IOM_FEA_XX.wav,data/raw/CREMA-D/AudioWAV/1077_IOM_FEA_XX.wav,1077,IOM,FEA,fear
1077_IOM_HAP_XX.wav,data/raw/CREMA-D/AudioWAV/1077_IOM_HAP_XX.wav,1077,IOM,HAP,happy
1077_IOM_NEU_XX.wav,data/raw/CREMA-D/AudioWAV/1077_IOM_NEU_XX.wav,1077,IOM,NEU,neutral
1077_IOM_SAD_XX.wav,data/raw/CREMA-D/AudioWAV/1077_IOM_SAD_XX.wav,1077,IOM,SAD,sad
1077_ITH_ANG_XX.wav,data/raw/CREMA-D/AudioWAV/1077_ITH_ANG_XX.wav,1077,ITH,ANG,angry
1077_ITH_DIS_XX.wav,data/raw/CREMA-D/AudioWAV/1077_ITH_DIS_XX.wav,1077,ITH,DIS,disgust
1077_ITH_FEA_XX.wav,data/raw/CREMA-D/AudioWAV/1077_ITH_FEA_XX.wav,1077,ITH,FEA,fear
1077_ITH_HAP_XX.wav,data/raw/CREMA-D/AudioWAV/1077_ITH_HAP_XX.wav,1077,ITH,HAP,happy
1077_ITH_NEU_XX.wav,data/raw/CREMA-D/AudioWAV/1077_ITH_NEU_XX.wav,1077,ITH,NEU,neutral
1077_ITH_SAD_XX.wav,data/raw/CREMA-D/AudioWAV/1077_ITH_SAD_XX.wav,1077,ITH,SAD,sad
1077_ITS_ANG_XX.wav,data/raw/CREMA-D/AudioWAV/1077_ITS_ANG_XX.wav,1077,ITS,ANG,angry
1077_ITS_DIS_XX.wav,data/raw/CREMA-D/AudioWAV/1077_ITS_DIS_XX.wav,1077,ITS,DIS,disgust
1077_ITS_FEA_XX.wav,data/raw/CREMA-D/AudioWAV/1077_ITS_FEA_XX.wav,1077,ITS,FEA,fear
1077_ITS_HAP_XX.wav,data/raw/CREMA-D/AudioWAV/1077_ITS_HAP_XX.wav,1077,ITS,HAP,happy
1077_ITS_NEU_XX.wav,data/raw/CREMA-D/AudioWAV/1077_ITS_NEU_XX.wav,1077,ITS,NEU,neutral
1077_ITS_SAD_XX.wav,data/raw/CREMA-D/AudioWAV/1077_ITS_SAD_XX.wav,1077,ITS,SAD,sad
1077_IWL_ANG_XX.wav,data/raw/CREMA-D/AudioWAV/1077_IWL_ANG_XX.wav,1077,IWL,ANG,angry
1077_IWL_DIS_XX.wav,data/raw/CREMA-D/AudioWAV/1077_IWL_DIS_XX.wav,1077,IWL,DIS,disgust
1077_IWL_FEA_XX.wav,data/raw/CREMA-D/AudioWAV/1077_IWL_FEA_XX.wav,1077,IWL,FEA,fear
1077_IWL_HAP_XX.wav,data/raw/CREMA-D/AudioWAV/1077_IWL_HAP_XX.wav,1077,IWL,HAP,happy
1077_IWL_NEU_XX.wav,data/raw/CREMA-D/AudioWAV/1077_IWL_NEU_XX.wav,1077,IWL,NEU,neutral
1077_IWL_SAD_XX.wav,data/raw/CREMA-D/AudioWAV/1077_IWL_SAD_XX.wav,1077,IWL,SAD,sad
1077_IWW_ANG_XX.wav,data/raw/CREMA-D/AudioWAV/1077_IWW_ANG_XX.wav,1077,IWW,ANG,angry
1077_IWW_DIS_XX.wav,data/raw/CREMA-D/AudioWAV/1077_IWW_DIS_XX.wav,1077,IWW,DIS,disgust
1077_IWW_FEA_XX.wav,data/raw/CREMA-D/AudioWAV/1077_IWW_FEA_XX.wav,1077,IWW,FEA,fear
1077_IWW_HAP_XX.wav,data/raw/CREMA-D/AudioWAV/1077_IWW_HAP_XX.wav,1077,IWW,HAP,happy
1077_IWW_NEU_XX.wav,data/raw/CREMA-D/AudioWAV/1077_IWW_NEU_XX.wav,1077,IWW,NEU,neutral
1077_IWW_SAD_XX.wav,data/raw/CREMA-D/AudioWAV/1077_IWW_SAD_XX.wav,1077,IWW,SAD,sad
1077_MTI_ANG_XX.wav,data/raw/CREMA-D/AudioWAV/1077_MTI_ANG_XX.wav,1077,MTI,ANG,angry
1077_MTI_DIS_XX.wav,data/raw/CREMA-D/AudioWAV/1077_MTI_DIS_XX.wav,1077,MTI,DIS,disgust
1077_MTI_FEA_XX.wav,data/raw/CREMA-D/AudioWAV/1077_MTI_FEA_XX.wav,1077,MTI,FEA,fear
1077_MTI_HAP_XX.wav,data/raw/CREMA-D/AudioWAV/1077_MTI_HAP_XX.wav,1077,MTI,HAP,happy
1077_MTI_NEU_XX.wav,data/raw/CREMA-D/AudioWAV/1077_MTI_NEU_XX.wav,1077,MTI,NEU,neutral
1077_MTI_SAD_XX.wav,data/raw/CREMA-D/AudioWAV/1077_MTI_SAD_XX.wav,1077,MTI,SAD,sad
1077_TAI_ANG_XX.wav,data/raw/CREMA-D/AudioWAV/1077_TAI_ANG_XX.wav,1077,TAI,ANG,angry
1077_TAI_DIS_XX.wav,data/raw/CREMA-D/AudioWAV/1077_TAI_DIS_XX.wav,1077,TAI,DIS,disgust
1077_TAI_FEA_XX.wav,data/raw/CREMA-D/AudioWAV/1077_TAI_FEA_XX.wav,1077,TAI,FEA,fear
1077_TAI_HAP_XX.wav,data/raw/CREMA-D/AudioWAV/1077_TAI_HAP_XX.wav,1077,TAI,HAP,happy
1077_TAI_NEU_XX.wav,data/raw/CREMA-D/AudioWAV/1077_TAI_NEU_XX.wav,1077,TAI,NEU,neutral
1077_TAI_SAD_XX.wav,data/raw/CREMA-D/AudioWAV/1077_TAI_SAD_XX.wav,1077,TAI,SAD,sad
1077_TIE_ANG_XX.wav,data/raw/CREMA-D/AudioWAV/1077_TIE_ANG_XX.wav,1077,TIE,ANG,angry
1077_TIE_DIS_XX.wav,data/raw/CREMA-D/AudioWAV/1077_TIE_DIS_XX.wav,1077,TIE,DIS,disgust
1077_TIE_FEA_XX.wav,data/raw/CREMA-D/AudioWAV/1077_TIE_FEA_XX.wav,1077,TIE,FEA,fear
1077_TIE_HAP_XX.wav,data/raw/CREMA-D/AudioWAV/1077_TIE_HAP_XX.wav,1077,TIE,HAP,happy
1077_TIE_NEU_XX.wav,data/raw/CREMA-D/AudioWAV/1077_TIE_NEU_XX.wav,1077,TIE,NEU,neutral
1077_TIE_SAD_XX.wav,data/raw/CREMA-D/AudioWAV/1077_TIE_SAD_XX.wav,1077,TIE,SAD,sad
1077_TSI_ANG_XX.wav,data/raw/CREMA-D/AudioWAV/1077_TSI_ANG_XX.wav,1077,TSI,ANG,angry
1077_TSI_DIS_XX.wav,data/raw/CREMA-D/AudioWAV/1077_TSI_DIS_XX.wav,1077,TSI,DIS,disgust
1077_TSI_FEA_XX.wav,data/raw/CREMA-D/AudioWAV/1077_TSI_FEA_XX.wav,1077,TSI,FEA,fear
1077_TSI_HAP_XX.wav,data/raw/CREMA-D/AudioWAV/1077_TSI_HAP_XX.wav,1077,TSI,HAP,happy
1077_TSI_NEU_XX.wav,data/raw/CREMA-D/AudioWAV/1077_TSI_NEU_XX.wav,1077,TSI,NEU,neutral
1077_TSI_SAD_XX.wav,data/raw/CREMA-D/AudioWAV/1077_TSI_SAD_XX.wav,1077,TSI,SAD,sad
1077_WSI_ANG_XX.wav,data/raw/CREMA-D/AudioWAV/1077_WSI_ANG_XX.wav,1077,WSI,ANG,angry
1077_WSI_DIS_XX.wav,data/raw/CREMA-D/AudioWAV/1077_WSI_DIS_XX.wav,1077,WSI,DIS,disgust
1077_WSI_FEA_XX.wav,data/raw/CREMA-D/AudioWAV/1077_WSI_FEA_XX.wav,1077,WSI,FEA,fear
1077_WSI_HAP_XX.wav,data/raw/CREMA-D/AudioWAV/1077_WSI_HAP_XX.wav,1077,WSI,HAP,happy
1077_WSI_NEU_XX.wav,data/raw/CREMA-D/AudioWAV/1077_WSI_NEU_XX.wav,1077,WSI,NEU,neutral
1077_WSI_SAD_XX.wav,data/raw/CREMA-D/AudioWAV/1077_WSI_SAD_XX.wav,1077,WSI,SAD,sad
1079_DFA_ANG_XX.wav,data/raw/CREMA-D/AudioWAV/1079_DFA_ANG_XX.wav,1079,DFA,ANG,angry
1079_DFA_DIS_XX.wav,data/raw/CREMA-D/AudioWAV/1079_DFA_DIS_XX.wav,1079,DFA,DIS,disgust
1079_DFA_FEA_XX.wav,data/raw/CREMA-D/AudioWAV/1079_DFA_FEA_XX.wav,1079,DFA,FEA,fear
1079_DFA_HAP_XX.wav,data/raw/CREMA-D/AudioWAV/1079_DFA_HAP_XX.wav,1079,DFA,HAP,happy
1079_DFA_NEU_XX.wav,data/raw/CREMA-D/AudioWAV/1079_DFA_NEU_XX.wav,1079,DFA,NEU,neutral
1079_DFA_SAD_XX.wav,data/raw/CREMA-D/AudioWAV/1079_DFA_SAD_XX.wav,1079,DFA,SAD,sad
1079_IEO_ANG_HI.wav,data/raw/CREMA-D/AudioWAV/1079_IEO_ANG_HI.wav,1079,IEO,ANG,angry
1079_IEO_ANG_LO.wav,data/raw/CREMA-D/AudioWAV/1079_IEO_ANG_LO.wav,1079,IEO,ANG,angry
1079_IEO_ANG_MD.wav,data/raw/CREMA-D/AudioWAV/1079_IEO_ANG_MD.wav,1079,IEO,ANG,angry
1079_IEO_DIS_HI.wav,data/raw/CREMA-D/AudioWAV/1079_IEO_DIS_HI.wav,1079,IEO,DIS,disgust
1079_IEO_DIS_LO.wav,data/raw/CREMA-D/AudioWAV/1079_IEO_DIS_LO.wav,1079,IEO,DIS,disgust
1079_IEO_DIS_MD.wav,data/raw/CREMA-D/AudioWAV/1079_IEO_DIS_MD.wav,1079,IEO,DIS,disgust
1079_IEO_FEA_HI.wav,data/raw/CREMA-D/AudioWAV/1079_IEO_FEA_HI.wav,1079,IEO,FEA,fear
1079_IEO_FEA_LO.wav,data/raw/CREMA-D/AudioWAV/1079_IEO_FEA_LO.wav,1079,IEO,FEA,fear
1079_IEO_FEA_MD.wav,data/raw/CREMA-D/AudioWAV/1079_IEO_FEA_MD.wav,1079,IEO,FEA,fear
1079_IEO_HAP_HI.wav,data/raw/CREMA-D/AudioWAV/1079_IEO_HAP_HI.wav,1079,IEO,HAP,happy
1079_IEO_HAP_LO.wav,data/raw/CREMA-D/AudioWAV/1079_IEO_HAP_LO.wav,1079,IEO,HAP,happy
1079_IEO_HAP_MD.wav,data/raw/CREMA-D/AudioWAV/1079_IEO_HAP_MD.wav,1079,IEO,HAP,happy
1079_IEO_NEU_XX.wav,data/raw/CREMA-D/AudioWAV/1079_IEO_NEU_XX.wav,1079,IEO,NEU,neutral
1079_IEO_SAD_HI.wav,data/raw/CREMA-D/AudioWAV/1079_IEO_SAD_HI.wav,1079,IEO,SAD,sad
1079_IEO_SAD_LO.wav,data/raw/CREMA-D/AudioWAV/1079_IEO_SAD_LO.wav,1079,IEO,SAD,sad
1079_IEO_SAD_MD.wav,data/raw/CREMA-D/AudioWAV/1079_IEO_SAD_MD.wav,1079,IEO,SAD,sad
1079_IOM_ANG_XX.wav,data/raw/CREMA-D/AudioWAV/1079_IOM_ANG_XX.wav,1079,IOM,ANG,angry
1079_IOM_DIS_XX.wav,data/raw/CREMA-D/AudioWAV/1079_IOM_DIS_XX.wav,1079,IOM,DIS,disgust
1079_IOM_FEA_XX.wav,data/raw/CREMA-D/AudioWAV/1079_IOM_FEA_XX.wav,1079,IOM,FEA,fear
1079_IOM_HAP_XX.wav,data/raw/CREMA-D/AudioWAV/1079_IOM_HAP_XX.wav,1079,IOM,HAP,happy
1079_IOM_NEU_XX.wav,data/raw/CREMA-D/AudioWAV/1079_IOM_NEU_XX.wav,1079,IOM,NEU,neutral
1079_IOM_SAD_XX.wav,data/raw/CREMA-D/AudioWAV/1079_IOM_SAD_XX.wav,1079,IOM,SAD,sad
1079_ITH_ANG_XX.wav,data/raw/CREMA-D/AudioWAV/1079_ITH_ANG_XX.wav,1079,ITH,ANG,angry
1079_ITH_DIS_XX.wav,data/raw/CREMA-D/AudioWAV/1079_ITH_DIS_XX.wav,1079,ITH,DIS,disgust
1079_ITH_FEA_XX.wav,data/raw/CREMA-D/AudioWAV/1079_ITH_FEA_XX.wav,1079,ITH,FEA,fear
1079_ITH_HAP_XX.wav,data/raw/CREMA-D/AudioWAV/1079_ITH_HAP_XX.wav,1079,ITH,HAP,happy
1079_ITH_NEU_XX.wav,data/raw/CREMA-D/AudioWAV/1079_ITH_NEU_XX.wav,1079,ITH,NEU,neutral
1079_ITH_SAD_XX.wav,data/raw/CREMA-D/AudioWAV/1079_ITH_SAD_XX.wav,1079,ITH,SAD,sad
1079_ITS_ANG_XX.wav,data/raw/CREMA-D/AudioWAV/1079_ITS_ANG_XX.wav,1079,ITS,ANG,angry
1079_ITS_DIS_XX.wav,data/raw/CREMA-D/AudioWAV/1079_ITS_DIS_XX.wav,1079,ITS,DIS,disgust
1079_ITS_FEA_XX.wav,data/raw/CREMA-D/AudioWAV/1079_ITS_FEA_XX.wav,1079,ITS,FEA,fear
1079_ITS_HAP_XX.wav,data/raw/CREMA-D/AudioWAV/1079_ITS_HAP_XX.wav,1079,ITS,HAP,happy
1079_ITS_NEU_XX.wav,data/raw/CREMA-D/AudioWAV/1079_ITS_NEU_XX.wav,1079,ITS,NEU,neutral
1079_ITS_SAD_XX.wav,data/raw/CREMA-D/AudioWAV/1079_ITS_SAD_XX.wav,1079,ITS,SAD,sad
1079_IWL_ANG_XX.wav,data/raw/CREMA-D/AudioWAV/1079_IWL_ANG_XX.wav,1079,IWL,ANG,angry
1079_IWL_DIS_XX.wav,data/raw/CREMA-D/AudioWAV/1079_IWL_DIS_XX.wav,1079,IWL,DIS,disgust
1079_IWL_FEA_XX.wav,data/raw/CREMA-D/AudioWAV/1079_IWL_FEA_XX.wav,1079,IWL,FEA,fear
1079_IWL_HAP_XX.wav,data/raw/CREMA-D/AudioWAV/1079_IWL_HAP_XX.wav,1079,IWL,HAP,happy
1079_IWL_NEU_XX.wav,data/raw/CREMA-D/AudioWAV/1079_IWL_NEU_XX.wav,1079,IWL,NEU,neutral
1079_IWL_SAD_XX.wav,data/raw/CREMA-D/AudioWAV/1079_IWL_SAD_XX.wav,1079,IWL,SAD,sad
1079_IWW_ANG_XX.wav,data/raw/CREMA-D/AudioWAV/1079_IWW_ANG_XX.wav,1079,IWW,ANG,angry
1079_IWW_DIS_XX.wav,data/raw/CREMA-D/AudioWAV/1079_IWW_DIS_XX.wav,1079,IWW,DIS,disgust
1079_IWW_FEA_XX.wav,data/raw/CREMA-D/AudioWAV/1079_IWW_FEA_XX.wav,1079,IWW,FEA,fear
1079_IWW_HAP_XX.wav,data/raw/CREMA-D/AudioWAV/1079_IWW_HAP_XX.wav,1079,IWW,HAP,happy
1079_IWW_NEU_XX.wav,data/raw/CREMA-D/AudioWAV/1079_IWW_NEU_XX.wav,1079,IWW,NEU,neutral
1079_IWW_SAD_XX.wav,data/raw/CREMA-D/AudioWAV/1079_IWW_SAD_XX.wav,1079,IWW,SAD,sad
1079_MTI_ANG_XX.wav,data/raw/CREMA-D/AudioWAV/1079_MTI_ANG_XX.wav,1079,MTI,ANG,angry
1079_MTI_DIS_XX.wav,data/raw/CREMA-D/AudioWAV/1079_MTI_DIS_XX.wav,1079,MTI,DIS,disgust
1079_MTI_FEA_XX.wav,data/raw/CREMA-D/AudioWAV/1079_MTI_FEA_XX.wav,1079,MTI,FEA,fear
1079_MTI_HAP_XX.wav,data/raw/CREMA-D/AudioWAV/1079_MTI_HAP_XX.wav,1079,MTI,HAP,happy
1079_MTI_NEU_XX.wav,data/raw/CREMA-D/AudioWAV/1079_MTI_NEU_XX.wav,1079,MTI,NEU,neutral
1079_MTI_SAD_XX.wav,data/raw/CREMA-D/AudioWAV/1079_MTI_SAD_XX.wav,1079,MTI,SAD,sad
1079_TAI_ANG_XX.wav,data/raw/CREMA-D/AudioWAV/1079_TAI_ANG_XX.wav,1079,TAI,ANG,angry
1079_TAI_DIS_XX.wav,data/raw/CREMA-D/AudioWAV/1079_TAI_DIS_XX.wav,1079,TAI,DIS,disgust
1079_TAI_FEA_XX.wav,data/raw/CREMA-D/AudioWAV/1079_TAI_FEA_XX.wav,1079,TAI,FEA,fear
1079_TAI_HAP_XX.wav,data/raw/CREMA-D/AudioWAV/1079_TAI_HAP_XX.wav,1079,TAI,HAP,happy
1079_TAI_NEU_XX.wav,data/raw/CREMA-D/AudioWAV/1079_TAI_NEU_XX.wav,1079,TAI,NEU,neutral
1079_TAI_SAD_XX.wav,data/raw/CREMA-D/AudioWAV/1079_TAI_SAD_XX.wav,1079,TAI,SAD,sad
1079_TIE_ANG_XX.wav,data/raw/CREMA-D/AudioWAV/1079_TIE_ANG_XX.wav,1079,TIE,ANG,angry
1079_TIE_DIS_XX.wav,data/raw/CREMA-D/AudioWAV/1079_TIE_DIS_XX.wav,1079,TIE,DIS,disgust
1079_TIE_FEA_XX.wav,data/raw/CREMA-D/AudioWAV/1079_TIE_FEA_XX.wav,1079,TIE,FEA,fear
1079_TIE_HAP_XX.wav,data/raw/CREMA-D/AudioWAV/1079_TIE_HAP_XX.wav,1079,TIE,HAP,happy
1079_TIE_NEU_XX.wav,data/raw/CREMA-D/AudioWAV/1079_TIE_NEU_XX.wav,1079,TIE,NEU,neutral
1079_TIE_SAD_XX.wav,data/raw/CREMA-D/AudioWAV/1079_TIE_SAD_XX.wav,1079,TIE,SAD,sad
1079_TSI_ANG_XX.wav,data/raw/CREMA-D/AudioWAV/1079_TSI_ANG_XX.wav,1079,TSI,ANG,angry
1079_TSI_DIS_XX.wav,data/raw/CREMA-D/AudioWAV/1079_TSI_DIS_XX.wav,1079,TSI,DIS,disgust
1079_TSI_FEA_XX.wav,data/raw/CREMA-D/AudioWAV/1079_TSI_FEA_XX.wav,1079,TSI,FEA,fear
1079_TSI_HAP_XX.wav,data/raw/CREMA-D/AudioWAV/1079_TSI_HAP_XX.wav,1079,TSI,HAP,happy
1079_TSI_NEU_XX.wav,data/raw/CREMA-D/AudioWAV/1079_TSI_NEU_XX.wav,1079,TSI,NEU,neutral
1079_TSI_SAD_XX.wav,data/raw/CREMA-D/AudioWAV/1079_TSI_SAD_XX.wav,1079,TSI,SAD,sad
1079_WSI_ANG_XX.wav,data/raw/CREMA-D/AudioWAV/1079_WSI_ANG_XX.wav,1079,WSI,ANG,angry
1079_WSI_DIS_XX.wav,data/raw/CREMA-D/AudioWAV/1079_WSI_DIS_XX.wav,1079,WSI,DIS,disgust
1079_WSI_FEA_XX.wav,data/raw/CREMA-D/AudioWAV/1079_WSI_FEA_XX.wav,1079,WSI,FEA,fear
1079_WSI_HAP_XX.wav,data/raw/CREMA-D/AudioWAV/1079_WSI_HAP_XX.wav,1079,WSI,HAP,happy
1079_WSI_NEU_XX.wav,data/raw/CREMA-D/AudioWAV/1079_WSI_NEU_XX.wav,1079,WSI,NEU,neutral
1079_WSI_SAD_XX.wav,data/raw/CREMA-D/AudioWAV/1079_WSI_SAD_XX.wav,1079,WSI,SAD,sad
1080_DFA_ANG_XX.wav,data/raw/CREMA-D/AudioWAV/1080_DFA_ANG_XX.wav,1080,DFA,ANG,angry
1080_DFA_DIS_XX.wav,data/raw/CREMA-D/AudioWAV/1080_DFA_DIS_XX.wav,1080,DFA,DIS,disgust
1080_DFA_FEA_XX.wav,data/raw/CREMA-D/AudioWAV/1080_DFA_FEA_XX.wav,1080,DFA,FEA,fear
1080_DFA_HAP_XX.wav,data/raw/CREMA-D/AudioWAV/1080_DFA_HAP_XX.wav,1080,DFA,HAP,happy
1080_DFA_NEU_XX.wav,data/raw/CREMA-D/AudioWAV/1080_DFA_NEU_XX.wav,1080,DFA,NEU,neutral
1080_DFA_SAD_XX.wav,data/raw/CREMA-D/AudioWAV/1080_DFA_SAD_XX.wav,1080,DFA,SAD,sad
1080_IEO_ANG_HI.wav,data/raw/CREMA-D/AudioWAV/1080_IEO_ANG_HI.wav,1080,IEO,ANG,angry
1080_IEO_ANG_LO.wav,data/raw/CREMA-D/AudioWAV/1080_IEO_ANG_LO.wav,1080,IEO,ANG,angry
1080_IEO_ANG_MD.wav,data/raw/CREMA-D/AudioWAV/1080_IEO_ANG_MD.wav,1080,IEO,ANG,angry
1080_IEO_DIS_HI.wav,data/raw/CREMA-D/AudioWAV/1080_IEO_DIS_HI.wav,1080,IEO,DIS,disgust
1080_IEO_DIS_LO.wav,data/raw/CREMA-D/AudioWAV/1080_IEO_DIS_LO.wav,1080,IEO,DIS,disgust
1080_IEO_DIS_MD.wav,data/raw/CREMA-D/AudioWAV/1080_IEO_DIS_MD.wav,1080,IEO,DIS,disgust
1080_IEO_FEA_HI.wav,data/raw/CREMA-D/AudioWAV/1080_IEO_FEA_HI.wav,1080,IEO,FEA,fear
1080_IEO_FEA_LO.wav,data/raw/CREMA-D/AudioWAV/1080_IEO_FEA_LO.wav,1080,IEO,FEA,fear
1080_IEO_FEA_MD.wav,data/raw/CREMA-D/AudioWAV/1080_IEO_FEA_MD.wav,1080,IEO,FEA,fear
1080_IEO_HAP_HI.wav,data/raw/CREMA-D/AudioWAV/1080_IEO_HAP_HI.wav,1080,IEO,HAP,happy
1080_IEO_HAP_LO.wav,data/raw/CREMA-D/AudioWAV/1080_IEO_HAP_LO.wav,1080,IEO,HAP,happy
1080_IEO_HAP_MD.wav,data/raw/CREMA-D/AudioWAV/1080_IEO_HAP_MD.wav,1080,IEO,HAP,happy
1080_IEO_NEU_XX.wav,data/raw/CREMA-D/AudioWAV/1080_IEO_NEU_XX.wav,1080,IEO,NEU,neutral
1080_IEO_SAD_HI.wav,data/raw/CREMA-D/AudioWAV/1080_IEO_SAD_HI.wav,1080,IEO,SAD,sad
1080_IEO_SAD_LO.wav,data/raw/CREMA-D/AudioWAV/1080_IEO_SAD_LO.wav,1080,IEO,SAD,sad
1080_IEO_SAD_MD.wav,data/raw/CREMA-D/AudioWAV/1080_IEO_SAD_MD.wav,1080,IEO,SAD,sad
1080_IOM_ANG_XX.wav,data/raw/CREMA-D/AudioWAV/1080_IOM_ANG_XX.wav,1080,IOM,ANG,angry
1080_IOM_DIS_XX.wav,data/raw/CREMA-D/AudioWAV/1080_IOM_DIS_XX.wav,1080,IOM,DIS,disgust
1080_IOM_FEA_XX.wav,data/raw/CREMA-D/AudioWAV/1080_IOM_FEA_XX.wav,1080,IOM,FEA,fear
1080_IOM_HAP_XX.wav,data/raw/CREMA-D/AudioWAV/1080_IOM_HAP_XX.wav,1080,IOM,HAP,happy
1080_IOM_NEU_XX.wav,data/raw/CREMA-D/AudioWAV/1080_IOM_NEU_XX.wav,1080,IOM,NEU,neutral
1080_IOM_SAD_XX.wav,data/raw/CREMA-D/AudioWAV/1080_IOM_SAD_XX.wav,1080,IOM,SAD,sad
1080_ITH_ANG_XX.wav,data/raw/CREMA-D/AudioWAV/1080_ITH_ANG_XX.wav,1080,ITH,ANG,angry
1080_ITH_DIS_XX.wav,data/raw/CREMA-D/AudioWAV/1080_ITH_DIS_XX.wav,1080,ITH,DIS,disgust
1080_ITH_FEA_XX.wav,data/raw/CREMA-D/AudioWAV/1080_ITH_FEA_XX.wav,1080,ITH,FEA,fear
1080_ITH_HAP_XX.wav,data/raw/CREMA-D/AudioWAV/1080_ITH_HAP_XX.wav,1080,ITH,HAP,happy
1080_ITH_NEU_XX.wav,data/raw/CREMA-D/AudioWAV/1080_ITH_NEU_XX.wav,1080,ITH,NEU,neutral
1080_ITH_SAD_XX.wav,data/raw/CREMA-D/AudioWAV/1080_ITH_SAD_XX.wav,1080,ITH,SAD,sad
1080_ITS_ANG_XX.wav,data/raw/CREMA-D/AudioWAV/1080_ITS_ANG_XX.wav,1080,ITS,ANG,angry
1080_ITS_DIS_XX.wav,data/raw/CREMA-D/AudioWAV/1080_ITS_DIS_XX.wav,1080,ITS,DIS,disgust
1080_ITS_FEA_XX.wav,data/raw/CREMA-D/AudioWAV/1080_ITS_FEA_XX.wav,1080,ITS,FEA,fear
1080_ITS_HAP_XX.wav,data/raw/CREMA-D/AudioWAV/1080_ITS_HAP_XX.wav,1080,ITS,HAP,happy
1080_ITS_NEU_XX.wav,data/raw/CREMA-D/AudioWAV/1080_ITS_NEU_XX.wav,1080,ITS,NEU,neutral
1080_ITS_SAD_XX.wav,data/raw/CREMA-D/AudioWAV/1080_ITS_SAD_XX.wav,1080,ITS,SAD,sad
1080_IWL_ANG_XX.wav,data/raw/CREMA-D/AudioWAV/1080_IWL_ANG_XX.wav,1080,IWL,ANG,angry
1080_IWL_DIS_XX.wav,data/raw/CREMA-D/AudioWAV/1080_IWL_DIS_XX.wav,1080,IWL,DIS,disgust
1080_IWL_FEA_XX.wav,data/raw/CREMA-D/AudioWAV/1080_IWL_FEA_XX.wav,1080,IWL,FEA,fear
1080_IWL_HAP_XX.wav,data/raw/CREMA-D/AudioWAV/1080_IWL_HAP_XX.wav,1080,IWL,HAP,happy
1080_IWL_NEU_XX.wav,data/raw/CREMA-D/AudioWAV/1080_IWL_NEU_XX.wav,1080,IWL,NEU,neutral
1080_IWL_SAD_XX.wav,data/raw/CREMA-D/AudioWAV/1080_IWL_SAD_XX.wav,1080,IWL,SAD,sad
1080_IWW_ANG_XX.wav,data/raw/CREMA-D/AudioWAV/1080_IWW_ANG_XX.wav,1080,IWW,ANG,angry
1080_IWW_DIS_XX.wav,data/raw/CREMA-D/AudioWAV/1080_IWW_DIS_XX.wav,1080,IWW,DIS,disgust
1080_IWW_FEA_XX.wav,data/raw/CREMA-D/AudioWAV/1080_IWW_FEA_XX.wav,1080,IWW,FEA,fear
1080_IWW_HAP_XX.wav,data/raw/CREMA-D/AudioWAV/1080_IWW_HAP_XX.wav,1080,IWW,HAP,happy
1080_IWW_NEU_XX.wav,data/raw/CREMA-D/AudioWAV/1080_IWW_NEU_XX.wav,1080,IWW,NEU,neutral
1080_IWW_SAD_XX.wav,data/raw/CREMA-D/AudioWAV/1080_IWW_SAD_XX.wav,1080,IWW,SAD,sad
1080_MTI_ANG_XX.wav,data/raw/CREMA-D/AudioWAV/1080_MTI_ANG_XX.wav,1080,MTI,ANG,angry
1080_MTI_DIS_XX.wav,data/raw/CREMA-D/AudioWAV/1080_MTI_DIS_XX.wav,1080,MTI,DIS,disgust
1080_MTI_FEA_XX.wav,data/raw/CREMA-D/AudioWAV/1080_MTI_FEA_XX.wav,1080,MTI,FEA,fear
1080_MTI_HAP_XX.wav,data/raw/CREMA-D/AudioWAV/1080_MTI_HAP_XX.wav,1080,MTI,HAP,happy
1080_MTI_NEU_XX.wav,data/raw/CREMA-D/AudioWAV/1080_MTI_NEU_XX.wav,1080,MTI,NEU,neutral
1080_MTI_SAD_XX.wav,data/raw/CREMA-D/AudioWAV/1080_MTI_SAD_XX.wav,1080,MTI,SAD,sad
1080_TAI_ANG_XX.wav,data/raw/CREMA-D/AudioWAV/1080_TAI_ANG_XX.wav,1080,TAI,ANG,angry
1080_TAI_DIS_XX.wav,data/raw/CREMA-D/AudioWAV/1080_TAI_DIS_XX.wav,1080,TAI,DIS,disgust
1080_TAI_FEA_XX.wav,data/raw/CREMA-D/AudioWAV/1080_TAI_FEA_XX.wav,1080,TAI,FEA,fear
1080_TAI_HAP_XX.wav,data/raw/CREMA-D/AudioWAV/1080_TAI_HAP_XX.wav,1080,TAI,HAP,happy
1080_TAI_NEU_XX.wav,data/raw/CREMA-D/AudioWAV/1080_TAI_NEU_XX.wav,1080,TAI,NEU,neutral
1080_TAI_SAD_XX.wav,data/raw/CREMA-D/AudioWAV/1080_TAI_SAD_XX.wav,1080,TAI,SAD,sad
1080_TIE_ANG_XX.wav,data/raw/CREMA-D/AudioWAV/1080_TIE_ANG_XX.wav,1080,TIE,ANG,angry
1080_TIE_DIS_XX.wav,data/raw/CREMA-D/AudioWAV/1080_TIE_DIS_XX.wav,1080,TIE,DIS,disgust
1080_TIE_FEA_XX.wav,data/raw/CREMA-D/AudioWAV/1080_TIE_FEA_XX.wav,1080,TIE,FEA,fear
1080_TIE_HAP_XX.wav,data/raw/CREMA-D/AudioWAV/1080_TIE_HAP_XX.wav,1080,TIE,HAP,happy
1080_TIE_NEU_XX.wav,data/raw/CREMA-D/AudioWAV/1080_TIE_NEU_XX.wav,1080,TIE,NEU,neutral
1080_TIE_SAD_XX.wav,data/raw/CREMA-D/AudioWAV/1080_TIE_SAD_XX.wav,1080,TIE,SAD,sad
1080_TSI_ANG_XX.wav,data/raw/CREMA-D/AudioWAV/1080_TSI_ANG_XX.wav,1080,TSI,ANG,angry
1080_TSI_DIS_XX.wav,data/raw/CREMA-D/AudioWAV/1080_TSI_DIS_XX.wav,1080,TSI,DIS,disgust
1080_TSI_FEA_XX.wav,data/raw/CREMA-D/AudioWAV/1080_TSI_FEA_XX.wav,1080,TSI,FEA,fear
1080_TSI_HAP_XX.wav,data/raw/CREMA-D/AudioWAV/1080_TSI_HAP_XX.wav,1080,TSI,HAP,happy
1080_TSI_NEU_XX.wav,data/raw/CREMA-D/AudioWAV/1080_TSI_NEU_XX.wav,1080,TSI,NEU,neutral
1080_TSI_SAD_XX.wav,data/raw/CREMA-D/AudioWAV/1080_TSI_SAD_XX.wav,1080,TSI,SAD,sad
1080_WSI_ANG_XX.wav,data/raw/CREMA-D/AudioWAV/1080_WSI_ANG_XX.wav,1080,WSI,ANG,angry
1080_WSI_DIS_XX.wav,data/raw/CREMA-D/AudioWAV/1080_WSI_DIS_XX.wav,1080,WSI,DIS,disgust
1080_WSI_FEA_XX.wav,data/raw/CREMA-D/AudioWAV/1080_WSI_FEA_XX.wav,1080,WSI,FEA,fear
1080_WSI_HAP_XX.wav,data/raw/CREMA-D/AudioWAV/1080_WSI_HAP_XX.wav,1080,WSI,HAP,happy
1080_WSI_NEU_XX.wav,data/raw/CREMA-D/AudioWAV/1080_WSI_NEU_XX.wav,1080,WSI,NEU,neutral
1080_WSI_SAD_XX.wav,data/raw/CREMA-D/AudioWAV/1080_WSI_SAD_XX.wav,1080,WSI,SAD,sad
1081_DFA_ANG_XX.wav,data/raw/CREMA-D/AudioWAV/1081_DFA_ANG_XX.wav,1081,DFA,ANG,angry
1081_DFA_DIS_XX.wav,data/raw/CREMA-D/AudioWAV/1081_DFA_DIS_XX.wav,1081,DFA,DIS,disgust
1081_DFA_FEA_XX.wav,data/raw/CREMA-D/AudioWAV/1081_DFA_FEA_XX.wav,1081,DFA,FEA,fear
1081_DFA_HAP_XX.wav,data/raw/CREMA-D/AudioWAV/1081_DFA_HAP_XX.wav,1081,DFA,HAP,happy
1081_DFA_NEU_XX.wav,data/raw/CREMA-D/AudioWAV/1081_DFA_NEU_XX.wav,1081,DFA,NEU,neutral
1081_DFA_SAD_XX.wav,data/raw/CREMA-D/AudioWAV/1081_DFA_SAD_XX.wav,1081,DFA,SAD,sad
1081_IEO_ANG_HI.wav,data/raw/CREMA-D/AudioWAV/1081_IEO_ANG_HI.wav,1081,IEO,ANG,angry
1081_IEO_ANG_LO.wav,data/raw/CREMA-D/AudioWAV/1081_IEO_ANG_LO.wav,1081,IEO,ANG,angry
1081_IEO_ANG_MD.wav,data/raw/CREMA-D/AudioWAV/1081_IEO_ANG_MD.wav,1081,IEO,ANG,angry
1081_IEO_DIS_HI.wav,data/raw/CREMA-D/AudioWAV/1081_IEO_DIS_HI.wav,1081,IEO,DIS,disgust
1081_IEO_DIS_LO.wav,data/raw/CREMA-D/AudioWAV/1081_IEO_DIS_LO.wav,1081,IEO,DIS,disgust
1081_IEO_DIS_MD.wav,data/raw/CREMA-D/AudioWAV/1081_IEO_DIS_MD.wav,1081,IEO,DIS,disgust
1081_IEO_FEA_HI.wav,data/raw/CREMA-D/AudioWAV/1081_IEO_FEA_HI.wav,1081,IEO,FEA,fear
1081_IEO_FEA_LO.wav,data/raw/CREMA-D/AudioWAV/1081_IEO_FEA_LO.wav,1081,IEO,FEA,fear
1081_IEO_FEA_MD.wav,data/raw/CREMA-D/AudioWAV/1081_IEO_FEA_MD.wav,1081,IEO,FEA,fear
1081_IEO_HAP_HI.wav,data/raw/CREMA-D/AudioWAV/1081_IEO_HAP_HI.wav,1081,IEO,HAP,happy
1081_IEO_HAP_LO.wav,data/raw/CREMA-D/AudioWAV/1081_IEO_HAP_LO.wav,1081,IEO,HAP,happy
1081_IEO_HAP_MD.wav,data/raw/CREMA-D/AudioWAV/1081_IEO_HAP_MD.wav,1081,IEO,HAP,happy
1081_IEO_NEU_XX.wav,data/raw/CREMA-D/AudioWAV/1081_IEO_NEU_XX.wav,1081,IEO,NEU,neutral
1081_IEO_SAD_HI.wav,data/raw/CREMA-D/AudioWAV/1081_IEO_SAD_HI.wav,1081,IEO,SAD,sad
1081_IEO_SAD_LO.wav,data/raw/CREMA-D/AudioWAV/1081_IEO_SAD_LO.wav,1081,IEO,SAD,sad
1081_IEO_SAD_MD.wav,data/raw/CREMA-D/AudioWAV/1081_IEO_SAD_MD.wav,1081,IEO,SAD,sad
1081_IOM_ANG_XX.wav,data/raw/CREMA-D/AudioWAV/1081_IOM_ANG_XX.wav,1081,IOM,ANG,angry
1081_IOM_DIS_XX.wav,data/raw/CREMA-D/AudioWAV/1081_IOM_DIS_XX.wav,1081,IOM,DIS,disgust
1081_IOM_FEA_XX.wav,data/raw/CREMA-D/AudioWAV/1081_IOM_FEA_XX.wav,1081,IOM,FEA,fear
1081_IOM_HAP_XX.wav,data/raw/CREMA-D/AudioWAV/1081_IOM_HAP_XX.wav,1081,IOM,HAP,happy
1081_IOM_NEU_XX.wav,data/raw/CREMA-D/AudioWAV/1081_IOM_NEU_XX.wav,1081,IOM,NEU,neutral
1081_IOM_SAD_XX.wav,data/raw/CREMA-D/AudioWAV/1081_IOM_SAD_XX.wav,1081,IOM,SAD,sad
1081_ITH_ANG_XX.wav,data/raw/CREMA-D/AudioWAV/1081_ITH_ANG_XX.wav,1081,ITH,ANG,angry
1081_ITH_DIS_XX.wav,data/raw/CREMA-D/AudioWAV/1081_ITH_DIS_XX.wav,1081,ITH,DIS,disgust
1081_ITH_FEA_XX.wav,data/raw/CREMA-D/AudioWAV/1081_ITH_FEA_XX.wav,1081,ITH,FEA,fear
1081_ITH_HAP_XX.wav,data/raw/CREMA-D/AudioWAV/1081_ITH_HAP_XX.wav,1081,ITH,HAP,happy
1081_ITH_NEU_XX.wav,data/raw/CREMA-D/AudioWAV/1081_ITH_NEU_XX.wav,1081,ITH,NEU,neutral
1081_ITH_SAD_XX.wav,data/raw/CREMA-D/AudioWAV/1081_ITH_SAD_XX.wav,1081,ITH,SAD,sad
1081_ITS_ANG_XX.wav,data/raw/CREMA-D/AudioWAV/1081_ITS_ANG_XX.wav,1081,ITS,ANG,angry
1081_ITS_DIS_XX.wav,data/raw/CREMA-D/AudioWAV/1081_ITS_DIS_XX.wav,1081,ITS,DIS,disgust
1081_ITS_FEA_XX.wav,data/raw/CREMA-D/AudioWAV/1081_ITS_FEA_XX.wav,1081,ITS,FEA,fear
1081_ITS_HAP_XX.wav,data/raw/CREMA-D/AudioWAV/1081_ITS_HAP_XX.wav,1081,ITS,HAP,happy
1081_ITS_NEU_XX.wav,data/raw/CREMA-D/AudioWAV/1081_ITS_NEU_XX.wav,1081,ITS,NEU,neutral
1081_ITS_SAD_XX.wav,data/raw/CREMA-D/AudioWAV/1081_ITS_SAD_XX.wav,1081,ITS,SAD,sad
1081_IWL_ANG_XX.wav,data/raw/CREMA-D/AudioWAV/1081_IWL_ANG_XX.wav,1081,IWL,ANG,angry
1081_IWL_DIS_XX.wav,data/raw/CREMA-D/AudioWAV/1081_IWL_DIS_XX.wav,1081,IWL,DIS,disgust
1081_IWL_FEA_XX.wav,data/raw/CREMA-D/AudioWAV/1081_IWL_FEA_XX.wav,1081,IWL,FEA,fear
1081_IWL_HAP_XX.wav,data/raw/CREMA-D/AudioWAV/1081_IWL_HAP_XX.wav,1081,IWL,HAP,happy
1081_IWL_NEU_XX.wav,data/raw/CREMA-D/AudioWAV/1081_IWL_NEU_XX.wav,1081,IWL,NEU,neutral
1081_IWL_SAD_XX.wav,data/raw/CREMA-D/AudioWAV/1081_IWL_SAD_XX.wav,1081,IWL,SAD,sad
1081_IWW_ANG_XX.wav,data/raw/CREMA-D/AudioWAV/1081_IWW_ANG_XX.wav,1081,IWW,ANG,angry
1081_IWW_DIS_XX.wav,data/raw/CREMA-D/AudioWAV/1081_IWW_DIS_XX.wav,1081,IWW,DIS,disgust
1081_IWW_FEA_XX.wav,data/raw/CREMA-D/AudioWAV/1081_IWW_FEA_XX.wav,1081,IWW,FEA,fear
1081_IWW_HAP_XX.wav,data/raw/CREMA-D/AudioWAV/1081_IWW_HAP_XX.wav,1081,IWW,HAP,happy
1081_IWW_NEU_XX.wav,data/raw/CREMA-D/AudioWAV/1081_IWW_NEU_XX.wav,1081,IWW,NEU,neutral
1081_IWW_SAD_XX.wav,data/raw/CREMA-D/AudioWAV/1081_IWW_SAD_XX.wav,1081,IWW,SAD,sad
1081_MTI_ANG_XX.wav,data/raw/CREMA-D/AudioWAV/1081_MTI_ANG_XX.wav,1081,MTI,ANG,angry
1081_MTI_DIS_XX.wav,data/raw/CREMA-D/AudioWAV/1081_MTI_DIS_XX.wav,1081,MTI,DIS,disgust
1081_MTI_FEA_XX.wav,data/raw/CREMA-D/AudioWAV/1081_MTI_FEA_XX.wav,1081,MTI,FEA,fear
1081_MTI_HAP_XX.wav,data/raw/CREMA-D/AudioWAV/1081_MTI_HAP_XX.wav,1081,MTI,HAP,happy
1081_MTI_NEU_XX.wav,data/raw/CREMA-D/AudioWAV/1081_MTI_NEU_XX.wav,1081,MTI,NEU,neutral
1081_MTI_SAD_XX.wav,data/raw/CREMA-D/AudioWAV/1081_MTI_SAD_XX.wav,1081,MTI,SAD,sad
1081_TAI_ANG_XX.wav,data/raw/CREMA-D/AudioWAV/1081_TAI_ANG_XX.wav,1081,TAI,ANG,angry
1081_TAI_DIS_XX.wav,data/raw/CREMA-D/AudioWAV/1081_TAI_DIS_XX.wav,1081,TAI,DIS,disgust
1081_TAI_FEA_XX.wav,data/raw/CREMA-D/AudioWAV/1081_TAI_FEA_XX.wav,1081,TAI,FEA,fear
1081_TAI_HAP_XX.wav,data/raw/CREMA-D/AudioWAV/1081_TAI_HAP_XX.wav,1081,TAI,HAP,happy
1081_TAI_NEU_XX.wav,data/raw/CREMA-D/AudioWAV/1081_TAI_NEU_XX.wav,1081,TAI,NEU,neutral
1081_TAI_SAD_XX.wav,data/raw/CREMA-D/AudioWAV/1081_TAI_SAD_XX.wav,1081,TAI,SAD,sad
1081_TIE_ANG_XX.wav,data/raw/CREMA-D/AudioWAV/1081_TIE_ANG_XX.wav,1081,TIE,ANG,angry
1081_TIE_DIS_XX.wav,data/raw/CREMA-D/AudioWAV/1081_TIE_DIS_XX.wav,1081,TIE,DIS,disgust
1081_TIE_FEA_XX.wav,data/raw/CREMA-D/AudioWAV/1081_TIE_FEA_XX.wav,1081,TIE,FEA,fear
1081_TIE_HAP_XX.wav,data/raw/CREMA-D/AudioWAV/1081_TIE_HAP_XX.wav,1081,TIE,HAP,happy
1081_TIE_NEU_XX.wav,data/raw/CREMA-D/AudioWAV/1081_TIE_NEU_XX.wav,1081,TIE,NEU,neutral
1081_TIE_SAD_XX.wav,data/raw/CREMA-D/AudioWAV/1081_TIE_SAD_XX.wav,1081,TIE,SAD,sad
1081_TSI_ANG_XX.wav,data/raw/CREMA-D/AudioWAV/1081_TSI_ANG_XX.wav,1081,TSI,ANG,angry
1081_TSI_DIS_XX.wav,data/raw/CREMA-D/AudioWAV/1081_TSI_DIS_XX.wav,1081,TSI,DIS,disgust
1081_TSI_FEA_XX.wav,data/raw/CREMA-D/AudioWAV/1081_TSI_FEA_XX.wav,1081,TSI,FEA,fear
1081_TSI_HAP_XX.wav,data/raw/CREMA-D/AudioWAV/1081_TSI_HAP_XX.wav,1081,TSI,HAP,happy
1081_TSI_NEU_XX.wav,data/raw/CREMA-D/AudioWAV/1081_TSI_NEU_XX.wav,1081,TSI,NEU,neutral
1081_TSI_SAD_XX.wav,data/raw/CREMA-D/AudioWAV/1081_TSI_SAD_XX.wav,1081,TSI,SAD,sad
1081_WSI_ANG_XX.wav,data/raw/CREMA-D/AudioWAV/1081_WSI_ANG_XX.wav,1081,WSI,ANG,angry
1081_WSI_DIS_XX.wav,data/raw/CREMA-D/AudioWAV/1081_WSI_DIS_XX.wav,1081,WSI,DIS,disgust
1081_WSI_FEA_XX.wav,data/raw/CREMA-D/AudioWAV/1081_WSI_FEA_XX.wav,1081,WSI,FEA,fear
1081_WSI_HAP_XX.wav,data/raw/CREMA-D/AudioWAV/1081_WSI_HAP_XX.wav,1081,WSI,HAP,happy
1081_WSI_NEU_XX.wav,data/raw/CREMA-D/AudioWAV/1081_WSI_NEU_XX.wav,1081,WSI,NEU,neutral
1081_WSI_SAD_XX.wav,data/raw/CREMA-D/AudioWAV/1081_WSI_SAD_XX.wav,1081,WSI,SAD,sad
1082_DFA_ANG_XX.wav,data/raw/CREMA-D/AudioWAV/1082_DFA_ANG_XX.wav,1082,DFA,ANG,angry
1082_DFA_DIS_XX.wav,data/raw/CREMA-D/AudioWAV/1082_DFA_DIS_XX.wav,1082,DFA,DIS,disgust
1082_DFA_FEA_XX.wav,data/raw/CREMA-D/AudioWAV/1082_DFA_FEA_XX.wav,1082,DFA,FEA,fear
1082_DFA_HAP_XX.wav,data/raw/CREMA-D/AudioWAV/1082_DFA_HAP_XX.wav,1082,DFA,HAP,happy
1082_DFA_NEU_XX.wav,data/raw/CREMA-D/AudioWAV/1082_DFA_NEU_XX.wav,1082,DFA,NEU,neutral
1082_DFA_SAD_XX.wav,data/raw/CREMA-D/AudioWAV/1082_DFA_SAD_XX.wav,1082,DFA,SAD,sad
1082_IEO_ANG_HI.wav,data/raw/CREMA-D/AudioWAV/1082_IEO_ANG_HI.wav,1082,IEO,ANG,angry
1082_IEO_ANG_LO.wav,data/raw/CREMA-D/AudioWAV/1082_IEO_ANG_LO.wav,1082,IEO,ANG,angry
1082_IEO_ANG_MD.wav,data/raw/CREMA-D/AudioWAV/1082_IEO_ANG_MD.wav,1082,IEO,ANG,angry
1082_IEO_DIS_HI.wav,data/raw/CREMA-D/AudioWAV/1082_IEO_DIS_HI.wav,1082,IEO,DIS,disgust
1082_IEO_DIS_LO.wav,data/raw/CREMA-D/AudioWAV/1082_IEO_DIS_LO.wav,1082,IEO,DIS,disgust
1082_IEO_DIS_MD.wav,data/raw/CREMA-D/AudioWAV/1082_IEO_DIS_MD.wav,1082,IEO,DIS,disgust
1082_IEO_FEA_HI.wav,data/raw/CREMA-D/AudioWAV/1082_IEO_FEA_HI.wav,1082,IEO,FEA,fear
1082_IEO_FEA_LO.wav,data/raw/CREMA-D/AudioWAV/1082_IEO_FEA_LO.wav,1082,IEO,FEA,fear
1082_IEO_FEA_MD.wav,data/raw/CREMA-D/AudioWAV/1082_IEO_FEA_MD.wav,1082,IEO,FEA,fear
1082_IEO_HAP_HI.wav,data/raw/CREMA-D/AudioWAV/1082_IEO_HAP_HI.wav,1082,IEO,HAP,happy
1082_IEO_HAP_LO.wav,data/raw/CREMA-D/AudioWAV/1082_IEO_HAP_LO.wav,1082,IEO,HAP,happy
1082_IEO_HAP_MD.wav,data/raw/CREMA-D/AudioWAV/1082_IEO_HAP_MD.wav,1082,IEO,HAP,happy
1082_IEO_NEU_XX.wav,data/raw/CREMA-D/AudioWAV/1082_IEO_NEU_XX.wav,1082,IEO,NEU,neutral
1082_IEO_SAD_HI.wav,data/raw/CREMA-D/AudioWAV/1082_IEO_SAD_HI.wav,1082,IEO,SAD,sad
1082_IEO_SAD_LO.wav,data/raw/CREMA-D/AudioWAV/1082_IEO_SAD_LO.wav,1082,IEO,SAD,sad
1082_IEO_SAD_MD.wav,data/raw/CREMA-D/AudioWAV/1082_IEO_SAD_MD.wav,1082,IEO,SAD,sad
1082_IOM_ANG_XX.wav,data/raw/CREMA-D/AudioWAV/1082_IOM_ANG_XX.wav,1082,IOM,ANG,angry
1082_IOM_DIS_XX.wav,data/raw/CREMA-D/AudioWAV/1082_IOM_DIS_XX.wav,1082,IOM,DIS,disgust
1082_IOM_FEA_XX.wav,data/raw/CREMA-D/AudioWAV/1082_IOM_FEA_XX.wav,1082,IOM,FEA,fear
1082_IOM_HAP_XX.wav,data/raw/CREMA-D/AudioWAV/1082_IOM_HAP_XX.wav,1082,IOM,HAP,happy
1082_IOM_NEU_XX.wav,data/raw/CREMA-D/AudioWAV/1082_IOM_NEU_XX.wav,1082,IOM,NEU,neutral
1082_IOM_SAD_XX.wav,data/raw/CREMA-D/AudioWAV/1082_IOM_SAD_XX.wav,1082,IOM,SAD,sad
1082_ITH_ANG_XX.wav,data/raw/CREMA-D/AudioWAV/1082_ITH_ANG_XX.wav,1082,ITH,ANG,angry
1082_ITH_DIS_XX.wav,data/raw/CREMA-D/AudioWAV/1082_ITH_DIS_XX.wav,1082,ITH,DIS,disgust
1082_ITH_FEA_XX.wav,data/raw/CREMA-D/AudioWAV/1082_ITH_FEA_XX.wav,1082,ITH,FEA,fear
1082_ITH_HAP_XX.wav,data/raw/CREMA-D/AudioWAV/1082_ITH_HAP_XX.wav,1082,ITH,HAP,happy
1082_ITH_NEU_XX.wav,data/raw/CREMA-D/AudioWAV/1082_ITH_NEU_XX.wav,1082,ITH,NEU,neutral
1082_ITH_SAD_XX.wav,data/raw/CREMA-D/AudioWAV/1082_ITH_SAD_XX.wav,1082,ITH,SAD,sad
1082_ITS_ANG_XX.wav,data/raw/CREMA-D/AudioWAV/1082_ITS_ANG_XX.wav,1082,ITS,ANG,angry
1082_ITS_DIS_XX.wav,data/raw/CREMA-D/AudioWAV/1082_ITS_DIS_XX.wav,1082,ITS,DIS,disgust
1082_ITS_FEA_XX.wav,data/raw/CREMA-D/AudioWAV/1082_ITS_FEA_XX.wav,1082,ITS,FEA,fear
1082_ITS_HAP_XX.wav,data/raw/CREMA-D/AudioWAV/1082_ITS_HAP_XX.wav,1082,ITS,HAP,happy
1082_ITS_NEU_XX.wav,data/raw/CREMA-D/AudioWAV/1082_ITS_NEU_XX.wav,1082,ITS,NEU,neutral
1082_ITS_SAD_XX.wav,data/raw/CREMA-D/AudioWAV/1082_ITS_SAD_XX.wav,1082,ITS,SAD,sad
1082_IWL_ANG_XX.wav,data/raw/CREMA-D/AudioWAV/1082_IWL_ANG_XX.wav,1082,IWL,ANG,angry
1082_IWL_DIS_XX.wav,data/raw/CREMA-D/AudioWAV/1082_IWL_DIS_XX.wav,1082,IWL,DIS,disgust
1082_IWL_FEA_XX.wav,data/raw/CREMA-D/AudioWAV/1082_IWL_FEA_XX.wav,1082,IWL,FEA,fear
1082_IWL_HAP_XX.wav,data/raw/CREMA-D/AudioWAV/1082_IWL_HAP_XX.wav,1082,IWL,HAP,happy
1082_IWL_NEU_XX.wav,data/raw/CREMA-D/AudioWAV/1082_IWL_NEU_XX.wav,1082,IWL,NEU,neutral
1082_IWL_SAD_XX.wav,data/raw/CREMA-D/AudioWAV/1082_IWL_SAD_XX.wav,1082,IWL,SAD,sad
1082_IWW_ANG_XX.wav,data/raw/CREMA-D/AudioWAV/1082_IWW_ANG_XX.wav,1082,IWW,ANG,angry
1082_IWW_DIS_XX.wav,data/raw/CREMA-D/AudioWAV/1082_IWW_DIS_XX.wav,1082,IWW,DIS,disgust
1082_IWW_FEA_XX.wav,data/raw/CREMA-D/AudioWAV/1082_IWW_FEA_XX.wav,1082,IWW,FEA,fear
1082_IWW_HAP_XX.wav,data/raw/CREMA-D/AudioWAV/1082_IWW_HAP_XX.wav,1082,IWW,HAP,happy
1082_IWW_NEU_XX.wav,data/raw/CREMA-D/AudioWAV/1082_IWW_NEU_XX.wav,1082,IWW,NEU,neutral
1082_IWW_SAD_XX.wav,data/raw/CREMA-D/AudioWAV/1082_IWW_SAD_XX.wav,1082,IWW,SAD,sad
1082_MTI_ANG_XX.wav,data/raw/CREMA-D/AudioWAV/1082_MTI_ANG_XX.wav,1082,MTI,ANG,angry
1082_MTI_DIS_XX.wav,data/raw/CREMA-D/AudioWAV/1082_MTI_DIS_XX.wav,1082,MTI,DIS,disgust
1082_MTI_FEA_XX.wav,data/raw/CREMA-D/AudioWAV/1082_MTI_FEA_XX.wav,1082,MTI,FEA,fear
1082_MTI_HAP_XX.wav,data/raw/CREMA-D/AudioWAV/1082_MTI_HAP_XX.wav,1082,MTI,HAP,happy
1082_MTI_NEU_XX.wav,data/raw/CREMA-D/AudioWAV/1082_MTI_NEU_XX.wav,1082,MTI,NEU,neutral
1082_MTI_SAD_XX.wav,data/raw/CREMA-D/AudioWAV/1082_MTI_SAD_XX.wav,1082,MTI,SAD,sad
1082_TAI_ANG_XX.wav,data/raw/CREMA-D/AudioWAV/1082_TAI_ANG_XX.wav,1082,TAI,ANG,angry
1082_TAI_DIS_XX.wav,data/raw/CREMA-D/AudioWAV/1082_TAI_DIS_XX.wav,1082,TAI,DIS,disgust
1082_TAI_FEA_XX.wav,data/raw/CREMA-D/AudioWAV/1082_TAI_FEA_XX.wav,1082,TAI,FEA,fear
1082_TAI_HAP_XX.wav,data/raw/CREMA-D/AudioWAV/1082_TAI_HAP_XX.wav,1082,TAI,HAP,happy
1082_TAI_NEU_XX.wav,data/raw/CREMA-D/AudioWAV/1082_TAI_NEU_XX.wav,1082,TAI,NEU,neutral
1082_TAI_SAD_XX.wav,data/raw/CREMA-D/AudioWAV/1082_TAI_SAD_XX.wav,1082,TAI,SAD,sad
1082_TIE_ANG_XX.wav,data/raw/CREMA-D/AudioWAV/1082_TIE_ANG_XX.wav,1082,TIE,ANG,angry
1082_TIE_DIS_XX.wav,data/raw/CREMA-D/AudioWAV/1082_TIE_DIS_XX.wav,1082,TIE,DIS,disgust
1082_TIE_FEA_XX.wav,data/raw/CREMA-D/AudioWAV/1082_TIE_FEA_XX.wav,1082,TIE,FEA,fear
1082_TIE_HAP_XX.wav,data/raw/CREMA-D/AudioWAV/1082_TIE_HAP_XX.wav,1082,TIE,HAP,happy
1082_TIE_NEU_XX.wav,data/raw/CREMA-D/AudioWAV/1082_TIE_NEU_XX.wav,1082,TIE,NEU,neutral
1082_TIE_SAD_XX.wav,data/raw/CREMA-D/AudioWAV/1082_TIE_SAD_XX.wav,1082,TIE,SAD,sad
1082_TSI_ANG_XX.wav,data/raw/CREMA-D/AudioWAV/1082_TSI_ANG_XX.wav,1082,TSI,ANG,angry
1082_TSI_DIS_XX.wav,data/raw/CREMA-D/AudioWAV/1082_TSI_DIS_XX.wav,1082,TSI,DIS,disgust
1082_TSI_FEA_XX.wav,data/raw/CREMA-D/AudioWAV/1082_TSI_FEA_XX.wav,1082,TSI,FEA,fear
1082_TSI_HAP_XX.wav,data/raw/CREMA-D/AudioWAV/1082_TSI_HAP_XX.wav,1082,TSI,HAP,happy
1082_TSI_NEU_XX.wav,data/raw/CREMA-D/AudioWAV/1082_TSI_NEU_XX.wav,1082,TSI,NEU,neutral
1082_TSI_SAD_XX.wav,data/raw/CREMA-D/AudioWAV/1082_TSI_SAD_XX.wav,1082,TSI,SAD,sad
1082_WSI_ANG_XX.wav,data/raw/CREMA-D/AudioWAV/1082_WSI_ANG_XX.wav,1082,WSI,ANG,angry
1082_WSI_DIS_XX.wav,data/raw/CREMA-D/AudioWAV/1082_WSI_DIS_XX.wav,1082,WSI,DIS,disgust
1082_WSI_FEA_XX.wav,data/raw/CREMA-D/AudioWAV/1082_WSI_FEA_XX.wav,1082,WSI,FEA,fear
1082_WSI_HAP_XX.wav,data/raw/CREMA-D/AudioWAV/1082_WSI_HAP_XX.wav,1082,WSI,HAP,happy
1082_WSI_NEU_XX.wav,data/raw/CREMA-D/AudioWAV/1082_WSI_NEU_XX.wav,1082,WSI,NEU,neutral
1082_WSI_SAD_XX.wav,data/raw/CREMA-D/AudioWAV/1082_WSI_SAD_XX.wav,1082,WSI,SAD,sad
1083_DFA_ANG_XX.wav,data/raw/CREMA-D/AudioWAV/1083_DFA_ANG_XX.wav,1083,DFA,ANG,angry
1083_DFA_DIS_XX.wav,data/raw/CREMA-D/AudioWAV/1083_DFA_DIS_XX.wav,1083,DFA,DIS,disgust
1083_DFA_FEA_XX.wav,data/raw/CREMA-D/AudioWAV/1083_DFA_FEA_XX.wav,1083,DFA,FEA,fear
1083_DFA_HAP_XX.wav,data/raw/CREMA-D/AudioWAV/1083_DFA_HAP_XX.wav,1083,DFA,HAP,happy
1083_DFA_NEU_XX.wav,data/raw/CREMA-D/AudioWAV/1083_DFA_NEU_XX.wav,1083,DFA,NEU,neutral
1083_DFA_SAD_XX.wav,data/raw/CREMA-D/AudioWAV/1083_DFA_SAD_XX.wav,1083,DFA,SAD,sad
1083_IEO_ANG_HI.wav,data/raw/CREMA-D/AudioWAV/1083_IEO_ANG_HI.wav,1083,IEO,ANG,angry
1083_IEO_ANG_LO.wav,data/raw/CREMA-D/AudioWAV/1083_IEO_ANG_LO.wav,1083,IEO,ANG,angry
1083_IEO_ANG_MD.wav,data/raw/CREMA-D/AudioWAV/1083_IEO_ANG_MD.wav,1083,IEO,ANG,angry
1083_IEO_DIS_HI.wav,data/raw/CREMA-D/AudioWAV/1083_IEO_DIS_HI.wav,1083,IEO,DIS,disgust
1083_IEO_DIS_LO.wav,data/raw/CREMA-D/AudioWAV/1083_IEO_DIS_LO.wav,1083,IEO,DIS,disgust
1083_IEO_DIS_MD.wav,data/raw/CREMA-D/AudioWAV/1083_IEO_DIS_MD.wav,1083,IEO,DIS,disgust
1083_IEO_FEA_HI.wav,data/raw/CREMA-D/AudioWAV/1083_IEO_FEA_HI.wav,1083,IEO,FEA,fear
1083_IEO_FEA_LO.wav,data/raw/CREMA-D/AudioWAV/1083_IEO_FEA_LO.wav,1083,IEO,FEA,fear
1083_IEO_FEA_MD.wav,data/raw/CREMA-D/AudioWAV/1083_IEO_FEA_MD.wav,1083,IEO,FEA,fear
1083_IEO_HAP_HI.wav,data/raw/CREMA-D/AudioWAV/1083_IEO_HAP_HI.wav,1083,IEO,HAP,happy
1083_IEO_HAP_LO.wav,data/raw/CREMA-D/AudioWAV/1083_IEO_HAP_LO.wav,1083,IEO,HAP,happy
1083_IEO_HAP_MD.wav,data/raw/CREMA-D/AudioWAV/1083_IEO_HAP_MD.wav,1083,IEO,HAP,happy
1083_IEO_NEU_XX.wav,data/raw/CREMA-D/AudioWAV/1083_IEO_NEU_XX.wav,1083,IEO,NEU,neutral
1083_IEO_SAD_HI.wav,data/raw/CREMA-D/AudioWAV/1083_IEO_SAD_HI.wav,1083,IEO,SAD,sad
1083_IEO_SAD_LO.wav,data/raw/CREMA-D/AudioWAV/1083_IEO_SAD_LO.wav,1083,IEO,SAD,sad
1083_IEO_SAD_MD.wav,data/raw/CREMA-D/AudioWAV/1083_IEO_SAD_MD.wav,1083,IEO,SAD,sad
1083_IOM_ANG_XX.wav,data/raw/CREMA-D/AudioWAV/1083_IOM_ANG_XX.wav,1083,IOM,ANG,angry
1083_IOM_DIS_XX.wav,data/raw/CREMA-D/AudioWAV/1083_IOM_DIS_XX.wav,1083,IOM,DIS,disgust
1083_IOM_FEA_XX.wav,data/raw/CREMA-D/AudioWAV/1083_IOM_FEA_XX.wav,1083,IOM,FEA,fear
1083_IOM_HAP_XX.wav,data/raw/CREMA-D/AudioWAV/1083_IOM_HAP_XX.wav,1083,IOM,HAP,happy
1083_IOM_NEU_XX.wav,data/raw/CREMA-D/AudioWAV/1083_IOM_NEU_XX.wav,1083,IOM,NEU,neutral
1083_IOM_SAD_XX.wav,data/raw/CREMA-D/AudioWAV/1083_IOM_SAD_XX.wav,1083,IOM,SAD,sad
1083_ITH_ANG_XX.wav,data/raw/CREMA-D/AudioWAV/1083_ITH_ANG_XX.wav,1083,ITH,ANG,angry
1083_ITH_DIS_XX.wav,data/raw/CREMA-D/AudioWAV/1083_ITH_DIS_XX.wav,1083,ITH,DIS,disgust
1083_ITH_FEA_XX.wav,data/raw/CREMA-D/AudioWAV/1083_ITH_FEA_XX.wav,1083,ITH,FEA,fear
1083_ITH_HAP_XX.wav,data/raw/CREMA-D/AudioWAV/1083_ITH_HAP_XX.wav,1083,ITH,HAP,happy
1083_ITH_NEU_XX.wav,data/raw/CREMA-D/AudioWAV/1083_ITH_NEU_XX.wav,1083,ITH,NEU,neutral
1083_ITH_SAD_XX.wav,data/raw/CREMA-D/AudioWAV/1083_ITH_SAD_XX.wav,1083,ITH,SAD,sad
1083_ITS_ANG_XX.wav,data/raw/CREMA-D/AudioWAV/1083_ITS_ANG_XX.wav,1083,ITS,ANG,angry
1083_ITS_DIS_XX.wav,data/raw/CREMA-D/AudioWAV/1083_ITS_DIS_XX.wav,1083,ITS,DIS,disgust
1083_ITS_FEA_XX.wav,data/raw/CREMA-D/AudioWAV/1083_ITS_FEA_XX.wav,1083,ITS,FEA,fear
1083_ITS_HAP_XX.wav,data/raw/CREMA-D/AudioWAV/1083_ITS_HAP_XX.wav,1083,ITS,HAP,happy
1083_ITS_NEU_XX.wav,data/raw/CREMA-D/AudioWAV/1083_ITS_NEU_XX.wav,1083,ITS,NEU,neutral
1083_ITS_SAD_XX.wav,data/raw/CREMA-D/AudioWAV/1083_ITS_SAD_XX.wav,1083,ITS,SAD,sad
1083_IWL_ANG_XX.wav,data/raw/CREMA-D/AudioWAV/1083_IWL_ANG_XX.wav,1083,IWL,ANG,angry
1083_IWL_DIS_XX.wav,data/raw/CREMA-D/AudioWAV/1083_IWL_DIS_XX.wav,1083,IWL,DIS,disgust
1083_IWL_FEA_XX.wav,data/raw/CREMA-D/AudioWAV/1083_IWL_FEA_XX.wav,1083,IWL,FEA,fear
1083_IWL_HAP_XX.wav,data/raw/CREMA-D/AudioWAV/1083_IWL_HAP_XX.wav,1083,IWL,HAP,happy
1083_IWL_NEU_XX.wav,data/raw/CREMA-D/AudioWAV/1083_IWL_NEU_XX.wav,1083,IWL,NEU,neutral
1083_IWL_SAD_XX.wav,data/raw/CREMA-D/AudioWAV/1083_IWL_SAD_XX.wav,1083,IWL,SAD,sad
1083_IWW_ANG_XX.wav,data/raw/CREMA-D/AudioWAV/1083_IWW_ANG_XX.wav,1083,IWW,ANG,angry
1083_IWW_DIS_XX.wav,data/raw/CREMA-D/AudioWAV/1083_IWW_DIS_XX.wav,1083,IWW,DIS,disgust
1083_IWW_FEA_XX.wav,data/raw/CREMA-D/AudioWAV/1083_IWW_FEA_XX.wav,1083,IWW,FEA,fear
1083_IWW_HAP_XX.wav,data/raw/CREMA-D/AudioWAV/1083_IWW_HAP_XX.wav,1083,IWW,HAP,happy
1083_IWW_NEU_XX.wav,data/raw/CREMA-D/AudioWAV/1083_IWW_NEU_XX.wav,1083,IWW,NEU,neutral
1083_IWW_SAD_XX.wav,data/raw/CREMA-D/AudioWAV/1083_IWW_SAD_XX.wav,1083,IWW,SAD,sad
1083_MTI_ANG_XX.wav,data/raw/CREMA-D/AudioWAV/1083_MTI_ANG_XX.wav,1083,MTI,ANG,angry
1083_MTI_DIS_XX.wav,data/raw/CREMA-D/AudioWAV/1083_MTI_DIS_XX.wav,1083,MTI,DIS,disgust
1083_MTI_FEA_XX.wav,data/raw/CREMA-D/AudioWAV/1083_MTI_FEA_XX.wav,1083,MTI,FEA,fear
1083_MTI_HAP_XX.wav,data/raw/CREMA-D/AudioWAV/1083_MTI_HAP_XX.wav,1083,MTI,HAP,happy
1083_MTI_NEU_XX.wav,data/raw/CREMA-D/AudioWAV/1083_MTI_NEU_XX.wav,1083,MTI,NEU,neutral
1083_MTI_SAD_XX.wav,data/raw/CREMA-D/AudioWAV/1083_MTI_SAD_XX.wav,1083,MTI,SAD,sad
1083_TAI_ANG_XX.wav,data/raw/CREMA-D/AudioWAV/1083_TAI_ANG_XX.wav,1083,TAI,ANG,angry
1083_TAI_DIS_XX.wav,data/raw/CREMA-D/AudioWAV/1083_TAI_DIS_XX.wav,1083,TAI,DIS,disgust
1083_TAI_FEA_XX.wav,data/raw/CREMA-D/AudioWAV/1083_TAI_FEA_XX.wav,1083,TAI,FEA,fear
1083_TAI_HAP_XX.wav,data/raw/CREMA-D/AudioWAV/1083_TAI_HAP_XX.wav,1083,TAI,HAP,happy
1083_TAI_NEU_XX.wav,data/raw/CREMA-D/AudioWAV/1083_TAI_NEU_XX.wav,1083,TAI,NEU,neutral
1083_TAI_SAD_XX.wav,data/raw/CREMA-D/AudioWAV/1083_TAI_SAD_XX.wav,1083,TAI,SAD,sad
1083_TIE_ANG_XX.wav,data/raw/CREMA-D/AudioWAV/1083_TIE_ANG_XX.wav,1083,TIE,ANG,angry
1083_TIE_DIS_XX.wav,data/raw/CREMA-D/AudioWAV/1083_TIE_DIS_XX.wav,1083,TIE,DIS,disgust
1083_TIE_FEA_XX.wav,data/raw/CREMA-D/AudioWAV/1083_TIE_FEA_XX.wav,1083,TIE,FEA,fear
1083_TIE_HAP_XX.wav,data/raw/CREMA-D/AudioWAV/1083_TIE_HAP_XX.wav,1083,TIE,HAP,happy
1083_TIE_NEU_XX.wav,data/raw/CREMA-D/AudioWAV/1083_TIE_NEU_XX.wav,1083,TIE,NEU,neutral
1083_TIE_SAD_XX.wav,data/raw/CREMA-D/AudioWAV/1083_TIE_SAD_XX.wav,1083,TIE,SAD,sad
1083_TSI_ANG_XX.wav,data/raw/CREMA-D/AudioWAV/1083_TSI_ANG_XX.wav,1083,TSI,ANG,angry
1083_TSI_DIS_XX.wav,data/raw/CREMA-D/AudioWAV/1083_TSI_DIS_XX.wav,1083,TSI,DIS,disgust
1083_TSI_FEA_XX.wav,data/raw/CREMA-D/AudioWAV/1083_TSI_FEA_XX.wav,1083,TSI,FEA,fear
1083_TSI_HAP_XX.wav,data/raw/CREMA-D/AudioWAV/1083_TSI_HAP_XX.wav,1083,TSI,HAP,happy
1083_TSI_NEU_XX.wav,data/raw/CREMA-D/AudioWAV/1083_TSI_NEU_XX.wav,1083,TSI,NEU,neutral
1083_TSI_SAD_XX.wav,data/raw/CREMA-D/AudioWAV/1083_TSI_SAD_XX.wav,1083,TSI,SAD,sad
1083_WSI_ANG_XX.wav,data/raw/CREMA-D/AudioWAV/1083_WSI_ANG_XX.wav,1083,WSI,ANG,angry
1083_WSI_DIS_XX.wav,data/raw/CREMA-D/AudioWAV/1083_WSI_DIS_XX.wav,1083,WSI,DIS,disgust
1083_WSI_FEA_XX.wav,data/raw/CREMA-D/AudioWAV/1083_WSI_FEA_XX.wav,1083,WSI,FEA,fear
1083_WSI_HAP_XX.wav,data/raw/CREMA-D/AudioWAV/1083_WSI_HAP_XX.wav,1083,WSI,HAP,happy
1083_WSI_NEU_XX.wav,data/raw/CREMA-D/AudioWAV/1083_WSI_NEU_XX.wav,1083,WSI,NEU,neutral
1083_WSI_SAD_XX.wav,data/raw/CREMA-D/AudioWAV/1083_WSI_SAD_XX.wav,1083,WSI,SAD,sad
1084_DFA_ANG_XX.wav,data/raw/CREMA-D/AudioWAV/1084_DFA_ANG_XX.wav,1084,DFA,ANG,angry
1084_DFA_DIS_XX.wav,data/raw/CREMA-D/AudioWAV/1084_DFA_DIS_XX.wav,1084,DFA,DIS,disgust
1084_DFA_FEA_XX.wav,data/raw/CREMA-D/AudioWAV/1084_DFA_FEA_XX.wav,1084,DFA,FEA,fear
1084_DFA_HAP_XX.wav,data/raw/CREMA-D/AudioWAV/1084_DFA_HAP_XX.wav,1084,DFA,HAP,happy
1084_DFA_NEU_XX.wav,data/raw/CREMA-D/AudioWAV/1084_DFA_NEU_XX.wav,1084,DFA,NEU,neutral
1084_DFA_SAD_XX.wav,data/raw/CREMA-D/AudioWAV/1084_DFA_SAD_XX.wav,1084,DFA,SAD,sad
1084_IEO_ANG_HI.wav,data/raw/CREMA-D/AudioWAV/1084_IEO_ANG_HI.wav,1084,IEO,ANG,angry
1084_IEO_ANG_LO.wav,data/raw/CREMA-D/AudioWAV/1084_IEO_ANG_LO.wav,1084,IEO,ANG,angry
1084_IEO_ANG_MD.wav,data/raw/CREMA-D/AudioWAV/1084_IEO_ANG_MD.wav,1084,IEO,ANG,angry
1084_IEO_DIS_HI.wav,data/raw/CREMA-D/AudioWAV/1084_IEO_DIS_HI.wav,1084,IEO,DIS,disgust
1084_IEO_DIS_LO.wav,data/raw/CREMA-D/AudioWAV/1084_IEO_DIS_LO.wav,1084,IEO,DIS,disgust
1084_IEO_DIS_MD.wav,data/raw/CREMA-D/AudioWAV/1084_IEO_DIS_MD.wav,1084,IEO,DIS,disgust
1084_IEO_FEA_HI.wav,data/raw/CREMA-D/AudioWAV/1084_IEO_FEA_HI.wav,1084,IEO,FEA,fear
1084_IEO_FEA_LO.wav,data/raw/CREMA-D/AudioWAV/1084_IEO_FEA_LO.wav,1084,IEO,FEA,fear
1084_IEO_FEA_MD.wav,data/raw/CREMA-D/AudioWAV/1084_IEO_FEA_MD.wav,1084,IEO,FEA,fear
1084_IEO_HAP_HI.wav,data/raw/CREMA-D/AudioWAV/1084_IEO_HAP_HI.wav,1084,IEO,HAP,happy
1084_IEO_HAP_LO.wav,data/raw/CREMA-D/AudioWAV/1084_IEO_HAP_LO.wav,1084,IEO,HAP,happy
1084_IEO_HAP_MD.wav,data/raw/CREMA-D/AudioWAV/1084_IEO_HAP_MD.wav,1084,IEO,HAP,happy
1084_IEO_NEU_XX.wav,data/raw/CREMA-D/AudioWAV/1084_IEO_NEU_XX.wav,1084,IEO,NEU,neutral
1084_IEO_SAD_HI.wav,data/raw/CREMA-D/AudioWAV/1084_IEO_SAD_HI.wav,1084,IEO,SAD,sad
1084_IEO_SAD_LO.wav,data/raw/CREMA-D/AudioWAV/1084_IEO_SAD_LO.wav,1084,IEO,SAD,sad
1084_IEO_SAD_MD.wav,data/raw/CREMA-D/AudioWAV/1084_IEO_SAD_MD.wav,1084,IEO,SAD,sad
1084_IOM_ANG_XX.wav,data/raw/CREMA-D/AudioWAV/1084_IOM_ANG_XX.wav,1084,IOM,ANG,angry
1084_IOM_DIS_XX.wav,data/raw/CREMA-D/AudioWAV/1084_IOM_DIS_XX.wav,1084,IOM,DIS,disgust
1084_IOM_FEA_XX.wav,data/raw/CREMA-D/AudioWAV/1084_IOM_FEA_XX.wav,1084,IOM,FEA,fear
1084_IOM_HAP_XX.wav,data/raw/CREMA-D/AudioWAV/1084_IOM_HAP_XX.wav,1084,IOM,HAP,happy
1084_IOM_NEU_XX.wav,data/raw/CREMA-D/AudioWAV/1084_IOM_NEU_XX.wav,1084,IOM,NEU,neutral
1084_IOM_SAD_XX.wav,data/raw/CREMA-D/AudioWAV/1084_IOM_SAD_XX.wav,1084,IOM,SAD,sad
1084_ITH_ANG_XX.wav,data/raw/CREMA-D/AudioWAV/1084_ITH_ANG_XX.wav,1084,ITH,ANG,angry
1084_ITH_DIS_XX.wav,data/raw/CREMA-D/AudioWAV/1084_ITH_DIS_XX.wav,1084,ITH,DIS,disgust
1084_ITH_FEA_XX.wav,data/raw/CREMA-D/AudioWAV/1084_ITH_FEA_XX.wav,1084,ITH,FEA,fear
1084_ITH_HAP_XX.wav,data/raw/CREMA-D/AudioWAV/1084_ITH_HAP_XX.wav,1084,ITH,HAP,happy
1084_ITH_NEU_XX.wav,data/raw/CREMA-D/AudioWAV/1084_ITH_NEU_XX.wav,1084,ITH,NEU,neutral
1084_ITH_SAD_XX.wav,data/raw/CREMA-D/AudioWAV/1084_ITH_SAD_XX.wav,1084,ITH,SAD,sad
1084_ITS_ANG_XX.wav,data/raw/CREMA-D/AudioWAV/1084_ITS_ANG_XX.wav,1084,ITS,ANG,angry
1084_ITS_DIS_XX.wav,data/raw/CREMA-D/AudioWAV/1084_ITS_DIS_XX.wav,1084,ITS,DIS,disgust
1084_ITS_FEA_XX.wav,data/raw/CREMA-D/AudioWAV/1084_ITS_FEA_XX.wav,1084,ITS,FEA,fear
1084_ITS_HAP_XX.wav,data/raw/CREMA-D/AudioWAV/1084_ITS_HAP_XX.wav,1084,ITS,HAP,happy
1084_ITS_NEU_XX.wav,data/raw/CREMA-D/AudioWAV/1084_ITS_NEU_XX.wav,1084,ITS,NEU,neutral
1084_ITS_SAD_XX.wav,data/raw/CREMA-D/AudioWAV/1084_ITS_SAD_XX.wav,1084,ITS,SAD,sad
1084_IWL_ANG_XX.wav,data/raw/CREMA-D/AudioWAV/1084_IWL_ANG_XX.wav,1084,IWL,ANG,angry
1084_IWL_DIS_XX.wav,data/raw/CREMA-D/AudioWAV/1084_IWL_DIS_XX.wav,1084,IWL,DIS,disgust
1084_IWL_FEA_XX.wav,data/raw/CREMA-D/AudioWAV/1084_IWL_FEA_XX.wav,1084,IWL,FEA,fear
1084_IWL_HAP_XX.wav,data/raw/CREMA-D/AudioWAV/1084_IWL_HAP_XX.wav,1084,IWL,HAP,happy
1084_IWL_NEU_XX.wav,data/raw/CREMA-D/AudioWAV/1084_IWL_NEU_XX.wav,1084,IWL,NEU,neutral
1084_IWL_SAD_XX.wav,data/raw/CREMA-D/AudioWAV/1084_IWL_SAD_XX.wav,1084,IWL,SAD,sad
1084_IWW_ANG_XX.wav,data/raw/CREMA-D/AudioWAV/1084_IWW_ANG_XX.wav,1084,IWW,ANG,angry
1084_IWW_DIS_XX.wav,data/raw/CREMA-D/AudioWAV/1084_IWW_DIS_XX.wav,1084,IWW,DIS,disgust
1084_IWW_FEA_XX.wav,data/raw/CREMA-D/AudioWAV/1084_IWW_FEA_XX.wav,1084,IWW,FEA,fear
1084_IWW_HAP_XX.wav,data/raw/CREMA-D/AudioWAV/1084_IWW_HAP_XX.wav,1084,IWW,HAP,happy
1084_IWW_NEU_XX.wav,data/raw/CREMA-D/AudioWAV/1084_IWW_NEU_XX.wav,1084,IWW,NEU,neutral
1084_IWW_SAD_XX.wav,data/raw/CREMA-D/AudioWAV/1084_IWW_SAD_XX.wav,1084,IWW,SAD,sad
1084_MTI_ANG_XX.wav,data/raw/CREMA-D/AudioWAV/1084_MTI_ANG_XX.wav,1084,MTI,ANG,angry
1084_MTI_DIS_XX.wav,data/raw/CREMA-D/AudioWAV/1084_MTI_DIS_XX.wav,1084,MTI,DIS,disgust
1084_MTI_FEA_XX.wav,data/raw/CREMA-D/AudioWAV/1084_MTI_FEA_XX.wav,1084,MTI,FEA,fear
1084_MTI_HAP_XX.wav,data/raw/CREMA-D/AudioWAV/1084_MTI_HAP_XX.wav,1084,MTI,HAP,happy
1084_MTI_NEU_XX.wav,data/raw/CREMA-D/AudioWAV/1084_MTI_NEU_XX.wav,1084,MTI,NEU,neutral
1084_MTI_SAD_XX.wav,data/raw/CREMA-D/AudioWAV/1084_MTI_SAD_XX.wav,1084,MTI,SAD,sad
1084_TAI_ANG_XX.wav,data/raw/CREMA-D/AudioWAV/1084_TAI_ANG_XX.wav,1084,TAI,ANG,angry
1084_TAI_DIS_XX.wav,data/raw/CREMA-D/AudioWAV/1084_TAI_DIS_XX.wav,1084,TAI,DIS,disgust
1084_TAI_FEA_XX.wav,data/raw/CREMA-D/AudioWAV/1084_TAI_FEA_XX.wav,1084,TAI,FEA,fear
1084_TAI_HAP_XX.wav,data/raw/CREMA-D/AudioWAV/1084_TAI_HAP_XX.wav,1084,TAI,HAP,happy
1084_TAI_NEU_XX.wav,data/raw/CREMA-D/AudioWAV/1084_TAI_NEU_XX.wav,1084,TAI,NEU,neutral
1084_TAI_SAD_XX.wav,data/raw/CREMA-D/AudioWAV/1084_TAI_SAD_XX.wav,1084,TAI,SAD,sad
1084_TIE_ANG_XX.wav,data/raw/CREMA-D/AudioWAV/1084_TIE_ANG_XX.wav,1084,TIE,ANG,angry
1084_TIE_DIS_XX.wav,data/raw/CREMA-D/AudioWAV/1084_TIE_DIS_XX.wav,1084,TIE,DIS,disgust
1084_TIE_FEA_XX.wav,data/raw/CREMA-D/AudioWAV/1084_TIE_FEA_XX.wav,1084,TIE,FEA,fear
1084_TIE_HAP_XX.wav,data/raw/CREMA-D/AudioWAV/1084_TIE_HAP_XX.wav,1084,TIE,HAP,happy
1084_TIE_NEU_XX.wav,data/raw/CREMA-D/AudioWAV/1084_TIE_NEU_XX.wav,1084,TIE,NEU,neutral
1084_TIE_SAD_XX.wav,data/raw/CREMA-D/AudioWAV/1084_TIE_SAD_XX.wav,1084,TIE,SAD,sad
1084_TSI_ANG_XX.wav,data/raw/CREMA-D/AudioWAV/1084_TSI_ANG_XX.wav,1084,TSI,ANG,angry
1084_TSI_DIS_XX.wav,data/raw/CREMA-D/AudioWAV/1084_TSI_DIS_XX.wav,1084,TSI,DIS,disgust
1084_TSI_FEA_XX.wav,data/raw/CREMA-D/AudioWAV/1084_TSI_FEA_XX.wav,1084,TSI,FEA,fear
1084_TSI_HAP_XX.wav,data/raw/CREMA-D/AudioWAV/1084_TSI_HAP_XX.wav,1084,TSI,HAP,happy
1084_TSI_NEU_XX.wav,data/raw/CREMA-D/AudioWAV/1084_TSI_NEU_XX.wav,1084,TSI,NEU,neutral
1084_TSI_SAD_XX.wav,data/raw/CREMA-D/AudioWAV/1084_TSI_SAD_XX.wav,1084,TSI,SAD,sad
1084_WSI_ANG_XX.wav,data/raw/CREMA-D/AudioWAV/1084_WSI_ANG_XX.wav,1084,WSI,ANG,angry
1084_WSI_DIS_XX.wav,data/raw/CREMA-D/AudioWAV/1084_WSI_DIS_XX.wav,1084,WSI,DIS,disgust
1084_WSI_FEA_XX.wav,data/raw/CREMA-D/AudioWAV/1084_WSI_FEA_XX.wav,1084,WSI,FEA,fear
1084_WSI_HAP_XX.wav,data/raw/CREMA-D/AudioWAV/1084_WSI_HAP_XX.wav,1084,WSI,HAP,happy
1084_WSI_NEU_XX.wav,data/raw/CREMA-D/AudioWAV/1084_WSI_NEU_XX.wav,1084,WSI,NEU,neutral
1084_WSI_SAD_XX.wav,data/raw/CREMA-D/AudioWAV/1084_WSI_SAD_XX.wav,1084,WSI,SAD,sad
1085_DFA_ANG_XX.wav,data/raw/CREMA-D/AudioWAV/1085_DFA_ANG_XX.wav,1085,DFA,ANG,angry
1085_DFA_DIS_XX.wav,data/raw/CREMA-D/AudioWAV/1085_DFA_DIS_XX.wav,1085,DFA,DIS,disgust
1085_DFA_FEA_XX.wav,data/raw/CREMA-D/AudioWAV/1085_DFA_FEA_XX.wav,1085,DFA,FEA,fear
1085_DFA_HAP_XX.wav,data/raw/CREMA-D/AudioWAV/1085_DFA_HAP_XX.wav,1085,DFA,HAP,happy
1085_DFA_NEU_XX.wav,data/raw/CREMA-D/AudioWAV/1085_DFA_NEU_XX.wav,1085,DFA,NEU,neutral
1085_DFA_SAD_XX.wav,data/raw/CREMA-D/AudioWAV/1085_DFA_SAD_XX.wav,1085,DFA,SAD,sad
1085_IEO_ANG_HI.wav,data/raw/CREMA-D/AudioWAV/1085_IEO_ANG_HI.wav,1085,IEO,ANG,angry
1085_IEO_ANG_LO.wav,data/raw/CREMA-D/AudioWAV/1085_IEO_ANG_LO.wav,1085,IEO,ANG,angry
1085_IEO_ANG_MD.wav,data/raw/CREMA-D/AudioWAV/1085_IEO_ANG_MD.wav,1085,IEO,ANG,angry
1085_IEO_DIS_HI.wav,data/raw/CREMA-D/AudioWAV/1085_IEO_DIS_HI.wav,1085,IEO,DIS,disgust
1085_IEO_DIS_LO.wav,data/raw/CREMA-D/AudioWAV/1085_IEO_DIS_LO.wav,1085,IEO,DIS,disgust
1085_IEO_DIS_MD.wav,data/raw/CREMA-D/AudioWAV/1085_IEO_DIS_MD.wav,1085,IEO,DIS,disgust
1085_IEO_FEA_HI.wav,data/raw/CREMA-D/AudioWAV/1085_IEO_FEA_HI.wav,1085,IEO,FEA,fear
1085_IEO_FEA_LO.wav,data/raw/CREMA-D/AudioWAV/1085_IEO_FEA_LO.wav,1085,IEO,FEA,fear
1085_IEO_FEA_MD.wav,data/raw/CREMA-D/AudioWAV/1085_IEO_FEA_MD.wav,1085,IEO,FEA,fear
1085_IEO_HAP_HI.wav,data/raw/CREMA-D/AudioWAV/1085_IEO_HAP_HI.wav,1085,IEO,HAP,happy
1085_IEO_HAP_LO.wav,data/raw/CREMA-D/AudioWAV/1085_IEO_HAP_LO.wav,1085,IEO,HAP,happy
1085_IEO_HAP_MD.wav,data/raw/CREMA-D/AudioWAV/1085_IEO_HAP_MD.wav,1085,IEO,HAP,happy
1085_IEO_NEU_XX.wav,data/raw/CREMA-D/AudioWAV/1085_IEO_NEU_XX.wav,1085,IEO,NEU,neutral
1085_IEO_SAD_HI.wav,data/raw/CREMA-D/AudioWAV/1085_IEO_SAD_HI.wav,1085,IEO,SAD,sad
1085_IEO_SAD_LO.wav,data/raw/CREMA-D/AudioWAV/1085_IEO_SAD_LO.wav,1085,IEO,SAD,sad
1085_IEO_SAD_MD.wav,data/raw/CREMA-D/AudioWAV/1085_IEO_SAD_MD.wav,1085,IEO,SAD,sad
1085_IOM_ANG_XX.wav,data/raw/CREMA-D/AudioWAV/1085_IOM_ANG_XX.wav,1085,IOM,ANG,angry
1085_IOM_DIS_XX.wav,data/raw/CREMA-D/AudioWAV/1085_IOM_DIS_XX.wav,1085,IOM,DIS,disgust
1085_IOM_FEA_XX.wav,data/raw/CREMA-D/AudioWAV/1085_IOM_FEA_XX.wav,1085,IOM,FEA,fear
1085_IOM_HAP_XX.wav,data/raw/CREMA-D/AudioWAV/1085_IOM_HAP_XX.wav,1085,IOM,HAP,happy
1085_IOM_NEU_XX.wav,data/raw/CREMA-D/AudioWAV/1085_IOM_NEU_XX.wav,1085,IOM,NEU,neutral
1085_IOM_SAD_XX.wav,data/raw/CREMA-D/AudioWAV/1085_IOM_SAD_XX.wav,1085,IOM,SAD,sad
1085_ITH_ANG_XX.wav,data/raw/CREMA-D/AudioWAV/1085_ITH_ANG_XX.wav,1085,ITH,ANG,angry
1085_ITH_DIS_XX.wav,data/raw/CREMA-D/AudioWAV/1085_ITH_DIS_XX.wav,1085,ITH,DIS,disgust
1085_ITH_FEA_XX.wav,data/raw/CREMA-D/AudioWAV/1085_ITH_FEA_XX.wav,1085,ITH,FEA,fear
1085_ITH_HAP_XX.wav,data/raw/CREMA-D/AudioWAV/1085_ITH_HAP_XX.wav,1085,ITH,HAP,happy
1085_ITH_NEU_XX.wav,data/raw/CREMA-D/AudioWAV/1085_ITH_NEU_XX.wav,1085,ITH,NEU,neutral
1085_ITH_SAD_XX.wav,data/raw/CREMA-D/AudioWAV/1085_ITH_SAD_XX.wav,1085,ITH,SAD,sad
1085_ITS_ANG_XX.wav,data/raw/CREMA-D/AudioWAV/1085_ITS_ANG_XX.wav,1085,ITS,ANG,angry
1085_ITS_DIS_XX.wav,data/raw/CREMA-D/AudioWAV/1085_ITS_DIS_XX.wav,1085,ITS,DIS,disgust
1085_ITS_FEA_XX.wav,data/raw/CREMA-D/AudioWAV/1085_ITS_FEA_XX.wav,1085,ITS,FEA,fear
1085_ITS_HAP_XX.wav,data/raw/CREMA-D/AudioWAV/1085_ITS_HAP_XX.wav,1085,ITS,HAP,happy
1085_ITS_NEU_XX.wav,data/raw/CREMA-D/AudioWAV/1085_ITS_NEU_XX.wav,1085,ITS,NEU,neutral
1085_ITS_SAD_XX.wav,data/raw/CREMA-D/AudioWAV/1085_ITS_SAD_XX.wav,1085,ITS,SAD,sad
1085_IWL_ANG_XX.wav,data/raw/CREMA-D/AudioWAV/1085_IWL_ANG_XX.wav,1085,IWL,ANG,angry
1085_IWL_DIS_XX.wav,data/raw/CREMA-D/AudioWAV/1085_IWL_DIS_XX.wav,1085,IWL,DIS,disgust
1085_IWL_FEA_XX.wav,data/raw/CREMA-D/AudioWAV/1085_IWL_FEA_XX.wav,1085,IWL,FEA,fear
1085_IWL_HAP_XX.wav,data/raw/CREMA-D/AudioWAV/1085_IWL_HAP_XX.wav,1085,IWL,HAP,happy
1085_IWL_NEU_XX.wav,data/raw/CREMA-D/AudioWAV/1085_IWL_NEU_XX.wav,1085,IWL,NEU,neutral
1085_IWL_SAD_XX.wav,data/raw/CREMA-D/AudioWAV/1085_IWL_SAD_XX.wav,1085,IWL,SAD,sad
1085_IWW_ANG_XX.wav,data/raw/CREMA-D/AudioWAV/1085_IWW_ANG_XX.wav,1085,IWW,ANG,angry
1085_IWW_DIS_XX.wav,data/raw/CREMA-D/AudioWAV/1085_IWW_DIS_XX.wav,1085,IWW,DIS,disgust
1085_IWW_FEA_XX.wav,data/raw/CREMA-D/AudioWAV/1085_IWW_FEA_XX.wav,1085,IWW,FEA,fear
1085_IWW_HAP_XX.wav,data/raw/CREMA-D/AudioWAV/1085_IWW_HAP_XX.wav,1085,IWW,HAP,happy
1085_IWW_NEU_XX.wav,data/raw/CREMA-D/AudioWAV/1085_IWW_NEU_XX.wav,1085,IWW,NEU,neutral
1085_IWW_SAD_XX.wav,data/raw/CREMA-D/AudioWAV/1085_IWW_SAD_XX.wav,1085,IWW,SAD,sad
1085_MTI_ANG_XX.wav,data/raw/CREMA-D/AudioWAV/1085_MTI_ANG_XX.wav,1085,MTI,ANG,angry
1085_MTI_DIS_XX.wav,data/raw/CREMA-D/AudioWAV/1085_MTI_DIS_XX.wav,1085,MTI,DIS,disgust
1085_MTI_FEA_XX.wav,data/raw/CREMA-D/AudioWAV/1085_MTI_FEA_XX.wav,1085,MTI,FEA,fear
1085_MTI_HAP_XX.wav,data/raw/CREMA-D/AudioWAV/1085_MTI_HAP_XX.wav,1085,MTI,HAP,happy
1085_MTI_NEU_XX.wav,data/raw/CREMA-D/AudioWAV/1085_MTI_NEU_XX.wav,1085,MTI,NEU,neutral
1085_MTI_SAD_XX.wav,data/raw/CREMA-D/AudioWAV/1085_MTI_SAD_XX.wav,1085,MTI,SAD,sad
1085_TAI_ANG_XX.wav,data/raw/CREMA-D/AudioWAV/1085_TAI_ANG_XX.wav,1085,TAI,ANG,angry
1085_TAI_DIS_XX.wav,data/raw/CREMA-D/AudioWAV/1085_TAI_DIS_XX.wav,1085,TAI,DIS,disgust
1085_TAI_FEA_XX.wav,data/raw/CREMA-D/AudioWAV/1085_TAI_FEA_XX.wav,1085,TAI,FEA,fear
1085_TAI_HAP_XX.wav,data/raw/CREMA-D/AudioWAV/1085_TAI_HAP_XX.wav,1085,TAI,HAP,happy
1085_TAI_NEU_XX.wav,data/raw/CREMA-D/AudioWAV/1085_TAI_NEU_XX.wav,1085,TAI,NEU,neutral
1085_TAI_SAD_XX.wav,data/raw/CREMA-D/AudioWAV/1085_TAI_SAD_XX.wav,1085,TAI,SAD,sad
1085_TIE_ANG_XX.wav,data/raw/CREMA-D/AudioWAV/1085_TIE_ANG_XX.wav,1085,TIE,ANG,angry
1085_TIE_DIS_XX.wav,data/raw/CREMA-D/AudioWAV/1085_TIE_DIS_XX.wav,1085,TIE,DIS,disgust
1085_TIE_FEA_XX.wav,data/raw/CREMA-D/AudioWAV/1085_TIE_FEA_XX.wav,1085,TIE,FEA,fear
1085_TIE_HAP_XX.wav,data/raw/CREMA-D/AudioWAV/1085_TIE_HAP_XX.wav,1085,TIE,HAP,happy
1085_TIE_NEU_XX.wav,data/raw/CREMA-D/AudioWAV/1085_TIE_NEU_XX.wav,1085,TIE,NEU,neutral
1085_TIE_SAD_XX.wav,data/raw/CREMA-D/AudioWAV/1085_TIE_SAD_XX.wav,1085,TIE,SAD,sad
1085_TSI_ANG_XX.wav,data/raw/CREMA-D/AudioWAV/1085_TSI_ANG_XX.wav,1085,TSI,ANG,angry
1085_TSI_DIS_XX.wav,data/raw/CREMA-D/AudioWAV/1085_TSI_DIS_XX.wav,1085,TSI,DIS,disgust
1085_TSI_FEA_XX.wav,data/raw/CREMA-D/AudioWAV/1085_TSI_FEA_XX.wav,1085,TSI,FEA,fear
1085_TSI_HAP_XX.wav,data/raw/CREMA-D/AudioWAV/1085_TSI_HAP_XX.wav,1085,TSI,HAP,happy
1085_TSI_NEU_XX.wav,data/raw/CREMA-D/AudioWAV/1085_TSI_NEU_XX.wav,1085,TSI,NEU,neutral
1085_TSI_SAD_XX.wav,data/raw/CREMA-D/AudioWAV/1085_TSI_SAD_XX.wav,1085,TSI,SAD,sad
1085_WSI_ANG_XX.wav,data/raw/CREMA-D/AudioWAV/1085_WSI_ANG_XX.wav,1085,WSI,ANG,angry
1085_WSI_DIS_XX.wav,data/raw/CREMA-D/AudioWAV/1085_WSI_DIS_XX.wav,1085,WSI,DIS,disgust
1085_WSI_FEA_XX.wav,data/raw/CREMA-D/AudioWAV/1085_WSI_FEA_XX.wav,1085,WSI,FEA,fear
1085_WSI_HAP_XX.wav,data/raw/CREMA-D/AudioWAV/1085_WSI_HAP_XX.wav,1085,WSI,HAP,happy
1085_WSI_NEU_XX.wav,data/raw/CREMA-D/AudioWAV/1085_WSI_NEU_XX.wav,1085,WSI,NEU,neutral
1085_WSI_SAD_XX.wav,data/raw/CREMA-D/AudioWAV/1085_WSI_SAD_XX.wav,1085,WSI,SAD,sad
1087_DFA_ANG_XX.wav,data/raw/CREMA-D/AudioWAV/1087_DFA_ANG_XX.wav,1087,DFA,ANG,angry
1087_DFA_DIS_XX.wav,data/raw/CREMA-D/AudioWAV/1087_DFA_DIS_XX.wav,1087,DFA,DIS,disgust
1087_DFA_FEA_XX.wav,data/raw/CREMA-D/AudioWAV/1087_DFA_FEA_XX.wav,1087,DFA,FEA,fear
1087_DFA_HAP_XX.wav,data/raw/CREMA-D/AudioWAV/1087_DFA_HAP_XX.wav,1087,DFA,HAP,happy
1087_DFA_NEU_XX.wav,data/raw/CREMA-D/AudioWAV/1087_DFA_NEU_XX.wav,1087,DFA,NEU,neutral
1087_DFA_SAD_XX.wav,data/raw/CREMA-D/AudioWAV/1087_DFA_SAD_XX.wav,1087,DFA,SAD,sad
1087_IEO_ANG_HI.wav,data/raw/CREMA-D/AudioWAV/1087_IEO_ANG_HI.wav,1087,IEO,ANG,angry
1087_IEO_ANG_LO.wav,data/raw/CREMA-D/AudioWAV/1087_IEO_ANG_LO.wav,1087,IEO,ANG,angry
1087_IEO_ANG_MD.wav,data/raw/CREMA-D/AudioWAV/1087_IEO_ANG_MD.wav,1087,IEO,ANG,angry
1087_IEO_DIS_HI.wav,data/raw/CREMA-D/AudioWAV/1087_IEO_DIS_HI.wav,1087,IEO,DIS,disgust
1087_IEO_DIS_LO.wav,data/raw/CREMA-D/AudioWAV/1087_IEO_DIS_LO.wav,1087,IEO,DIS,disgust
1087_IEO_DIS_MD.wav,data/raw/CREMA-D/AudioWAV/1087_IEO_DIS_MD.wav,1087,IEO,DIS,disgust
1087_IEO_FEA_HI.wav,data/raw/CREMA-D/AudioWAV/1087_IEO_FEA_HI.wav,1087,IEO,FEA,fear
1087_IEO_FEA_LO.wav,data/raw/CREMA-D/AudioWAV/1087_IEO_FEA_LO.wav,1087,IEO,FEA,fear
1087_IEO_FEA_MD.wav,data/raw/CREMA-D/AudioWAV/1087_IEO_FEA_MD.wav,1087,IEO,FEA,fear
1087_IEO_HAP_HI.wav,data/raw/CREMA-D/AudioWAV/1087_IEO_HAP_HI.wav,1087,IEO,HAP,happy
1087_IEO_HAP_LO.wav,data/raw/CREMA-D/AudioWAV/1087_IEO_HAP_LO.wav,1087,IEO,HAP,happy
1087_IEO_HAP_MD.wav,data/raw/CREMA-D/AudioWAV/1087_IEO_HAP_MD.wav,1087,IEO,HAP,happy
1087_IEO_NEU_XX.wav,data/raw/CREMA-D/AudioWAV/1087_IEO_NEU_XX.wav,1087,IEO,NEU,neutral
1087_IEO_SAD_HI.wav,data/raw/CREMA-D/AudioWAV/1087_IEO_SAD_HI.wav,1087,IEO,SAD,sad
1087_IEO_SAD_LO.wav,data/raw/CREMA-D/AudioWAV/1087_IEO_SAD_LO.wav,1087,IEO,SAD,sad
1087_IEO_SAD_MD.wav,data/raw/CREMA-D/AudioWAV/1087_IEO_SAD_MD.wav,1087,IEO,SAD,sad
1087_IOM_ANG_XX.wav,data/raw/CREMA-D/AudioWAV/1087_IOM_ANG_XX.wav,1087,IOM,ANG,angry
1087_IOM_DIS_XX.wav,data/raw/CREMA-D/AudioWAV/1087_IOM_DIS_XX.wav,1087,IOM,DIS,disgust
1087_IOM_FEA_XX.wav,data/raw/CREMA-D/AudioWAV/1087_IOM_FEA_XX.wav,1087,IOM,FEA,fear
1087_IOM_HAP_XX.wav,data/raw/CREMA-D/AudioWAV/1087_IOM_HAP_XX.wav,1087,IOM,HAP,happy
1087_IOM_NEU_XX.wav,data/raw/CREMA-D/AudioWAV/1087_IOM_NEU_XX.wav,1087,IOM,NEU,neutral
1087_IOM_SAD_XX.wav,data/raw/CREMA-D/AudioWAV/1087_IOM_SAD_XX.wav,1087,IOM,SAD,sad
1087_ITH_ANG_XX.wav,data/raw/CREMA-D/AudioWAV/1087_ITH_ANG_XX.wav,1087,ITH,ANG,angry
1087_ITH_DIS_XX.wav,data/raw/CREMA-D/AudioWAV/1087_ITH_DIS_XX.wav,1087,ITH,DIS,disgust
1087_ITH_FEA_XX.wav,data/raw/CREMA-D/AudioWAV/1087_ITH_FEA_XX.wav,1087,ITH,FEA,fear
1087_ITH_HAP_XX.wav,data/raw/CREMA-D/AudioWAV/1087_ITH_HAP_XX.wav,1087,ITH,HAP,happy
1087_ITH_NEU_XX.wav,data/raw/CREMA-D/AudioWAV/1087_ITH_NEU_XX.wav,1087,ITH,NEU,neutral
1087_ITH_SAD_XX.wav,data/raw/CREMA-D/AudioWAV/1087_ITH_SAD_XX.wav,1087,ITH,SAD,sad
1087_ITS_ANG_XX.wav,data/raw/CREMA-D/AudioWAV/1087_ITS_ANG_XX.wav,1087,ITS,ANG,angry
1087_ITS_DIS_XX.wav,data/raw/CREMA-D/AudioWAV/1087_ITS_DIS_XX.wav,1087,ITS,DIS,disgust
1087_ITS_FEA_XX.wav,data/raw/CREMA-D/AudioWAV/1087_ITS_FEA_XX.wav,1087,ITS,FEA,fear
1087_ITS_HAP_XX.wav,data/raw/CREMA-D/AudioWAV/1087_ITS_HAP_XX.wav,1087,ITS,HAP,happy
1087_ITS_NEU_XX.wav,data/raw/CREMA-D/AudioWAV/1087_ITS_NEU_XX.wav,1087,ITS,NEU,neutral
1087_ITS_SAD_XX.wav,data/raw/CREMA-D/AudioWAV/1087_ITS_SAD_XX.wav,1087,ITS,SAD,sad
1087_IWL_ANG_XX.wav,data/raw/CREMA-D/AudioWAV/1087_IWL_ANG_XX.wav,1087,IWL,ANG,angry
1087_IWL_DIS_XX.wav,data/raw/CREMA-D/AudioWAV/1087_IWL_DIS_XX.wav,1087,IWL,DIS,disgust
1087_IWL_FEA_XX.wav,data/raw/CREMA-D/AudioWAV/1087_IWL_FEA_XX.wav,1087,IWL,FEA,fear
1087_IWL_HAP_XX.wav,data/raw/CREMA-D/AudioWAV/1087_IWL_HAP_XX.wav,1087,IWL,HAP,happy
1087_IWL_NEU_XX.wav,data/raw/CREMA-D/AudioWAV/1087_IWL_NEU_XX.wav,1087,IWL,NEU,neutral
1087_IWL_SAD_XX.wav,data/raw/CREMA-D/AudioWAV/1087_IWL_SAD_XX.wav,1087,IWL,SAD,sad
1087_IWW_ANG_XX.wav,data/raw/CREMA-D/AudioWAV/1087_IWW_ANG_XX.wav,1087,IWW,ANG,angry
1087_IWW_DIS_XX.wav,data/raw/CREMA-D/AudioWAV/1087_IWW_DIS_XX.wav,1087,IWW,DIS,disgust
1087_IWW_FEA_XX.wav,data/raw/CREMA-D/AudioWAV/1087_IWW_FEA_XX.wav,1087,IWW,FEA,fear
1087_IWW_HAP_XX.wav,data/raw/CREMA-D/AudioWAV/1087_IWW_HAP_XX.wav,1087,IWW,HAP,happy
1087_IWW_NEU_XX.wav,data/raw/CREMA-D/AudioWAV/1087_IWW_NEU_XX.wav,1087,IWW,NEU,neutral
1087_IWW_SAD_XX.wav,data/raw/CREMA-D/AudioWAV/1087_IWW_SAD_XX.wav,1087,IWW,SAD,sad
1087_MTI_ANG_XX.wav,data/raw/CREMA-D/AudioWAV/1087_MTI_ANG_XX.wav,1087,MTI,ANG,angry
1087_MTI_DIS_XX.wav,data/raw/CREMA-D/AudioWAV/1087_MTI_DIS_XX.wav,1087,MTI,DIS,disgust
1087_MTI_FEA_XX.wav,data/raw/CREMA-D/AudioWAV/1087_MTI_FEA_XX.wav,1087,MTI,FEA,fear
1087_MTI_HAP_XX.wav,data/raw/CREMA-D/AudioWAV/1087_MTI_HAP_XX.wav,1087,MTI,HAP,happy
1087_MTI_NEU_XX.wav,data/raw/CREMA-D/AudioWAV/1087_MTI_NEU_XX.wav,1087,MTI,NEU,neutral
1087_MTI_SAD_XX.wav,data/raw/CREMA-D/AudioWAV/1087_MTI_SAD_XX.wav,1087,MTI,SAD,sad
1087_TAI_ANG_XX.wav,data/raw/CREMA-D/AudioWAV/1087_TAI_ANG_XX.wav,1087,TAI,ANG,angry
1087_TAI_DIS_XX.wav,data/raw/CREMA-D/AudioWAV/1087_TAI_DIS_XX.wav,1087,TAI,DIS,disgust
1087_TAI_FEA_XX.wav,data/raw/CREMA-D/AudioWAV/1087_TAI_FEA_XX.wav,1087,TAI,FEA,fear
1087_TAI_HAP_XX.wav,data/raw/CREMA-D/AudioWAV/1087_TAI_HAP_XX.wav,1087,TAI,HAP,happy
1087_TAI_NEU_XX.wav,data/raw/CREMA-D/AudioWAV/1087_TAI_NEU_XX.wav,1087,TAI,NEU,neutral
1087_TAI_SAD_XX.wav,data/raw/CREMA-D/AudioWAV/1087_TAI_SAD_XX.wav,1087,TAI,SAD,sad
1087_TIE_ANG_XX.wav,data/raw/CREMA-D/AudioWAV/1087_TIE_ANG_XX.wav,1087,TIE,ANG,angry
1087_TIE_DIS_XX.wav,data/raw/CREMA-D/AudioWAV/1087_TIE_DIS_XX.wav,1087,TIE,DIS,disgust
1087_TIE_FEA_XX.wav,data/raw/CREMA-D/AudioWAV/1087_TIE_FEA_XX.wav,1087,TIE,FEA,fear
1087_TIE_HAP_XX.wav,data/raw/CREMA-D/AudioWAV/1087_TIE_HAP_XX.wav,1087,TIE,HAP,happy
1087_TIE_NEU_XX.wav,data/raw/CREMA-D/AudioWAV/1087_TIE_NEU_XX.wav,1087,TIE,NEU,neutral
1087_TIE_SAD_XX.wav,data/raw/CREMA-D/AudioWAV/1087_TIE_SAD_XX.wav,1087,TIE,SAD,sad
1087_TSI_ANG_XX.wav,data/raw/CREMA-D/AudioWAV/1087_TSI_ANG_XX.wav,1087,TSI,ANG,angry
1087_TSI_DIS_XX.wav,data/raw/CREMA-D/AudioWAV/1087_TSI_DIS_XX.wav,1087,TSI,DIS,disgust
1087_TSI_FEA_XX.wav,data/raw/CREMA-D/AudioWAV/1087_TSI_FEA_XX.wav,1087,TSI,FEA,fear
1087_TSI_HAP_XX.wav,data/raw/CREMA-D/AudioWAV/1087_TSI_HAP_XX.wav,1087,TSI,HAP,happy
1087_TSI_NEU_XX.wav,data/raw/CREMA-D/AudioWAV/1087_TSI_NEU_XX.wav,1087,TSI,NEU,neutral
1087_TSI_SAD_XX.wav,data/raw/CREMA-D/AudioWAV/1087_TSI_SAD_XX.wav,1087,TSI,SAD,sad
1087_WSI_ANG_XX.wav,data/raw/CREMA-D/AudioWAV/1087_WSI_ANG_XX.wav,1087,WSI,ANG,angry
1087_WSI_DIS_XX.wav,data/raw/CREMA-D/AudioWAV/1087_WSI_DIS_XX.wav,1087,WSI,DIS,disgust
1087_WSI_FEA_XX.wav,data/raw/CREMA-D/AudioWAV/1087_WSI_FEA_XX.wav,1087,WSI,FEA,fear
1087_WSI_HAP_XX.wav,data/raw/CREMA-D/AudioWAV/1087_WSI_HAP_XX.wav,1087,WSI,HAP,happy
1087_WSI_NEU_XX.wav,data/raw/CREMA-D/AudioWAV/1087_WSI_NEU_XX.wav,1087,WSI,NEU,neutral
1087_WSI_SAD_XX.wav,data/raw/CREMA-D/AudioWAV/1087_WSI_SAD_XX.wav,1087,WSI,SAD,sad
1088_DFA_ANG_XX.wav,data/raw/CREMA-D/AudioWAV/1088_DFA_ANG_XX.wav,1088,DFA,ANG,angry
1088_DFA_DIS_XX.wav,data/raw/CREMA-D/AudioWAV/1088_DFA_DIS_XX.wav,1088,DFA,DIS,disgust
1088_DFA_FEA_XX.wav,data/raw/CREMA-D/AudioWAV/1088_DFA_FEA_XX.wav,1088,DFA,FEA,fear
1088_DFA_HAP_XX.wav,data/raw/CREMA-D/AudioWAV/1088_DFA_HAP_XX.wav,1088,DFA,HAP,happy
1088_DFA_NEU_XX.wav,data/raw/CREMA-D/AudioWAV/1088_DFA_NEU_XX.wav,1088,DFA,NEU,neutral
1088_DFA_SAD_XX.wav,data/raw/CREMA-D/AudioWAV/1088_DFA_SAD_XX.wav,1088,DFA,SAD,sad
1088_IEO_ANG_HI.wav,data/raw/CREMA-D/AudioWAV/1088_IEO_ANG_HI.wav,1088,IEO,ANG,angry
1088_IEO_ANG_LO.wav,data/raw/CREMA-D/AudioWAV/1088_IEO_ANG_LO.wav,1088,IEO,ANG,angry
1088_IEO_ANG_MD.wav,data/raw/CREMA-D/AudioWAV/1088_IEO_ANG_MD.wav,1088,IEO,ANG,angry
1088_IEO_DIS_HI.wav,data/raw/CREMA-D/AudioWAV/1088_IEO_DIS_HI.wav,1088,IEO,DIS,disgust
1088_IEO_DIS_LO.wav,data/raw/CREMA-D/AudioWAV/1088_IEO_DIS_LO.wav,1088,IEO,DIS,disgust
1088_IEO_DIS_MD.wav,data/raw/CREMA-D/AudioWAV/1088_IEO_DIS_MD.wav,1088,IEO,DIS,disgust
1088_IEO_FEA_HI.wav,data/raw/CREMA-D/AudioWAV/1088_IEO_FEA_HI.wav,1088,IEO,FEA,fear
1088_IEO_FEA_LO.wav,data/raw/CREMA-D/AudioWAV/1088_IEO_FEA_LO.wav,1088,IEO,FEA,fear
1088_IEO_FEA_MD.wav,data/raw/CREMA-D/AudioWAV/1088_IEO_FEA_MD.wav,1088,IEO,FEA,fear
1088_IEO_HAP_HI.wav,data/raw/CREMA-D/AudioWAV/1088_IEO_HAP_HI.wav,1088,IEO,HAP,happy
1088_IEO_HAP_LO.wav,data/raw/CREMA-D/AudioWAV/1088_IEO_HAP_LO.wav,1088,IEO,HAP,happy
1088_IEO_HAP_MD.wav,data/raw/CREMA-D/AudioWAV/1088_IEO_HAP_MD.wav,1088,IEO,HAP,happy
1088_IEO_NEU_XX.wav,data/raw/CREMA-D/AudioWAV/1088_IEO_NEU_XX.wav,1088,IEO,NEU,neutral
1088_IEO_SAD_HI.wav,data/raw/CREMA-D/AudioWAV/1088_IEO_SAD_HI.wav,1088,IEO,SAD,sad
1088_IEO_SAD_LO.wav,data/raw/CREMA-D/AudioWAV/1088_IEO_SAD_LO.wav,1088,IEO,SAD,sad
1088_IEO_SAD_MD.wav,data/raw/CREMA-D/AudioWAV/1088_IEO_SAD_MD.wav,1088,IEO,SAD,sad
1088_IOM_ANG_XX.wav,data/raw/CREMA-D/AudioWAV/1088_IOM_ANG_XX.wav,1088,IOM,ANG,angry
1088_IOM_DIS_XX.wav,data/raw/CREMA-D/AudioWAV/1088_IOM_DIS_XX.wav,1088,IOM,DIS,disgust
1088_IOM_FEA_XX.wav,data/raw/CREMA-D/AudioWAV/1088_IOM_FEA_XX.wav,1088,IOM,FEA,fear
1088_IOM_HAP_XX.wav,data/raw/CREMA-D/AudioWAV/1088_IOM_HAP_XX.wav,1088,IOM,HAP,happy
1088_IOM_NEU_XX.wav,data/raw/CREMA-D/AudioWAV/1088_IOM_NEU_XX.wav,1088,IOM,NEU,neutral
1088_IOM_SAD_XX.wav,data/raw/CREMA-D/AudioWAV/1088_IOM_SAD_XX.wav,1088,IOM,SAD,sad
1088_ITH_ANG_XX.wav,data/raw/CREMA-D/AudioWAV/1088_ITH_ANG_XX.wav,1088,ITH,ANG,angry
1088_ITH_DIS_XX.wav,data/raw/CREMA-D/AudioWAV/1088_ITH_DIS_XX.wav,1088,ITH,DIS,disgust
1088_ITH_FEA_XX.wav,data/raw/CREMA-D/AudioWAV/1088_ITH_FEA_XX.wav,1088,ITH,FEA,fear
1088_ITH_HAP_XX.wav,data/raw/CREMA-D/AudioWAV/1088_ITH_HAP_XX.wav,1088,ITH,HAP,happy
1088_ITH_NEU_XX.wav,data/raw/CREMA-D/AudioWAV/1088_ITH_NEU_XX.wav,1088,ITH,NEU,neutral
1088_ITH_SAD_XX.wav,data/raw/CREMA-D/AudioWAV/1088_ITH_SAD_XX.wav,1088,ITH,SAD,sad
1088_ITS_ANG_XX.wav,data/raw/CREMA-D/AudioWAV/1088_ITS_ANG_XX.wav,1088,ITS,ANG,angry
1088_ITS_DIS_XX.wav,data/raw/CREMA-D/AudioWAV/1088_ITS_DIS_XX.wav,1088,ITS,DIS,disgust
1088_ITS_FEA_XX.wav,data/raw/CREMA-D/AudioWAV/1088_ITS_FEA_XX.wav,1088,ITS,FEA,fear
1088_ITS_HAP_XX.wav,data/raw/CREMA-D/AudioWAV/1088_ITS_HAP_XX.wav,1088,ITS,HAP,happy
1088_ITS_NEU_XX.wav,data/raw/CREMA-D/AudioWAV/1088_ITS_NEU_XX.wav,1088,ITS,NEU,neutral
1088_ITS_SAD_XX.wav,data/raw/CREMA-D/AudioWAV/1088_ITS_SAD_XX.wav,1088,ITS,SAD,sad
1088_IWL_ANG_XX.wav,data/raw/CREMA-D/AudioWAV/1088_IWL_ANG_XX.wav,1088,IWL,ANG,angry
1088_IWL_DIS_XX.wav,data/raw/CREMA-D/AudioWAV/1088_IWL_DIS_XX.wav,1088,IWL,DIS,disgust
1088_IWL_FEA_XX.wav,data/raw/CREMA-D/AudioWAV/1088_IWL_FEA_XX.wav,1088,IWL,FEA,fear
1088_IWL_HAP_XX.wav,data/raw/CREMA-D/AudioWAV/1088_IWL_HAP_XX.wav,1088,IWL,HAP,happy
1088_IWL_NEU_XX.wav,data/raw/CREMA-D/AudioWAV/1088_IWL_NEU_XX.wav,1088,IWL,NEU,neutral
1088_IWL_SAD_XX.wav,data/raw/CREMA-D/AudioWAV/1088_IWL_SAD_XX.wav,1088,IWL,SAD,sad
1088_IWW_ANG_XX.wav,data/raw/CREMA-D/AudioWAV/1088_IWW_ANG_XX.wav,1088,IWW,ANG,angry
1088_IWW_DIS_XX.wav,data/raw/CREMA-D/AudioWAV/1088_IWW_DIS_XX.wav,1088,IWW,DIS,disgust
1088_IWW_FEA_XX.wav,data/raw/CREMA-D/AudioWAV/1088_IWW_FEA_XX.wav,1088,IWW,FEA,fear
1088_IWW_HAP_XX.wav,data/raw/CREMA-D/AudioWAV/1088_IWW_HAP_XX.wav,1088,IWW,HAP,happy
1088_IWW_NEU_XX.wav,data/raw/CREMA-D/AudioWAV/1088_IWW_NEU_XX.wav,1088,IWW,NEU,neutral
1088_IWW_SAD_XX.wav,data/raw/CREMA-D/AudioWAV/1088_IWW_SAD_XX.wav,1088,IWW,SAD,sad
1088_MTI_ANG_XX.wav,data/raw/CREMA-D/AudioWAV/1088_MTI_ANG_XX.wav,1088,MTI,ANG,angry
1088_MTI_DIS_XX.wav,data/raw/CREMA-D/AudioWAV/1088_MTI_DIS_XX.wav,1088,MTI,DIS,disgust
1088_MTI_FEA_XX.wav,data/raw/CREMA-D/AudioWAV/1088_MTI_FEA_XX.wav,1088,MTI,FEA,fear
1088_MTI_HAP_XX.wav,data/raw/CREMA-D/AudioWAV/1088_MTI_HAP_XX.wav,1088,MTI,HAP,happy
1088_MTI_NEU_XX.wav,data/raw/CREMA-D/AudioWAV/1088_MTI_NEU_XX.wav,1088,MTI,NEU,neutral
1088_MTI_SAD_XX.wav,data/raw/CREMA-D/AudioWAV/1088_MTI_SAD_XX.wav,1088,MTI,SAD,sad
1088_TAI_ANG_XX.wav,data/raw/CREMA-D/AudioWAV/1088_TAI_ANG_XX.wav,1088,TAI,ANG,angry
1088_TAI_DIS_XX.wav,data/raw/CREMA-D/AudioWAV/1088_TAI_DIS_XX.wav,1088,TAI,DIS,disgust
1088_TAI_FEA_XX.wav,data/raw/CREMA-D/AudioWAV/1088_TAI_FEA_XX.wav,1088,TAI,FEA,fear
1088_TAI_HAP_XX.wav,data/raw/CREMA-D/AudioWAV/1088_TAI_HAP_XX.wav,1088,TAI,HAP,happy
1088_TAI_NEU_XX.wav,data/raw/CREMA-D/AudioWAV/1088_TAI_NEU_XX.wav,1088,TAI,NEU,neutral
1088_TAI_SAD_XX.wav,data/raw/CREMA-D/AudioWAV/1088_TAI_SAD_XX.wav,1088,TAI,SAD,sad
1088_TIE_ANG_XX.wav,data/raw/CREMA-D/AudioWAV/1088_TIE_ANG_XX.wav,1088,TIE,ANG,angry
1088_TIE_DIS_XX.wav,data/raw/CREMA-D/AudioWAV/1088_TIE_DIS_XX.wav,1088,TIE,DIS,disgust
1088_TIE_FEA_XX.wav,data/raw/CREMA-D/AudioWAV/1088_TIE_FEA_XX.wav,1088,TIE,FEA,fear
1088_TIE_HAP_XX.wav,data/raw/CREMA-D/AudioWAV/1088_TIE_HAP_XX.wav,1088,TIE,HAP,happy
1088_TIE_NEU_XX.wav,data/raw/CREMA-D/AudioWAV/1088_TIE_NEU_XX.wav,1088,TIE,NEU,neutral
1088_TIE_SAD_XX.wav,data/raw/CREMA-D/AudioWAV/1088_TIE_SAD_XX.wav,1088,TIE,SAD,sad
1088_TSI_ANG_XX.wav,data/raw/CREMA-D/AudioWAV/1088_TSI_ANG_XX.wav,1088,TSI,ANG,angry
1088_TSI_DIS_XX.wav,data/raw/CREMA-D/AudioWAV/1088_TSI_DIS_XX.wav,1088,TSI,DIS,disgust
1088_TSI_FEA_XX.wav,data/raw/CREMA-D/AudioWAV/1088_TSI_FEA_XX.wav,1088,TSI,FEA,fear
1088_TSI_HAP_XX.wav,data/raw/CREMA-D/AudioWAV/1088_TSI_HAP_XX.wav,1088,TSI,HAP,happy
1088_TSI_NEU_XX.wav,data/raw/CREMA-D/AudioWAV/1088_TSI_NEU_XX.wav,1088,TSI,NEU,neutral
1088_TSI_SAD_XX.wav,data/raw/CREMA-D/AudioWAV/1088_TSI_SAD_XX.wav,1088,TSI,SAD,sad
1088_WSI_ANG_XX.wav,data/raw/CREMA-D/AudioWAV/1088_WSI_ANG_XX.wav,1088,WSI,ANG,angry
1088_WSI_DIS_XX.wav,data/raw/CREMA-D/AudioWAV/1088_WSI_DIS_XX.wav,1088,WSI,DIS,disgust
1088_WSI_FEA_XX.wav,data/raw/CREMA-D/AudioWAV/1088_WSI_FEA_XX.wav,1088,WSI,FEA,fear
1088_WSI_HAP_XX.wav,data/raw/CREMA-D/AudioWAV/1088_WSI_HAP_XX.wav,1088,WSI,HAP,happy
1088_WSI_NEU_XX.wav,data/raw/CREMA-D/AudioWAV/1088_WSI_NEU_XX.wav,1088,WSI,NEU,neutral
1088_WSI_SAD_XX.wav,data/raw/CREMA-D/AudioWAV/1088_WSI_SAD_XX.wav,1088,WSI,SAD,sad
1090_DFA_ANG_XX.wav,data/raw/CREMA-D/AudioWAV/1090_DFA_ANG_XX.wav,1090,DFA,ANG,angry
1090_DFA_DIS_XX.wav,data/raw/CREMA-D/AudioWAV/1090_DFA_DIS_XX.wav,1090,DFA,DIS,disgust
1090_DFA_FEA_XX.wav,data/raw/CREMA-D/AudioWAV/1090_DFA_FEA_XX.wav,1090,DFA,FEA,fear
1090_DFA_HAP_XX.wav,data/raw/CREMA-D/AudioWAV/1090_DFA_HAP_XX.wav,1090,DFA,HAP,happy
1090_DFA_NEU_XX.wav,data/raw/CREMA-D/AudioWAV/1090_DFA_NEU_XX.wav,1090,DFA,NEU,neutral
1090_DFA_SAD_XX.wav,data/raw/CREMA-D/AudioWAV/1090_DFA_SAD_XX.wav,1090,DFA,SAD,sad
1090_IEO_ANG_HI.wav,data/raw/CREMA-D/AudioWAV/1090_IEO_ANG_HI.wav,1090,IEO,ANG,angry
1090_IEO_ANG_LO.wav,data/raw/CREMA-D/AudioWAV/1090_IEO_ANG_LO.wav,1090,IEO,ANG,angry
1090_IEO_ANG_MD.wav,data/raw/CREMA-D/AudioWAV/1090_IEO_ANG_MD.wav,1090,IEO,ANG,angry
1090_IEO_DIS_HI.wav,data/raw/CREMA-D/AudioWAV/1090_IEO_DIS_HI.wav,1090,IEO,DIS,disgust
1090_IEO_DIS_LO.wav,data/raw/CREMA-D/AudioWAV/1090_IEO_DIS_LO.wav,1090,IEO,DIS,disgust
1090_IEO_DIS_MD.wav,data/raw/CREMA-D/AudioWAV/1090_IEO_DIS_MD.wav,1090,IEO,DIS,disgust
1090_IEO_FEA_HI.wav,data/raw/CREMA-D/AudioWAV/1090_IEO_FEA_HI.wav,1090,IEO,FEA,fear
1090_IEO_FEA_LO.wav,data/raw/CREMA-D/AudioWAV/1090_IEO_FEA_LO.wav,1090,IEO,FEA,fear
1090_IEO_FEA_MD.wav,data/raw/CREMA-D/AudioWAV/1090_IEO_FEA_MD.wav,1090,IEO,FEA,fear
1090_IEO_HAP_HI.wav,data/raw/CREMA-D/AudioWAV/1090_IEO_HAP_HI.wav,1090,IEO,HAP,happy
1090_IEO_HAP_LO.wav,data/raw/CREMA-D/AudioWAV/1090_IEO_HAP_LO.wav,1090,IEO,HAP,happy
1090_IEO_HAP_MD.wav,data/raw/CREMA-D/AudioWAV/1090_IEO_HAP_MD.wav,1090,IEO,HAP,happy
1090_IEO_NEU_XX.wav,data/raw/CREMA-D/AudioWAV/1090_IEO_NEU_XX.wav,1090,IEO,NEU,neutral
1090_IEO_SAD_HI.wav,data/raw/CREMA-D/AudioWAV/1090_IEO_SAD_HI.wav,1090,IEO,SAD,sad
1090_IEO_SAD_LO.wav,data/raw/CREMA-D/AudioWAV/1090_IEO_SAD_LO.wav,1090,IEO,SAD,sad
1090_IEO_SAD_MD.wav,data/raw/CREMA-D/AudioWAV/1090_IEO_SAD_MD.wav,1090,IEO,SAD,sad
1090_IOM_ANG_XX.wav,data/raw/CREMA-D/AudioWAV/1090_IOM_ANG_XX.wav,1090,IOM,ANG,angry
1090_IOM_DIS_XX.wav,data/raw/CREMA-D/AudioWAV/1090_IOM_DIS_XX.wav,1090,IOM,DIS,disgust
1090_IOM_FEA_XX.wav,data/raw/CREMA-D/AudioWAV/1090_IOM_FEA_XX.wav,1090,IOM,FEA,fear
1090_IOM_HAP_XX.wav,data/raw/CREMA-D/AudioWAV/1090_IOM_HAP_XX.wav,1090,IOM,HAP,happy
1090_IOM_NEU_XX.wav,data/raw/CREMA-D/AudioWAV/1090_IOM_NEU_XX.wav,1090,IOM,NEU,neutral
1090_IOM_SAD_XX.wav,data/raw/CREMA-D/AudioWAV/1090_IOM_SAD_XX.wav,1090,IOM,SAD,sad
1090_ITH_ANG_XX.wav,data/raw/CREMA-D/AudioWAV/1090_ITH_ANG_XX.wav,1090,ITH,ANG,angry
1090_ITH_DIS_XX.wav,data/raw/CREMA-D/AudioWAV/1090_ITH_DIS_XX.wav,1090,ITH,DIS,disgust
1090_ITH_FEA_XX.wav,data/raw/CREMA-D/AudioWAV/1090_ITH_FEA_XX.wav,1090,ITH,FEA,fear
1090_ITH_HAP_XX.wav,data/raw/CREMA-D/AudioWAV/1090_ITH_HAP_XX.wav,1090,ITH,HAP,happy
1090_ITH_NEU_XX.wav,data/raw/CREMA-D/AudioWAV/1090_ITH_NEU_XX.wav,1090,ITH,NEU,neutral
1090_ITH_SAD_XX.wav,data/raw/CREMA-D/AudioWAV/1090_ITH_SAD_XX.wav,1090,ITH,SAD,sad
1090_ITS_ANG_XX.wav,data/raw/CREMA-D/AudioWAV/1090_ITS_ANG_XX.wav,1090,ITS,ANG,angry
1090_ITS_DIS_XX.wav,data/raw/CREMA-D/AudioWAV/1090_ITS_DIS_XX.wav,1090,ITS,DIS,disgust
1090_ITS_FEA_XX.wav,data/raw/CREMA-D/AudioWAV/1090_ITS_FEA_XX.wav,1090,ITS,FEA,fear
1090_ITS_HAP_XX.wav,data/raw/CREMA-D/AudioWAV/1090_ITS_HAP_XX.wav,1090,ITS,HAP,happy
1090_ITS_NEU_XX.wav,data/raw/CREMA-D/AudioWAV/1090_ITS_NEU_XX.wav,1090,ITS,NEU,neutral
1090_ITS_SAD_XX.wav,data/raw/CREMA-D/AudioWAV/1090_ITS_SAD_XX.wav,1090,ITS,SAD,sad
1090_IWL_ANG_XX.wav,data/raw/CREMA-D/AudioWAV/1090_IWL_ANG_XX.wav,1090,IWL,ANG,angry
1090_IWL_DIS_XX.wav,data/raw/CREMA-D/AudioWAV/1090_IWL_DIS_XX.wav,1090,IWL,DIS,disgust
1090_IWL_FEA_XX.wav,data/raw/CREMA-D/AudioWAV/1090_IWL_FEA_XX.wav,1090,IWL,FEA,fear
1090_IWL_HAP_XX.wav,data/raw/CREMA-D/AudioWAV/1090_IWL_HAP_XX.wav,1090,IWL,HAP,happy
1090_IWL_NEU_XX.wav,data/raw/CREMA-D/AudioWAV/1090_IWL_NEU_XX.wav,1090,IWL,NEU,neutral
1090_IWL_SAD_XX.wav,data/raw/CREMA-D/AudioWAV/1090_IWL_SAD_XX.wav,1090,IWL,SAD,sad
1090_IWW_ANG_XX.wav,data/raw/CREMA-D/AudioWAV/1090_IWW_ANG_XX.wav,1090,IWW,ANG,angry
1090_IWW_DIS_XX.wav,data/raw/CREMA-D/AudioWAV/1090_IWW_DIS_XX.wav,1090,IWW,DIS,disgust
1090_IWW_FEA_XX.wav,data/raw/CREMA-D/AudioWAV/1090_IWW_FEA_XX.wav,1090,IWW,FEA,fear
1090_IWW_HAP_XX.wav,data/raw/CREMA-D/AudioWAV/1090_IWW_HAP_XX.wav,1090,IWW,HAP,happy
1090_IWW_NEU_XX.wav,data/raw/CREMA-D/AudioWAV/1090_IWW_NEU_XX.wav,1090,IWW,NEU,neutral
1090_IWW_SAD_XX.wav,data/raw/CREMA-D/AudioWAV/1090_IWW_SAD_XX.wav,1090,IWW,SAD,sad
1090_MTI_ANG_XX.wav,data/raw/CREMA-D/AudioWAV/1090_MTI_ANG_XX.wav,1090,MTI,ANG,angry
1090_MTI_DIS_XX.wav,data/raw/CREMA-D/AudioWAV/1090_MTI_DIS_XX.wav,1090,MTI,DIS,disgust
1090_MTI_FEA_XX.wav,data/raw/CREMA-D/AudioWAV/1090_MTI_FEA_XX.wav,1090,MTI,FEA,fear
1090_MTI_HAP_XX.wav,data/raw/CREMA-D/AudioWAV/1090_MTI_HAP_XX.wav,1090,MTI,HAP,happy
1090_MTI_NEU_XX.wav,data/raw/CREMA-D/AudioWAV/1090_MTI_NEU_XX.wav,1090,MTI,NEU,neutral
1090_MTI_SAD_XX.wav,data/raw/CREMA-D/AudioWAV/1090_MTI_SAD_XX.wav,1090,MTI,SAD,sad
1090_TAI_ANG_XX.wav,data/raw/CREMA-D/AudioWAV/1090_TAI_ANG_XX.wav,1090,TAI,ANG,angry
1090_TAI_DIS_XX.wav,data/raw/CREMA-D/AudioWAV/1090_TAI_DIS_XX.wav,1090,TAI,DIS,disgust
1090_TAI_FEA_XX.wav,data/raw/CREMA-D/AudioWAV/1090_TAI_FEA_XX.wav,1090,TAI,FEA,fear
1090_TAI_HAP_XX.wav,data/raw/CREMA-D/AudioWAV/1090_TAI_HAP_XX.wav,1090,TAI,HAP,happy
1090_TAI_NEU_XX.wav,data/raw/CREMA-D/AudioWAV/1090_TAI_NEU_XX.wav,1090,TAI,NEU,neutral
1090_TAI_SAD_XX.wav,data/raw/CREMA-D/AudioWAV/1090_TAI_SAD_XX.wav,1090,TAI,SAD,sad
1090_TIE_ANG_XX.wav,data/raw/CREMA-D/AudioWAV/1090_TIE_ANG_XX.wav,1090,TIE,ANG,angry
1090_TIE_DIS_XX.wav,data/raw/CREMA-D/AudioWAV/1090_TIE_DIS_XX.wav,1090,TIE,DIS,disgust
1090_TIE_FEA_XX.wav,data/raw/CREMA-D/AudioWAV/1090_TIE_FEA_XX.wav,1090,TIE,FEA,fear
1090_TIE_HAP_XX.wav,data/raw/CREMA-D/AudioWAV/1090_TIE_HAP_XX.wav,1090,TIE,HAP,happy
1090_TIE_NEU_XX.wav,data/raw/CREMA-D/AudioWAV/1090_TIE_NEU_XX.wav,1090,TIE,NEU,neutral
1090_TIE_SAD_XX.wav,data/raw/CREMA-D/AudioWAV/1090_TIE_SAD_XX.wav,1090,TIE,SAD,sad
1090_TSI_ANG_XX.wav,data/raw/CREMA-D/AudioWAV/1090_TSI_ANG_XX.wav,1090,TSI,ANG,angry
1090_TSI_DIS_XX.wav,data/raw/CREMA-D/AudioWAV/1090_TSI_DIS_XX.wav,1090,TSI,DIS,disgust
1090_TSI_FEA_XX.wav,data/raw/CREMA-D/AudioWAV/1090_TSI_FEA_XX.wav,1090,TSI,FEA,fear
1090_TSI_HAP_XX.wav,data/raw/CREMA-D/AudioWAV/1090_TSI_HAP_XX.wav,1090,TSI,HAP,happy
1090_TSI_NEU_XX.wav,data/raw/CREMA-D/AudioWAV/1090_TSI_NEU_XX.wav,1090,TSI,NEU,neutral
1090_TSI_SAD_XX.wav,data/raw/CREMA-D/AudioWAV/1090_TSI_SAD_XX.wav,1090,TSI,SAD,sad
1090_WSI_ANG_XX.wav,data/raw/CREMA-D/AudioWAV/1090_WSI_ANG_XX.wav,1090,WSI,ANG,angry
1090_WSI_DIS_XX.wav,data/raw/CREMA-D/AudioWAV/1090_WSI_DIS_XX.wav,1090,WSI,DIS,disgust
1090_WSI_FEA_XX.wav,data/raw/CREMA-D/AudioWAV/1090_WSI_FEA_XX.wav,1090,WSI,FEA,fear
1090_WSI_HAP_XX.wav,data/raw/CREMA-D/AudioWAV/1090_WSI_HAP_XX.wav,1090,WSI,HAP,happy
1090_WSI_NEU_XX.wav,data/raw/CREMA-D/AudioWAV/1090_WSI_NEU_XX.wav,1090,WSI,NEU,neutral
1090_WSI_SAD_XX.wav,data/raw/CREMA-D/AudioWAV/1090_WSI_SAD_XX.wav,1090,WSI,SAD,sad
1091_DFA_ANG_XX.wav,data/raw/CREMA-D/AudioWAV/1091_DFA_ANG_XX.wav,1091,DFA,ANG,angry
1091_DFA_DIS_XX.wav,data/raw/CREMA-D/AudioWAV/1091_DFA_DIS_XX.wav,1091,DFA,DIS,disgust
1091_DFA_FEA_XX.wav,data/raw/CREMA-D/AudioWAV/1091_DFA_FEA_XX.wav,1091,DFA,FEA,fear
1091_DFA_HAP_XX.wav,data/raw/CREMA-D/AudioWAV/1091_DFA_HAP_XX.wav,1091,DFA,HAP,happy
1091_DFA_NEU_XX.wav,data/raw/CREMA-D/AudioWAV/1091_DFA_NEU_XX.wav,1091,DFA,NEU,neutral
1091_DFA_SAD_XX.wav,data/raw/CREMA-D/AudioWAV/1091_DFA_SAD_XX.wav,1091,DFA,SAD,sad
1091_IEO_ANG_HI.wav,data/raw/CREMA-D/AudioWAV/1091_IEO_ANG_HI.wav,1091,IEO,ANG,angry
1091_IEO_ANG_LO.wav,data/raw/CREMA-D/AudioWAV/1091_IEO_ANG_LO.wav,1091,IEO,ANG,angry
1091_IEO_ANG_MD.wav,data/raw/CREMA-D/AudioWAV/1091_IEO_ANG_MD.wav,1091,IEO,ANG,angry
1091_IEO_DIS_HI.wav,data/raw/CREMA-D/AudioWAV/1091_IEO_DIS_HI.wav,1091,IEO,DIS,disgust
1091_IEO_DIS_LO.wav,data/raw/CREMA-D/AudioWAV/1091_IEO_DIS_LO.wav,1091,IEO,DIS,disgust
1091_IEO_DIS_MD.wav,data/raw/CREMA-D/AudioWAV/1091_IEO_DIS_MD.wav,1091,IEO,DIS,disgust
1091_IEO_FEA_HI.wav,data/raw/CREMA-D/AudioWAV/1091_IEO_FEA_HI.wav,1091,IEO,FEA,fear
1091_IEO_FEA_LO.wav,data/raw/CREMA-D/AudioWAV/1091_IEO_FEA_LO.wav,1091,IEO,FEA,fear
1091_IEO_FEA_MD.wav,data/raw/CREMA-D/AudioWAV/1091_IEO_FEA_MD.wav,1091,IEO,FEA,fear
1091_IEO_HAP_HI.wav,data/raw/CREMA-D/AudioWAV/1091_IEO_HAP_HI.wav,1091,IEO,HAP,happy
1091_IEO_HAP_LO.wav,data/raw/CREMA-D/AudioWAV/1091_IEO_HAP_LO.wav,1091,IEO,HAP,happy
1091_IEO_HAP_MD.wav,data/raw/CREMA-D/AudioWAV/1091_IEO_HAP_MD.wav,1091,IEO,HAP,happy
1091_IEO_NEU_XX.wav,data/raw/CREMA-D/AudioWAV/1091_IEO_NEU_XX.wav,1091,IEO,NEU,neutral
1091_IEO_SAD_HI.wav,data/raw/CREMA-D/AudioWAV/1091_IEO_SAD_HI.wav,1091,IEO,SAD,sad
1091_IEO_SAD_LO.wav,data/raw/CREMA-D/AudioWAV/1091_IEO_SAD_LO.wav,1091,IEO,SAD,sad
1091_IEO_SAD_MD.wav,data/raw/CREMA-D/AudioWAV/1091_IEO_SAD_MD.wav,1091,IEO,SAD,sad
1091_IOM_ANG_XX.wav,data/raw/CREMA-D/AudioWAV/1091_IOM_ANG_XX.wav,1091,IOM,ANG,angry
1091_IOM_DIS_XX.wav,data/raw/CREMA-D/AudioWAV/1091_IOM_DIS_XX.wav,1091,IOM,DIS,disgust
1091_IOM_FEA_XX.wav,data/raw/CREMA-D/AudioWAV/1091_IOM_FEA_XX.wav,1091,IOM,FEA,fear
1091_IOM_HAP_XX.wav,data/raw/CREMA-D/AudioWAV/1091_IOM_HAP_XX.wav,1091,IOM,HAP,happy
1091_IOM_NEU_XX.wav,data/raw/CREMA-D/AudioWAV/1091_IOM_NEU_XX.wav,1091,IOM,NEU,neutral
1091_IOM_SAD_XX.wav,data/raw/CREMA-D/AudioWAV/1091_IOM_SAD_XX.wav,1091,IOM,SAD,sad
1091_ITH_ANG_XX.wav,data/raw/CREMA-D/AudioWAV/1091_ITH_ANG_XX.wav,1091,ITH,ANG,angry
1091_ITH_DIS_XX.wav,data/raw/CREMA-D/AudioWAV/1091_ITH_DIS_XX.wav,1091,ITH,DIS,disgust
1091_ITH_FEA_XX.wav,data/raw/CREMA-D/AudioWAV/1091_ITH_FEA_XX.wav,1091,ITH,FEA,fear
1091_ITH_HAP_XX.wav,data/raw/CREMA-D/AudioWAV/1091_ITH_HAP_XX.wav,1091,ITH,HAP,happy
1091_ITH_NEU_XX.wav,data/raw/CREMA-D/AudioWAV/1091_ITH_NEU_XX.wav,1091,ITH,NEU,neutral
1091_ITH_SAD_XX.wav,data/raw/CREMA-D/AudioWAV/1091_ITH_SAD_XX.wav,1091,ITH,SAD,sad
1091_ITS_ANG_XX.wav,data/raw/CREMA-D/AudioWAV/1091_ITS_ANG_XX.wav,1091,ITS,ANG,angry
1091_ITS_DIS_XX.wav,data/raw/CREMA-D/AudioWAV/1091_ITS_DIS_XX.wav,1091,ITS,DIS,disgust
1091_ITS_FEA_XX.wav,data/raw/CREMA-D/AudioWAV/1091_ITS_FEA_XX.wav,1091,ITS,FEA,fear
1091_ITS_HAP_XX.wav,data/raw/CREMA-D/AudioWAV/1091_ITS_HAP_XX.wav,1091,ITS,HAP,happy
1091_ITS_NEU_XX.wav,data/raw/CREMA-D/AudioWAV/1091_ITS_NEU_XX.wav,1091,ITS,NEU,neutral
1091_ITS_SAD_XX.wav,data/raw/CREMA-D/AudioWAV/1091_ITS_SAD_XX.wav,1091,ITS,SAD,sad
1091_IWL_ANG_XX.wav,data/raw/CREMA-D/AudioWAV/1091_IWL_ANG_XX.wav,1091,IWL,ANG,angry
1091_IWL_DIS_XX.wav,data/raw/CREMA-D/AudioWAV/1091_IWL_DIS_XX.wav,1091,IWL,DIS,disgust
1091_IWL_FEA_XX.wav,data/raw/CREMA-D/AudioWAV/1091_IWL_FEA_XX.wav,1091,IWL,FEA,fear
1091_IWL_HAP_XX.wav,data/raw/CREMA-D/AudioWAV/1091_IWL_HAP_XX.wav,1091,IWL,HAP,happy
1091_IWL_NEU_XX.wav,data/raw/CREMA-D/AudioWAV/1091_IWL_NEU_XX.wav,1091,IWL,NEU,neutral
1091_IWL_SAD_XX.wav,data/raw/CREMA-D/AudioWAV/1091_IWL_SAD_XX.wav,1091,IWL,SAD,sad
1091_IWW_ANG_XX.wav,data/raw/CREMA-D/AudioWAV/1091_IWW_ANG_XX.wav,1091,IWW,ANG,angry
1091_IWW_DIS_XX.wav,data/raw/CREMA-D/AudioWAV/1091_IWW_DIS_XX.wav,1091,IWW,DIS,disgust
1091_IWW_FEA_XX.wav,data/raw/CREMA-D/AudioWAV/1091_IWW_FEA_XX.wav,1091,IWW,FEA,fear
1091_IWW_HAP_XX.wav,data/raw/CREMA-D/AudioWAV/1091_IWW_HAP_XX.wav,1091,IWW,HAP,happy
1091_IWW_NEU_XX.wav,data/raw/CREMA-D/AudioWAV/1091_IWW_NEU_XX.wav,1091,IWW,NEU,neutral
1091_IWW_SAD_XX.wav,data/raw/CREMA-D/AudioWAV/1091_IWW_SAD_XX.wav,1091,IWW,SAD,sad
1091_MTI_ANG_XX.wav,data/raw/CREMA-D/AudioWAV/1091_MTI_ANG_XX.wav,1091,MTI,ANG,angry
1091_MTI_DIS_XX.wav,data/raw/CREMA-D/AudioWAV/1091_MTI_DIS_XX.wav,1091,MTI,DIS,disgust
1091_MTI_FEA_XX.wav,data/raw/CREMA-D/AudioWAV/1091_MTI_FEA_XX.wav,1091,MTI,FEA,fear
1091_MTI_HAP_XX.wav,data/raw/CREMA-D/AudioWAV/1091_MTI_HAP_XX.wav,1091,MTI,HAP,happy
1091_MTI_NEU_XX.wav,data/raw/CREMA-D/AudioWAV/1091_MTI_NEU_XX.wav,1091,MTI,NEU,neutral
1091_MTI_SAD_XX.wav,data/raw/CREMA-D/AudioWAV/1091_MTI_SAD_XX.wav,1091,MTI,SAD,sad
1091_TAI_ANG_XX.wav,data/raw/CREMA-D/AudioWAV/1091_TAI_ANG_XX.wav,1091,TAI,ANG,angry
1091_TAI_DIS_XX.wav,data/raw/CREMA-D/AudioWAV/1091_TAI_DIS_XX.wav,1091,TAI,DIS,disgust
1091_TAI_FEA_XX.wav,data/raw/CREMA-D/AudioWAV/1091_TAI_FEA_XX.wav,1091,TAI,FEA,fear
1091_TAI_HAP_XX.wav,data/raw/CREMA-D/AudioWAV/1091_TAI_HAP_XX.wav,1091,TAI,HAP,happy
1091_TAI_NEU_XX.wav,data/raw/CREMA-D/AudioWAV/1091_TAI_NEU_XX.wav,1091,TAI,NEU,neutral
1091_TAI_SAD_XX.wav,data/raw/CREMA-D/AudioWAV/1091_TAI_SAD_XX.wav,1091,TAI,SAD,sad
1091_TIE_ANG_XX.wav,data/raw/CREMA-D/AudioWAV/1091_TIE_ANG_XX.wav,1091,TIE,ANG,angry
1091_TIE_DIS_XX.wav,data/raw/CREMA-D/AudioWAV/1091_TIE_DIS_XX.wav,1091,TIE,DIS,disgust
1091_TIE_FEA_XX.wav,data/raw/CREMA-D/AudioWAV/1091_TIE_FEA_XX.wav,1091,TIE,FEA,fear
1091_TIE_HAP_XX.wav,data/raw/CREMA-D/AudioWAV/1091_TIE_HAP_XX.wav,1091,TIE,HAP,happy
1091_TIE_NEU_XX.wav,data/raw/CREMA-D/AudioWAV/1091_TIE_NEU_XX.wav,1091,TIE,NEU,neutral
1091_TIE_SAD_XX.wav,data/raw/CREMA-D/AudioWAV/1091_TIE_SAD_XX.wav,1091,TIE,SAD,sad
1091_TSI_ANG_XX.wav,data/raw/CREMA-D/AudioWAV/1091_TSI_ANG_XX.wav,1091,TSI,ANG,angry
1091_TSI_DIS_XX.wav,data/raw/CREMA-D/AudioWAV/1091_TSI_DIS_XX.wav,1091,TSI,DIS,disgust
1091_TSI_FEA_XX.wav,data/raw/CREMA-D/AudioWAV/1091_TSI_FEA_XX.wav,1091,TSI,FEA,fear
1091_TSI_HAP_XX.wav,data/raw/CREMA-D/AudioWAV/1091_TSI_HAP_XX.wav,1091,TSI,HAP,happy
1091_TSI_NEU_XX.wav,data/raw/CREMA-D/AudioWAV/1091_TSI_NEU_XX.wav,1091,TSI,NEU,neutral
1091_TSI_SAD_XX.wav,data/raw/CREMA-D/AudioWAV/1091_TSI_SAD_XX.wav,1091,TSI,SAD,sad
1091_WSI_ANG_XX.wav,data/raw/CREMA-D/AudioWAV/1091_WSI_ANG_XX.wav,1091,WSI,ANG,angry
1091_WSI_DIS_XX.wav,data/raw/CREMA-D/AudioWAV/1091_WSI_DIS_XX.wav,1091,WSI,DIS,disgust
1091_WSI_FEA_XX.wav,data/raw/CREMA-D/AudioWAV/1091_WSI_FEA_XX.wav,1091,WSI,FEA,fear
1091_WSI_HAP_XX.wav,data/raw/CREMA-D/AudioWAV/1091_WSI_HAP_XX.wav,1091,WSI,HAP,happy
1091_WSI_NEU_XX.wav,data/raw/CREMA-D/AudioWAV/1091_WSI_NEU_XX.wav,1091,WSI,NEU,neutral
1091_WSI_SAD_XX.wav,data/raw/CREMA-D/AudioWAV/1091_WSI_SAD_XX.wav,1091,WSI,SAD,sad
